"../../../Engine/Plugins/2D/Paper2D/Content/PlaceholderTextures/DummySpriteTexture.ubulk" 0
"../../../Engine/Plugins/2D/Paper2D/Content/PlaceholderTextures/DummySpriteTexture.uasset" 1
"../../../Engine/Plugins/2D/Paper2D/Content/PlaceholderTextures/DummySpriteTexture.uexp" 2
"../../../Engine/Plugins/2D/Paper2D/Content/DummySprite.uasset" 3
"../../../Engine/Plugins/2D/Paper2D/Content/DummySprite.uexp" 4
"../../../Engine/Plugins/2D/Paper2D/Content/DefaultPaperTerrainMaterial.uasset" 5
"../../../Engine/Plugins/2D/Paper2D/Content/DefaultPaperTerrainMaterial.uexp" 6
"../../../Engine/Content/EngineMaterials/DefaultPhysicalMaterial.uasset" 7
"../../../Engine/Content/EngineMaterials/DefaultPhysicalMaterial.uexp" 8
"../../../Engine/Content/EngineMaterials/DefaultDestructiblePhysicalMaterial.uasset" 9
"../../../Engine/Content/EngineMaterials/DefaultDestructiblePhysicalMaterial.uexp" 10
"../../../Engine/Content/EngineFonts/Faces/DroidSansFallback.uexp" 11
"../../../Engine/Content/EngineFonts/Faces/DroidSansFallback.uasset" 12
"../../../Engine/Content/EngineFonts/Faces/DroidSansFallback.ufont" 13
"../../../Engine/Content/EngineFonts/Faces/RobotoBold.uexp" 14
"../../../Engine/Content/EngineFonts/Faces/RobotoBold.uasset" 15
"../../../Engine/Content/EngineFonts/Faces/RobotoBold.ufont" 16
"../../../Engine/Content/EngineFonts/Faces/RobotoBoldItalic.uexp" 17
"../../../Engine/Content/EngineFonts/Faces/RobotoBoldItalic.uasset" 18
"../../../Engine/Content/EngineFonts/Faces/RobotoBoldItalic.ufont" 19
"../../../Engine/Content/EngineFonts/Faces/RobotoItalic.uexp" 20
"../../../Engine/Content/EngineFonts/Faces/RobotoItalic.uasset" 21
"../../../Engine/Content/EngineFonts/Faces/RobotoItalic.ufont" 22
"../../../Engine/Content/EngineFonts/Faces/RobotoLight.uexp" 23
"../../../Engine/Content/EngineFonts/Faces/RobotoLight.uasset" 24
"../../../Engine/Content/EngineFonts/Faces/RobotoLight.ufont" 25
"../../../Engine/Content/EngineFonts/Faces/RobotoRegular.uexp" 26
"../../../Engine/Content/EngineFonts/Faces/RobotoRegular.uasset" 27
"../../../Engine/Content/EngineFonts/Faces/RobotoRegular.ufont" 28
"../../../Engine/Content/EngineFonts/Roboto.uasset" 29
"../../../Engine/Content/EngineFonts/Roboto.uexp" 30
"../../../Engine/Content/EngineFonts/Faces/DroidSansMono.uexp" 31
"../../../Engine/Content/EngineFonts/Faces/DroidSansMono.uasset" 32
"../../../Engine/Content/EngineFonts/Faces/DroidSansMono.ufont" 33
"../../../Engine/Content/EngineFonts/DroidSansMono.uasset" 34
"../../../Engine/Content/EngineFonts/DroidSansMono.uexp" 35
"../../../Engine/Plugins/Interchange/Runtime/Content/Pipelines/DefaultTexturePipeline.uasset" 36
"../../../Engine/Plugins/Interchange/Runtime/Content/Pipelines/DefaultTexturePipeline.uexp" 37
"../../../Engine/Plugins/Interchange/Runtime/Content/Pipelines/DefaultSceneLevelPipeline.uasset" 38
"../../../Engine/Plugins/Interchange/Runtime/Content/Pipelines/DefaultSceneLevelPipeline.uexp" 39
"../../../Engine/Plugins/Interchange/Runtime/Content/Pipelines/DefaultSceneAssetsPipeline.uasset" 40
"../../../Engine/Plugins/Interchange/Runtime/Content/Pipelines/DefaultSceneAssetsPipeline.uexp" 41
"../../../Engine/Plugins/Interchange/Runtime/Content/Pipelines/DefaultMaterialXPipeline.uasset" 42
"../../../Engine/Plugins/Interchange/Runtime/Content/Pipelines/DefaultMaterialXPipeline.uexp" 43
"../../../Engine/Plugins/Interchange/Runtime/Content/Pipelines/DefaultMaterialPipeline.uasset" 44
"../../../Engine/Plugins/Interchange/Runtime/Content/Pipelines/DefaultMaterialPipeline.uexp" 45
"../../../Engine/Plugins/Interchange/Runtime/Content/Pipelines/DefaultGLTFSceneAssetsPipeline.uasset" 46
"../../../Engine/Plugins/Interchange/Runtime/Content/Pipelines/DefaultGLTFSceneAssetsPipeline.uexp" 47
"../../../Engine/Plugins/Interchange/Runtime/Content/Pipelines/DefaultGLTFPipeline.uasset" 48
"../../../Engine/Plugins/Interchange/Runtime/Content/Pipelines/DefaultGLTFPipeline.uexp" 49
"../../../Engine/Plugins/Interchange/Runtime/Content/Pipelines/DefaultGLTFAssetsPipeline.uasset" 50
"../../../Engine/Plugins/Interchange/Runtime/Content/Pipelines/DefaultGLTFAssetsPipeline.uexp" 51
"../../../Engine/Plugins/Interchange/Runtime/Content/Pipelines/DefaultAssetsPipeline.uasset" 52
"../../../Engine/Plugins/Interchange/Runtime/Content/Pipelines/DefaultAssetsPipeline.uexp" 53
"../../../Engine/Content/EngineSounds/Master.uasset" 54
"../../../Engine/Content/EngineSounds/Master.uexp" 55
"../../../Engine/Content/EngineResources/GradientTexture0.uasset" 56
"../../../Engine/Content/EngineResources/GradientTexture0.uexp" 57
"../../../Engine/Plugins/NNE/NNEDenoiser/Content/NNEDTOM_Output_Default.uasset" 58
"../../../Engine/Plugins/NNE/NNEDenoiser/Content/NNEDTOM_Output_Default.uexp" 59
"../../../Engine/Plugins/NNE/NNEDenoiser/Content/NNEDTOM_Output_Alpha.uasset" 60
"../../../Engine/Plugins/NNE/NNEDenoiser/Content/NNEDTOM_Output_Alpha.uexp" 61
"../../../Engine/Plugins/NNE/NNEDenoiser/Content/NNEDTIM_ColorAlbedoNormal_Default.uasset" 62
"../../../Engine/Plugins/NNE/NNEDenoiser/Content/NNEDTIM_ColorAlbedoNormal_Default.uexp" 63
"../../../Engine/Plugins/NNE/NNEDenoiser/Content/NNEDTIM_ColorAlbedoNormal_Alpha.uasset" 64
"../../../Engine/Plugins/NNE/NNEDenoiser/Content/NNEDTIM_ColorAlbedoNormal_Alpha.uexp" 65
"../../../Engine/Plugins/NNE/NNEDenoiser/Content/NNEDOM_Output_Default.uasset" 66
"../../../Engine/Plugins/NNE/NNEDenoiser/Content/NNEDOM_Output_Default.uexp" 67
"../../../Engine/Plugins/NNE/NNEDenoiser/Content/NNEDOM_Output_Alpha.uasset" 68
"../../../Engine/Plugins/NNE/NNEDenoiser/Content/NNEDOM_Output_Alpha.uexp" 69
"../../../Engine/Plugins/NNE/NNEDenoiser/Content/NNEDIM_HighQuality_Default.uasset" 70
"../../../Engine/Plugins/NNE/NNEDenoiser/Content/NNEDIM_HighQuality_Default.uexp" 71
"../../../Engine/Plugins/NNE/NNEDenoiser/Content/NNEDIM_HighQuality_Alpha.uasset" 72
"../../../Engine/Plugins/NNE/NNEDenoiser/Content/NNEDIM_HighQuality_Alpha.uexp" 73
"../../../Engine/Plugins/NNE/NNEDenoiser/Content/NNEDIM_ColorAlbedoNormal_Default.uasset" 74
"../../../Engine/Plugins/NNE/NNEDenoiser/Content/NNEDIM_ColorAlbedoNormal_Default.uexp" 75
"../../../Engine/Plugins/NNE/NNEDenoiser/Content/NNEDIM_ColorAlbedoNormal_Alpha.uasset" 76
"../../../Engine/Plugins/NNE/NNEDenoiser/Content/NNEDIM_ColorAlbedoNormal_Alpha.uexp" 77
"../../../Engine/Content/EngineResources/DefaultTexture.ubulk" 78
"../../../Engine/Content/EngineResources/DefaultTexture.uasset" 79
"../../../Engine/Content/EngineResources/DefaultTexture.uexp" 80
"../../../Engine/Content/EngineMaterials/PreintegratedSkinBRDF.uasset" 81
"../../../Engine/Content/EngineMaterials/PreintegratedSkinBRDF.uexp" 82
"../../../Engine/Content/EngineMaterials/MiniFont.uasset" 83
"../../../Engine/Content/EngineMaterials/MiniFont.uexp" 84
"../../../Engine/Content/EngineMaterials/FastBlueNoise_vec2_128x128x64.uasset" 85
"../../../Engine/Content/EngineMaterials/FastBlueNoise_vec2_128x128x64.uexp" 86
"../../../Engine/Content/EngineMaterials/FastBlueNoise_scalar_128x128x8.uasset" 87
"../../../Engine/Content/EngineMaterials/FastBlueNoise_scalar_128x128x8.uexp" 88
"../../../Engine/Content/EngineMaterials/FastBlueNoise_scalar_128x128x64.uasset" 89
"../../../Engine/Content/EngineMaterials/FastBlueNoise_scalar_128x128x64.uexp" 90
"../../../Engine/Content/EngineMaterials/DefaultWhiteGrid.ubulk" 91
"../../../Engine/Content/EngineMaterials/DefaultWhiteGrid.uasset" 92
"../../../Engine/Content/EngineMaterials/DefaultWhiteGrid.uexp" 93
"../../../Engine/Content/EngineMaterials/DefaultBokeh.uasset" 94
"../../../Engine/Content/EngineMaterials/DefaultBokeh.uexp" 95
"../../../Engine/Content/EngineMaterials/DefaultBloomKernel.uasset" 96
"../../../Engine/Content/EngineMaterials/DefaultBloomKernel.uexp" 97
"../../../Engine/Content/EditorResources/S_TriggerSphere.uasset" 98
"../../../Engine/Content/EditorResources/S_TriggerSphere.uexp" 99
"../../../Engine/Content/EditorResources/S_TriggerCapsule.uasset" 100
"../../../Engine/Content/EditorResources/S_TriggerCapsule.uexp" 101
"../../../Engine/Content/EditorResources/S_TriggerBox.uasset" 102
"../../../Engine/Content/EditorResources/S_TriggerBox.uexp" 103
"../../../Engine/Content/EditorResources/S_Trigger.ubulk" 104
"../../../Engine/Content/EditorResources/S_Trigger.uasset" 105
"../../../Engine/Content/EditorResources/S_Trigger.uexp" 106
"../../../Engine/Content/EditorResources/S_Terrain.ubulk" 107
"../../../Engine/Content/EditorResources/S_Terrain.uasset" 108
"../../../Engine/Content/EditorResources/S_Terrain.uexp" 109
"../../../Engine/Content/EditorResources/S_Solver.ubulk" 110
"../../../Engine/Content/EditorResources/S_Solver.uasset" 111
"../../../Engine/Content/EditorResources/S_Solver.uexp" 112
"../../../Engine/Content/EditorResources/S_BoxReflectionCapture.uasset" 113
"../../../Engine/Content/EditorResources/S_BoxReflectionCapture.uexp" 114
"../../../Engine/Content/EditorResources/S_Actor.ubulk" 115
"../../../Engine/Content/EditorResources/S_Actor.uasset" 116
"../../../Engine/Content/EditorResources/S_Actor.uexp" 117
"../../../Engine/Content/EditorResources/BSPVertex.uasset" 118
"../../../Engine/Content/EditorResources/BSPVertex.uexp" 119
"../../../Engine/Plugins/Runtime/AudioWidgets/Content/Resources/ScrubHandleDown_Clamped.uasset" 120
"../../../Engine/Plugins/Runtime/AudioWidgets/Content/Resources/ScrubHandleDown_Clamped.uexp" 121
"../../../Engine/Content/EngineResources/FilmGrains/Marcie_Grain_v3_128_M2_000.uasset" 122
"../../../Engine/Content/EngineResources/FilmGrains/Marcie_Grain_v3_128_M2_000.uexp" 123
"../../../Engine/Content/EngineResources/Development/ZenLogo_64.uasset" 124
"../../../Engine/Content/EngineResources/Development/ZenLogo_64.uexp" 125
"../../../Engine/Content/EngineMaterials/LTC/Sheen_LTC.uasset" 126
"../../../Engine/Content/EngineMaterials/LTC/Sheen_LTC.uexp" 127
"../../../Engine/Content/EngineMaterials/LTC/GGX_LTCMat.uasset" 128
"../../../Engine/Content/EngineMaterials/LTC/GGX_LTCMat.uexp" 129
"../../../Engine/Content/EngineMaterials/LTC/GGX_LTCAmp.uasset" 130
"../../../Engine/Content/EngineMaterials/LTC/GGX_LTCAmp.uexp" 131
"../../../Engine/Content/EngineMaterials/EnergyConservation/Sheen_Energy.uasset" 132
"../../../Engine/Content/EngineMaterials/EnergyConservation/Sheen_Energy.uexp" 133
"../../../Engine/Content/EngineMaterials/EnergyConservation/SheenLegacy_Energy.uasset" 134
"../../../Engine/Content/EngineMaterials/EnergyConservation/SheenLegacy_Energy.uexp" 135
"../../../Engine/Content/EngineMaterials/EnergyConservation/GGX_TransmissionEnergyArray.uasset" 136
"../../../Engine/Content/EngineMaterials/EnergyConservation/GGX_TransmissionEnergyArray.uexp" 137
"../../../Engine/Content/EngineMaterials/EnergyConservation/GGX_ReflectionEnergy.uasset" 138
"../../../Engine/Content/EngineMaterials/EnergyConservation/GGX_ReflectionEnergy.uexp" 139
"../../../Engine/Content/EngineMaterials/EnergyConservation/Diffuse_Energy.uasset" 140
"../../../Engine/Content/EngineMaterials/EnergyConservation/Diffuse_Energy.uexp" 141
"../../../Engine/Content/EditorResources/SequenceRecorder/RecordingIndicator.uasset" 142
"../../../Engine/Content/EditorResources/SequenceRecorder/RecordingIndicator.uexp" 143
"../../../Engine/Content/EditorResources/SequenceRecorder/Countdown.uasset" 144
"../../../Engine/Content/EditorResources/SequenceRecorder/Countdown.uexp" 145
"../../../Engine/Content/EditorMaterials/ParticleSystems/PSysThumbnail_OOD.ubulk" 146
"../../../Engine/Content/EditorMaterials/ParticleSystems/PSysThumbnail_OOD.uasset" 147
"../../../Engine/Content/EditorMaterials/ParticleSystems/PSysThumbnail_OOD.uexp" 148
"../../../Engine/Content/EditorMaterials/ParticleSystems/PSysThumbnail_NoImage.ubulk" 149
"../../../Engine/Content/EditorMaterials/ParticleSystems/PSysThumbnail_NoImage.uasset" 150
"../../../Engine/Content/EditorMaterials/ParticleSystems/PSysThumbnail_NoImage.uexp" 151
"../../../Engine/Content/Functions/Engine_MaterialFunctions01/Shading/ConvertFromDiffSpec.uasset" 152
"../../../Engine/Content/Functions/Engine_MaterialFunctions01/Shading/ConvertFromDiffSpec.uexp" 153
"../../../Engine/Content/Functions/Engine_MaterialFunctions01/Shading/PowerToRoughness.uasset" 154
"../../../Engine/Content/Functions/Engine_MaterialFunctions01/Shading/PowerToRoughness.uexp" 155
"../../../Engine/Content/EditorMaterials/Dataflow/DataflowTwoSidedVertexMaterial.uasset" 156
"../../../Engine/Content/EditorMaterials/Dataflow/DataflowTwoSidedVertexMaterial.uexp" 157
"../../../Engine/Content/EditorMaterials/Dataflow/DataflowVertexMaterial.uasset" 158
"../../../Engine/Content/EditorMaterials/Dataflow/DataflowVertexMaterial.uexp" 159
"E:/Epic Games/UE projects/rpg_project/Content/Blueprints/E_Stats.uasset" 160
"E:/Epic Games/UE projects/rpg_project/Content/Blueprints/E_Stats.uexp" 161
"E:/Epic Games/UE projects/rpg_project/Content/Blueprints/BPI_Damage.uasset" 162
"E:/Epic Games/UE projects/rpg_project/Content/Blueprints/BPI_Damage.uexp" 163
"E:/Epic Games/UE projects/rpg_project/Content/Blueprints/BPC_Stats.uasset" 164
"E:/Epic Games/UE projects/rpg_project/Content/Blueprints/BPC_Stats.uexp" 165
"E:/Epic Games/UE projects/rpg_project/Content/UI/Icons/Target_Lock.ubulk" 166
"E:/Epic Games/UE projects/rpg_project/Content/UI/Icons/Target_Lock.uasset" 167
"E:/Epic Games/UE projects/rpg_project/Content/UI/Icons/Target_Lock.uexp" 168
"E:/Epic Games/UE projects/rpg_project/Content/UI/WB_TargetLock.uasset" 169
"E:/Epic Games/UE projects/rpg_project/Content/UI/WB_TargetLock.uexp" 170
"E:/Epic Games/UE projects/rpg_project/Content/Blueprints/BP_TargetLockWidget.uasset" 171
"E:/Epic Games/UE projects/rpg_project/Content/Blueprints/BP_TargetLockWidget.uexp" 172
"E:/Epic Games/UE projects/rpg_project/Content/Blueprints/BP_Notify_Damage.uasset" 173
"E:/Epic Games/UE projects/rpg_project/Content/Blueprints/BP_Notify_Damage.uexp" 174
"E:/Epic Games/UE projects/rpg_project/Content/Characters/Mannequins/Meshes/SK_Mannequin.uasset" 175
"E:/Epic Games/UE projects/rpg_project/Content/Characters/Mannequins/Meshes/SK_Mannequin.uexp" 176
"../../../Engine/Plugins/Animation/ACLPlugin/Content/ACLAnimCurveCompressionSettings.uasset" 177
"../../../Engine/Plugins/Animation/ACLPlugin/Content/ACLAnimCurveCompressionSettings.uexp" 178
"../../../Engine/Plugins/Animation/ACLPlugin/Content/ACLAnimBoneCompressionSettings.uasset" 179
"../../../Engine/Plugins/Animation/ACLPlugin/Content/ACLAnimBoneCompressionSettings.uexp" 180
"../../../Engine/Content/Animation/DefaultVariableFrameStrippingSettings.uasset" 181
"../../../Engine/Content/Animation/DefaultVariableFrameStrippingSettings.uexp" 182
"E:/Epic Games/UE projects/rpg_project/Content/Characters/Souls/Combat/SwordAttackCombo.uasset" 183
"E:/Epic Games/UE projects/rpg_project/Content/Characters/Souls/Combat/SwordAttackCombo.uexp" 184
"E:/Epic Games/UE projects/rpg_project/Content/Characters/Souls/Combat/SwordAttackCombo_Montage.uasset" 185
"E:/Epic Games/UE projects/rpg_project/Content/Characters/Souls/Combat/SwordAttackCombo_Montage.uexp" 186
"E:/Epic Games/UE projects/rpg_project/Content/Input/Actions/IA_Attack.uasset" 187
"E:/Epic Games/UE projects/rpg_project/Content/Input/Actions/IA_Attack.uexp" 188
"E:/Epic Games/UE projects/rpg_project/Content/Input/Actions/IA_Lock.uasset" 189
"E:/Epic Games/UE projects/rpg_project/Content/Input/Actions/IA_Lock.uexp" 190
"E:/Epic Games/UE projects/rpg_project/Content/Characters/Souls/Combat/SwordAttack.uasset" 191
"E:/Epic Games/UE projects/rpg_project/Content/Characters/Souls/Combat/SwordAttack.uexp" 192
"E:/Epic Games/UE projects/rpg_project/Content/Characters/Souls/Combat/SwordAttack_Montage.uasset" 193
"E:/Epic Games/UE projects/rpg_project/Content/Characters/Souls/Combat/SwordAttack_Montage.uexp" 194
"E:/Epic Games/UE projects/rpg_project/Content/Input/Actions/IA_NormalAttack.uasset" 195
"E:/Epic Games/UE projects/rpg_project/Content/Input/Actions/IA_NormalAttack.uexp" 196
"E:/Epic Games/UE projects/rpg_project/Content/ParagonAurora/FX/VectorFields/VF_RandomNoise_01_90.uasset" 197
"E:/Epic Games/UE projects/rpg_project/Content/ParagonAurora/FX/VectorFields/VF_RandomNoise_01_90.uexp" 198
"E:/Epic Games/UE projects/rpg_project/Content/ParagonAurora/FX/Textures/FX/T_ShadowSwirls_v2B.ubulk" 199
"E:/Epic Games/UE projects/rpg_project/Content/ParagonAurora/FX/Textures/FX/T_ShadowSwirls_v2B.uasset" 200
"E:/Epic Games/UE projects/rpg_project/Content/ParagonAurora/FX/Textures/FX/T_ShadowSwirls_v2B.uexp" 201
"../../../Engine/Content/Functions/Engine_MaterialFunctions02/Utility/MakeFloat2.uasset" 202
"../../../Engine/Content/Functions/Engine_MaterialFunctions02/Utility/MakeFloat2.uexp" 203
"../../../Engine/Content/Functions/Engine_MaterialFunctions01/Opacity/CameraDepthFade.uasset" 204
"../../../Engine/Content/Functions/Engine_MaterialFunctions01/Opacity/CameraDepthFade.uexp" 205
"../../../Engine/Content/Functions/Engine_MaterialFunctions01/ImageAdjustment/DeriveHDRfromLDR.uasset" 206
"../../../Engine/Content/Functions/Engine_MaterialFunctions01/ImageAdjustment/DeriveHDRfromLDR.uexp" 207
"E:/Epic Games/UE projects/rpg_project/Content/ParagonAurora/FX/Materials/Functions/MF_ParticleShrinkDistance.uasset" 208
"E:/Epic Games/UE projects/rpg_project/Content/ParagonAurora/FX/Materials/Functions/MF_ParticleShrinkDistance.uexp" 209
"E:/Epic Games/UE projects/rpg_project/Content/ParagonAurora/FX/Textures/Tile/Noise/T_random_noise_highfreq_rgb.ubulk" 210
"E:/Epic Games/UE projects/rpg_project/Content/ParagonAurora/FX/Textures/Tile/Noise/T_random_noise_highfreq_rgb.uasset" 211
"E:/Epic Games/UE projects/rpg_project/Content/ParagonAurora/FX/Textures/Tile/Noise/T_random_noise_highfreq_rgb.uexp" 212
"E:/Epic Games/UE projects/rpg_project/Content/ParagonAurora/FX/Textures/Global/Noise/T_TilingNoise03.ubulk" 213
"E:/Epic Games/UE projects/rpg_project/Content/ParagonAurora/FX/Textures/Global/Noise/T_TilingNoise03.uasset" 214
"E:/Epic Games/UE projects/rpg_project/Content/ParagonAurora/FX/Textures/Global/Noise/T_TilingNoise03.uexp" 215
"E:/Epic Games/UE projects/rpg_project/Content/ParagonAurora/FX/Materials/Environment/Dust/M_AuroraFairyDust.uasset" 216
"E:/Epic Games/UE projects/rpg_project/Content/ParagonAurora/FX/Materials/Environment/Dust/M_AuroraFairyDust.uexp" 217
"../../../Engine/Content/Functions/Engine_MaterialFunctions02/Utility/BreakOutFloat2Components.uasset" 218
"../../../Engine/Content/Functions/Engine_MaterialFunctions02/Utility/BreakOutFloat2Components.uexp" 219
"../../../Engine/Content/Functions/Engine_MaterialFunctions02/Utility/Sign.uasset" 220
"../../../Engine/Content/Functions/Engine_MaterialFunctions02/Utility/Sign.uexp" 221
"../../../Engine/Content/Functions/Engine_MaterialFunctions02/Utility/Round.uasset" 222
"../../../Engine/Content/Functions/Engine_MaterialFunctions02/Utility/Round.uexp" 223
"E:/Epic Games/UE projects/rpg_project/Content/ParagonAurora/FX/Materials/Functions/MF_FX_EmissiveModulate.uasset" 224
"E:/Epic Games/UE projects/rpg_project/Content/ParagonAurora/FX/Materials/Functions/MF_FX_EmissiveModulate.uexp" 225
"E:/Epic Games/UE projects/rpg_project/Content/ParagonAurora/FX/Textures/CubeMaps/T_Agora_Cube_Small.uasset" 226
"E:/Epic Games/UE projects/rpg_project/Content/ParagonAurora/FX/Textures/CubeMaps/T_Agora_Cube_Small.uexp" 227
"E:/Epic Games/UE projects/rpg_project/Content/ParagonAurora/FX/Materials/Functions/MF_RandomSubUV_GPUSprites.uasset" 228
"E:/Epic Games/UE projects/rpg_project/Content/ParagonAurora/FX/Materials/Functions/MF_RandomSubUV_GPUSprites.uexp" 229
"E:/Epic Games/UE projects/rpg_project/Content/ParagonAurora/FX/Materials/Functions/MF_CameraDistanceFade.uasset" 230
"E:/Epic Games/UE projects/rpg_project/Content/ParagonAurora/FX/Materials/Functions/MF_CameraDistanceFade.uexp" 231
"E:/Epic Games/UE projects/rpg_project/Content/ParagonAurora/FX/Textures/Environment/Motes/T_Snowflakes_D.ubulk" 232
"E:/Epic Games/UE projects/rpg_project/Content/ParagonAurora/FX/Textures/Environment/Motes/T_Snowflakes_D.uasset" 233
"E:/Epic Games/UE projects/rpg_project/Content/ParagonAurora/FX/Textures/Environment/Motes/T_Snowflakes_D.uexp" 234
"E:/Epic Games/UE projects/rpg_project/Content/ParagonAurora/FX/Textures/Environment/Motes/T_Snowflakes_Blurred_D.ubulk" 235
"E:/Epic Games/UE projects/rpg_project/Content/ParagonAurora/FX/Textures/Environment/Motes/T_Snowflakes_Blurred_D.uasset" 236
"E:/Epic Games/UE projects/rpg_project/Content/ParagonAurora/FX/Textures/Environment/Motes/T_Snowflakes_Blurred_D.uexp" 237
"E:/Epic Games/UE projects/rpg_project/Content/ParagonAurora/FX/Materials/Environment/Motes/M_Snowflake_FlipRandom_GPU.uasset" 238
"E:/Epic Games/UE projects/rpg_project/Content/ParagonAurora/FX/Materials/Environment/Motes/M_Snowflake_FlipRandom_GPU.uexp" 239
"E:/Epic Games/UE projects/rpg_project/Content/ParagonAurora/FX/Textures/Flares/T_Flare_Spikeball.ubulk" 240
"E:/Epic Games/UE projects/rpg_project/Content/ParagonAurora/FX/Textures/Flares/T_Flare_Spikeball.uasset" 241
"E:/Epic Games/UE projects/rpg_project/Content/ParagonAurora/FX/Textures/Flares/T_Flare_Spikeball.uexp" 242
"E:/Epic Games/UE projects/rpg_project/Content/ParagonAurora/FX/Materials/Flares/M_Lensflare_TB_Soft.uasset" 243
"E:/Epic Games/UE projects/rpg_project/Content/ParagonAurora/FX/Materials/Flares/M_Lensflare_TB_Soft.uexp" 244
"E:/Epic Games/UE projects/rpg_project/Content/ParagonAurora/FX/Textures/Environment/Rock/Textures/T_Slate_N.ubulk" 245
"E:/Epic Games/UE projects/rpg_project/Content/ParagonAurora/FX/Textures/Environment/Rock/Textures/T_Slate_N.uasset" 246
"E:/Epic Games/UE projects/rpg_project/Content/ParagonAurora/FX/Textures/Environment/Rock/Textures/T_Slate_N.uexp" 247
"E:/Epic Games/UE projects/rpg_project/Content/ParagonAurora/FX/Textures/Environment/Rock/Textures/T_Slate_M.ubulk" 248
"E:/Epic Games/UE projects/rpg_project/Content/ParagonAurora/FX/Textures/Environment/Rock/Textures/T_Slate_M.uasset" 249
"E:/Epic Games/UE projects/rpg_project/Content/ParagonAurora/FX/Textures/Environment/Rock/Textures/T_Slate_M.uexp" 250
"E:/Epic Games/UE projects/rpg_project/Content/ParagonAurora/FX/Materials/Aurora/M_Aurora_Fragment.uasset" 251
"E:/Epic Games/UE projects/rpg_project/Content/ParagonAurora/FX/Materials/Aurora/M_Aurora_Fragment.uexp" 252
"E:/Epic Games/UE projects/rpg_project/Content/ParagonAurora/FX/Meshes/Debris/SM_Aurora_Fragment.ubulk" 253
"E:/Epic Games/UE projects/rpg_project/Content/ParagonAurora/FX/Meshes/Debris/SM_Aurora_Fragment.uasset" 254
"E:/Epic Games/UE projects/rpg_project/Content/ParagonAurora/FX/Meshes/Debris/SM_Aurora_Fragment.uexp" 255
"../../../Engine/Content/EngineMaterials/T_Default_Material_Grid_M.ubulk" 256
"../../../Engine/Content/EngineMaterials/T_Default_Material_Grid_M.uasset" 257
"../../../Engine/Content/EngineMaterials/T_Default_Material_Grid_M.uexp" 258
"../../../Engine/Content/EngineMaterials/T_Default_Material_Grid_N.ubulk" 259
"../../../Engine/Content/EngineMaterials/T_Default_Material_Grid_N.uasset" 260
"../../../Engine/Content/EngineMaterials/T_Default_Material_Grid_N.uexp" 261
"../../../Engine/Content/EngineMaterials/WorldGridMaterial.uasset" 262
"../../../Engine/Content/EngineMaterials/WorldGridMaterial.uexp" 263
"E:/Epic Games/UE projects/rpg_project/Content/ParagonAurora/FX/Meshes/Shapes/SM_plane1poly.ubulk" 264
"E:/Epic Games/UE projects/rpg_project/Content/ParagonAurora/FX/Meshes/Shapes/SM_plane1poly.uasset" 265
"E:/Epic Games/UE projects/rpg_project/Content/ParagonAurora/FX/Meshes/Shapes/SM_plane1poly.uexp" 266
"E:/Epic Games/UE projects/rpg_project/Content/ParagonAurora/FX/Textures/Sparks/T_Spark_Soft.ubulk" 267
"E:/Epic Games/UE projects/rpg_project/Content/ParagonAurora/FX/Textures/Sparks/T_Spark_Soft.uasset" 268
"E:/Epic Games/UE projects/rpg_project/Content/ParagonAurora/FX/Textures/Sparks/T_Spark_Soft.uexp" 269
"E:/Epic Games/UE projects/rpg_project/Content/ParagonAurora/FX/Materials/Sparks/M_Soft_Spark_Glow.uasset" 270
"E:/Epic Games/UE projects/rpg_project/Content/ParagonAurora/FX/Materials/Sparks/M_Soft_Spark_Glow.uexp" 271
"E:/Epic Games/UE projects/rpg_project/Content/ParagonAurora/FX/Materials/Flares/M_DarkFlare_DistShrink.uasset" 272
"E:/Epic Games/UE projects/rpg_project/Content/ParagonAurora/FX/Materials/Flares/M_DarkFlare_DistShrink.uexp" 273
"E:/Epic Games/UE projects/rpg_project/Content/ParagonAurora/FX/Materials/Environment/Motes/M_Snowflake_FlipRandom_Mesh.uasset" 274
"E:/Epic Games/UE projects/rpg_project/Content/ParagonAurora/FX/Materials/Environment/Motes/M_Snowflake_FlipRandom_Mesh.uexp" 275
"E:/Epic Games/UE projects/rpg_project/Content/ParagonAurora/FX/Particles/Abilities/Primary/FX/P_Aurora_Melee_SucessfulImpact.uasset" 276
"E:/Epic Games/UE projects/rpg_project/Content/ParagonAurora/FX/Particles/Abilities/Primary/FX/P_Aurora_Melee_SucessfulImpact.uexp" 277
"E:/Epic Games/UE projects/rpg_project/Content/Blueprints/BPC_Combat.uasset" 278
"E:/Epic Games/UE projects/rpg_project/Content/Blueprints/BPC_Combat.uexp" 279
"E:/Epic Games/UE projects/rpg_project/Content/UI/WB_PlayerHealth.uasset" 280
"E:/Epic Games/UE projects/rpg_project/Content/UI/WB_PlayerHealth.uexp" 281
"E:/Epic Games/UE projects/rpg_project/Content/UI/WB_HUD.uasset" 282
"E:/Epic Games/UE projects/rpg_project/Content/UI/WB_HUD.uexp" 283
"E:/Epic Games/UE projects/rpg_project/Content/Input/Actions/IA_MouseLook.uasset" 284
"E:/Epic Games/UE projects/rpg_project/Content/Input/Actions/IA_MouseLook.uexp" 285
"E:/Epic Games/UE projects/rpg_project/Content/Input/Actions/IA_Look.uasset" 286
"E:/Epic Games/UE projects/rpg_project/Content/Input/Actions/IA_Look.uexp" 287
"E:/Epic Games/UE projects/rpg_project/Content/Input/Actions/IA_Move.uasset" 288
"E:/Epic Games/UE projects/rpg_project/Content/Input/Actions/IA_Move.uexp" 289
"E:/Epic Games/UE projects/rpg_project/Content/Input/Actions/IA_Jump.uasset" 290
"E:/Epic Games/UE projects/rpg_project/Content/Input/Actions/IA_Jump.uexp" 291
"E:/Epic Games/UE projects/rpg_project/Content/Input/IMC_Default.uasset" 292
"E:/Epic Games/UE projects/rpg_project/Content/Input/IMC_Default.uexp" 293
"E:/Epic Games/UE projects/rpg_project/Content/Characters/Souls/Combat/HitReact.uasset" 294
"E:/Epic Games/UE projects/rpg_project/Content/Characters/Souls/Combat/HitReact.uexp" 295
"E:/Epic Games/UE projects/rpg_project/Content/Characters/Souls/Combat/HitReact_Montage.uasset" 296
"E:/Epic Games/UE projects/rpg_project/Content/Characters/Souls/Combat/HitReact_Montage.uexp" 297
"../../../Engine/Content/Functions/Engine_MaterialFunctions02/Utility/MakeFloat3.uasset" 298
"../../../Engine/Content/Functions/Engine_MaterialFunctions02/Utility/MakeFloat3.uexp" 299
"../../../Engine/Content/Functions/Engine_MaterialFunctions02/Utility/BreakOutFloat3Components.uasset" 300
"../../../Engine/Content/Functions/Engine_MaterialFunctions02/Utility/BreakOutFloat3Components.uexp" 301
"../../../Engine/Content/Functions/Engine_MaterialFunctions02/Math/Transform3x3Matrix.uasset" 302
"../../../Engine/Content/Functions/Engine_MaterialFunctions02/Math/Transform3x3Matrix.uexp" 303
"../../../Engine/Plugins/Interchange/Assets/Content/Utilities/New_LUT.uasset" 304
"../../../Engine/Plugins/Interchange/Assets/Content/Utilities/New_LUT.uexp" 305
"../../../Engine/Content/Functions/Engine_MaterialFunctions03/Math/RemapValueRange.uasset" 306
"../../../Engine/Content/Functions/Engine_MaterialFunctions03/Math/RemapValueRange.uexp" 307
"../../../Engine/Plugins/Interchange/Assets/Content/Functions/MF_Iridescence.uasset" 308
"../../../Engine/Plugins/Interchange/Assets/Content/Functions/MF_Iridescence.uexp" 309
"../../../Engine/Plugins/Interchange/Assets/Content/gltf/Textures/T_White_srgb.uasset" 310
"../../../Engine/Plugins/Interchange/Assets/Content/gltf/Textures/T_White_srgb.uexp" 311
"../../../Engine/Plugins/Interchange/Assets/Content/gltf/MaterialFunctions/MF_BaseColor.uasset" 312
"../../../Engine/Plugins/Interchange/Assets/Content/gltf/MaterialFunctions/MF_BaseColor.uexp" 313
"../../../Engine/Plugins/Interchange/Assets/Content/gltf/MaterialFunctions/MF_RotateV2.uasset" 314
"../../../Engine/Plugins/Interchange/Assets/Content/gltf/MaterialFunctions/MF_RotateV2.uexp" 315
"../../../Engine/Plugins/Interchange/Assets/Content/gltf/MaterialFunctions/MF_TransformUVs.uasset" 316
"../../../Engine/Plugins/Interchange/Assets/Content/gltf/MaterialFunctions/MF_TransformUVs.uexp" 317
"../../../Engine/Plugins/Interchange/Assets/Content/gltf/MaterialFunctions/MF_IOR.uasset" 318
"../../../Engine/Plugins/Interchange/Assets/Content/gltf/MaterialFunctions/MF_IOR.uexp" 319
"../../../Engine/Plugins/Interchange/Assets/Content/Functions/MF_IridescenceNoLUT.uasset" 320
"../../../Engine/Plugins/Interchange/Assets/Content/Functions/MF_IridescenceNoLUT.uexp" 321
"../../../Engine/Plugins/Interchange/Assets/Content/gltf/MaterialFunctions/MF_Iridescence.uasset" 322
"../../../Engine/Plugins/Interchange/Assets/Content/gltf/MaterialFunctions/MF_Iridescence.uexp" 323
"../../../Engine/Plugins/Interchange/Assets/Content/gltf/Textures/T_White_Linear.uasset" 324
"../../../Engine/Plugins/Interchange/Assets/Content/gltf/Textures/T_White_Linear.uexp" 325
"../../../Engine/Plugins/Interchange/Assets/Content/gltf/MaterialFunctions/MF_MetallicRoughness.uasset" 326
"../../../Engine/Plugins/Interchange/Assets/Content/gltf/MaterialFunctions/MF_MetallicRoughness.uexp" 327
"../../../Engine/Plugins/Interchange/Assets/Content/gltf/MaterialFunctions/MF_RotateNormals_TS.uasset" 328
"../../../Engine/Plugins/Interchange/Assets/Content/gltf/MaterialFunctions/MF_RotateNormals_TS.uexp" 329
"../../../Engine/Plugins/Interchange/Assets/Content/gltf/MaterialFunctions/MF_ScaleNormal.uasset" 330
"../../../Engine/Plugins/Interchange/Assets/Content/gltf/MaterialFunctions/MF_ScaleNormal.uexp" 331
"../../../Engine/Plugins/Interchange/Assets/Content/gltf/Textures/T_Generic_N.uasset" 332
"../../../Engine/Plugins/Interchange/Assets/Content/gltf/Textures/T_Generic_N.uexp" 333
"../../../Engine/Plugins/Interchange/Assets/Content/gltf/MaterialFunctions/MF_Normals.uasset" 334
"../../../Engine/Plugins/Interchange/Assets/Content/gltf/MaterialFunctions/MF_Normals.uexp" 335
"../../../Engine/Plugins/Interchange/Assets/Content/gltf/MaterialFunctions/MF_Occlusion.uasset" 336
"../../../Engine/Plugins/Interchange/Assets/Content/gltf/MaterialFunctions/MF_Occlusion.uexp" 337
"../../../Engine/Plugins/Interchange/Assets/Content/gltf/MaterialFunctions/MF_Specular.uasset" 338
"../../../Engine/Plugins/Interchange/Assets/Content/gltf/MaterialFunctions/MF_Specular.uexp" 339
"../../../Engine/Plugins/Interchange/Assets/Content/gltf/Textures/T_Anisotropy_Direction_Linear.uasset" 340
"../../../Engine/Plugins/Interchange/Assets/Content/gltf/Textures/T_Anisotropy_Direction_Linear.uexp" 341
"../../../Engine/Plugins/Interchange/Assets/Content/gltf/MaterialFunctions/MF_SpecularAnisotropy.uasset" 342
"../../../Engine/Plugins/Interchange/Assets/Content/gltf/MaterialFunctions/MF_SpecularAnisotropy.uexp" 343
"../../../Engine/Plugins/Interchange/Assets/Content/gltf/MaterialFunctions/MF_Emissive.uasset" 344
"../../../Engine/Plugins/Interchange/Assets/Content/gltf/MaterialFunctions/MF_Emissive.uexp" 345
"../../../Engine/Plugins/Interchange/Assets/Content/gltf/MaterialBodies/MF_Default_Body.uasset" 346
"../../../Engine/Plugins/Interchange/Assets/Content/gltf/MaterialBodies/MF_Default_Body.uexp" 347
"../../../Engine/Plugins/Interchange/Assets/Content/gltf/M_Default.uasset" 348
"../../../Engine/Plugins/Interchange/Assets/Content/gltf/M_Default.uexp" 349
"../../../Engine/Plugins/Interchange/Assets/Content/gltf/MaterialInstances/MI_Default_Opaque_DS.uasset" 350
"../../../Engine/Plugins/Interchange/Assets/Content/gltf/MaterialInstances/MI_Default_Opaque_DS.uexp" 351
"E:/Epic Games/UE projects/rpg_project/Content/Fab/Sword/sword/Textures/sword_texture_0.ubulk" 352
"E:/Epic Games/UE projects/rpg_project/Content/Fab/Sword/sword/Textures/sword_texture_0.uasset" 353
"E:/Epic Games/UE projects/rpg_project/Content/Fab/Sword/sword/Textures/sword_texture_0.uexp" 354
"E:/Epic Games/UE projects/rpg_project/Content/Fab/Sword/sword/Textures/sword_texture_1.ubulk" 355
"E:/Epic Games/UE projects/rpg_project/Content/Fab/Sword/sword/Textures/sword_texture_1.uasset" 356
"E:/Epic Games/UE projects/rpg_project/Content/Fab/Sword/sword/Textures/sword_texture_1.uexp" 357
"E:/Epic Games/UE projects/rpg_project/Content/Fab/Sword/sword/Textures/sword_texture_2.ubulk" 358
"E:/Epic Games/UE projects/rpg_project/Content/Fab/Sword/sword/Textures/sword_texture_2.uasset" 359
"E:/Epic Games/UE projects/rpg_project/Content/Fab/Sword/sword/Textures/sword_texture_2.uexp" 360
"E:/Epic Games/UE projects/rpg_project/Content/Fab/Sword/sword/Materials/Material.uasset" 361
"E:/Epic Games/UE projects/rpg_project/Content/Fab/Sword/sword/Materials/Material.uexp" 362
"E:/Epic Games/UE projects/rpg_project/Content/Fab/Sword/sword/StaticMeshes/sword.ubulk" 363
"E:/Epic Games/UE projects/rpg_project/Content/Fab/Sword/sword/StaticMeshes/sword.uasset" 364
"E:/Epic Games/UE projects/rpg_project/Content/Fab/Sword/sword/StaticMeshes/sword.uexp" 365
"E:/Epic Games/UE projects/rpg_project/Content/Input/Touch/BPI_TouchInterface.uasset" 366
"E:/Epic Games/UE projects/rpg_project/Content/Input/Touch/BPI_TouchInterface.uexp" 367
"E:/Epic Games/UE projects/rpg_project/Content/Characters/Mannequins/Rigs/PA_Mannequin.uasset" 368
"E:/Epic Games/UE projects/rpg_project/Content/Characters/Mannequins/Rigs/PA_Mannequin.uexp" 369
"../../../Engine/Content/Functions/Engine_MaterialFunctions01/Texturing/ScaleUVsByCenter.uasset" 370
"../../../Engine/Content/Functions/Engine_MaterialFunctions01/Texturing/ScaleUVsByCenter.uexp" 371
"E:/Epic Games/UE projects/rpg_project/Content/Characters/Mannequins/Textures/Shared/T_UE_Logo_M.uasset" 372
"E:/Epic Games/UE projects/rpg_project/Content/Characters/Mannequins/Textures/Shared/T_UE_Logo_M.uexp" 373
"E:/Epic Games/UE projects/rpg_project/Content/Characters/Mannequins/Textures/Manny/T_Manny_01_MRA.ubulk" 374
"E:/Epic Games/UE projects/rpg_project/Content/Characters/Mannequins/Textures/Manny/T_Manny_01_MRA.uasset" 375
"E:/Epic Games/UE projects/rpg_project/Content/Characters/Mannequins/Textures/Manny/T_Manny_01_MRA.uexp" 376
"E:/Epic Games/UE projects/rpg_project/Content/Characters/Mannequins/Textures/Manny/T_Manny_01_D.ubulk" 377
"E:/Epic Games/UE projects/rpg_project/Content/Characters/Mannequins/Textures/Manny/T_Manny_01_D.uasset" 378
"E:/Epic Games/UE projects/rpg_project/Content/Characters/Mannequins/Textures/Manny/T_Manny_01_D.uexp" 379
"E:/Epic Games/UE projects/rpg_project/Content/Characters/Mannequins/Textures/Manny/T_Manny_01_BN.ubulk" 380
"E:/Epic Games/UE projects/rpg_project/Content/Characters/Mannequins/Textures/Manny/T_Manny_01_BN.uasset" 381
"E:/Epic Games/UE projects/rpg_project/Content/Characters/Mannequins/Textures/Manny/T_Manny_01_BN.uexp" 382
"E:/Epic Games/UE projects/rpg_project/Content/Characters/Mannequins/Materials/M_Mannequin.uasset" 383
"E:/Epic Games/UE projects/rpg_project/Content/Characters/Mannequins/Materials/M_Mannequin.uexp" 384
"E:/Epic Games/UE projects/rpg_project/Content/Characters/Mannequins/Textures/Quinn/T_Quinn_01_N.ubulk" 385
"E:/Epic Games/UE projects/rpg_project/Content/Characters/Mannequins/Textures/Quinn/T_Quinn_01_N.uasset" 386
"E:/Epic Games/UE projects/rpg_project/Content/Characters/Mannequins/Textures/Quinn/T_Quinn_01_N.uexp" 387
"E:/Epic Games/UE projects/rpg_project/Content/Characters/Mannequins/Textures/Quinn/T_Quinn_01_MRA.ubulk" 388
"E:/Epic Games/UE projects/rpg_project/Content/Characters/Mannequins/Textures/Quinn/T_Quinn_01_MRA.uasset" 389
"E:/Epic Games/UE projects/rpg_project/Content/Characters/Mannequins/Textures/Quinn/T_Quinn_01_MRA.uexp" 390
"E:/Epic Games/UE projects/rpg_project/Content/Characters/Mannequins/Textures/Quinn/T_Quinn_01_D.ubulk" 391
"E:/Epic Games/UE projects/rpg_project/Content/Characters/Mannequins/Textures/Quinn/T_Quinn_01_D.uasset" 392
"E:/Epic Games/UE projects/rpg_project/Content/Characters/Mannequins/Textures/Quinn/T_Quinn_01_D.uexp" 393
"E:/Epic Games/UE projects/rpg_project/Content/Characters/Mannequins/Materials/Quinn/MI_Quinn_01.uasset" 394
"E:/Epic Games/UE projects/rpg_project/Content/Characters/Mannequins/Materials/Quinn/MI_Quinn_01.uexp" 395
"E:/Epic Games/UE projects/rpg_project/Content/Characters/Mannequins/Textures/Quinn/T_Quinn_02_N.ubulk" 396
"E:/Epic Games/UE projects/rpg_project/Content/Characters/Mannequins/Textures/Quinn/T_Quinn_02_N.uasset" 397
"E:/Epic Games/UE projects/rpg_project/Content/Characters/Mannequins/Textures/Quinn/T_Quinn_02_N.uexp" 398
"E:/Epic Games/UE projects/rpg_project/Content/Characters/Mannequins/Textures/Quinn/T_Quinn_02_MRA.ubulk" 399
"E:/Epic Games/UE projects/rpg_project/Content/Characters/Mannequins/Textures/Quinn/T_Quinn_02_MRA.uasset" 400
"E:/Epic Games/UE projects/rpg_project/Content/Characters/Mannequins/Textures/Quinn/T_Quinn_02_MRA.uexp" 401
"E:/Epic Games/UE projects/rpg_project/Content/Characters/Mannequins/Textures/Quinn/T_Quinn_02_D.ubulk" 402
"E:/Epic Games/UE projects/rpg_project/Content/Characters/Mannequins/Textures/Quinn/T_Quinn_02_D.uasset" 403
"E:/Epic Games/UE projects/rpg_project/Content/Characters/Mannequins/Textures/Quinn/T_Quinn_02_D.uexp" 404
"E:/Epic Games/UE projects/rpg_project/Content/Characters/Mannequins/Materials/Quinn/MI_Quinn_02.uasset" 405
"E:/Epic Games/UE projects/rpg_project/Content/Characters/Mannequins/Materials/Quinn/MI_Quinn_02.uexp" 406
"E:/Epic Games/UE projects/rpg_project/Content/Characters/Mannequins/Meshes/SKM_Quinn_Simple.uasset" 407
"E:/Epic Games/UE projects/rpg_project/Content/Characters/Mannequins/Meshes/SKM_Quinn_Simple.uexp" 408
"../../../Engine/Content/Animation/DefaultAnimCurveCompressionSettings.uasset" 409
"../../../Engine/Content/Animation/DefaultAnimCurveCompressionSettings.uexp" 410
"../../../Engine/Content/Animation/DefaultAnimBoneCompressionSettings.uasset" 411
"../../../Engine/Content/Animation/DefaultAnimBoneCompressionSettings.uexp" 412
"E:/Epic Games/UE projects/rpg_project/Content/Characters/Mannequins/Anims/Unarmed/Jump/MM_Fall_Loop.uasset" 413
"E:/Epic Games/UE projects/rpg_project/Content/Characters/Mannequins/Anims/Unarmed/Jump/MM_Fall_Loop.uexp" 414
"E:/Epic Games/UE projects/rpg_project/Content/Characters/Mannequins/Anims/Unarmed/Jump/MM_Jump.uasset" 415
"E:/Epic Games/UE projects/rpg_project/Content/Characters/Mannequins/Anims/Unarmed/Jump/MM_Jump.uexp" 416
"E:/Epic Games/UE projects/rpg_project/Content/Characters/Mannequins/Anims/Unarmed/Jump/MM_Land.uasset" 417
"E:/Epic Games/UE projects/rpg_project/Content/Characters/Mannequins/Anims/Unarmed/Jump/MM_Land.uexp" 418
"../../../Engine/Plugins/Animation/ControlRig/Content/Controls/DefaultGizmoLibraryNormalized.uasset" 419
"../../../Engine/Plugins/Animation/ControlRig/Content/Controls/DefaultGizmoLibraryNormalized.uexp" 420
"E:/Epic Games/UE projects/rpg_project/Content/Characters/Mannequins/Rigs/CR_Mannequin_FootIK.uasset" 421
"E:/Epic Games/UE projects/rpg_project/Content/Characters/Mannequins/Rigs/CR_Mannequin_FootIK.uexp" 422
"E:/Epic Games/UE projects/rpg_project/Content/Characters/Mannequins/Anims/Unarmed/MM_Idle.uasset" 423
"E:/Epic Games/UE projects/rpg_project/Content/Characters/Mannequins/Anims/Unarmed/MM_Idle.uexp" 424
"E:/Epic Games/UE projects/rpg_project/Content/Characters/Mannequins/Anims/Unarmed/Walk/MF_Unarmed_Walk_Right.uasset" 425
"E:/Epic Games/UE projects/rpg_project/Content/Characters/Mannequins/Anims/Unarmed/Walk/MF_Unarmed_Walk_Right.uexp" 426
"E:/Epic Games/UE projects/rpg_project/Content/Characters/Mannequins/Anims/Unarmed/Walk/MF_Unarmed_Walk_Left.uasset" 427
"E:/Epic Games/UE projects/rpg_project/Content/Characters/Mannequins/Anims/Unarmed/Walk/MF_Unarmed_Walk_Left.uexp" 428
"../../../Engine/Content/Animation/DefaultRecorderBoneCompression.uasset" 429
"../../../Engine/Content/Animation/DefaultRecorderBoneCompression.uexp" 430
"E:/Epic Games/UE projects/rpg_project/Content/Characters/Mannequins/Anims/Unarmed/Walk/MF_Unarmed_Walk_Fwd_Right.uasset" 431
"E:/Epic Games/UE projects/rpg_project/Content/Characters/Mannequins/Anims/Unarmed/Walk/MF_Unarmed_Walk_Fwd_Right.uexp" 432
"E:/Epic Games/UE projects/rpg_project/Content/Characters/Mannequins/Anims/Unarmed/Walk/MF_Unarmed_Walk_Fwd_Left.uasset" 433
"E:/Epic Games/UE projects/rpg_project/Content/Characters/Mannequins/Anims/Unarmed/Walk/MF_Unarmed_Walk_Fwd_Left.uexp" 434
"E:/Epic Games/UE projects/rpg_project/Content/Characters/Mannequins/Anims/Unarmed/Walk/MF_Unarmed_Walk_Fwd.uasset" 435
"E:/Epic Games/UE projects/rpg_project/Content/Characters/Mannequins/Anims/Unarmed/Walk/MF_Unarmed_Walk_Fwd.uexp" 436
"E:/Epic Games/UE projects/rpg_project/Content/Characters/Mannequins/Anims/Unarmed/Walk/MF_Unarmed_Walk_Bwd_Right.uasset" 437
"E:/Epic Games/UE projects/rpg_project/Content/Characters/Mannequins/Anims/Unarmed/Walk/MF_Unarmed_Walk_Bwd_Right.uexp" 438
"E:/Epic Games/UE projects/rpg_project/Content/Characters/Mannequins/Anims/Unarmed/Walk/MF_Unarmed_Walk_Bwd_Left.uasset" 439
"E:/Epic Games/UE projects/rpg_project/Content/Characters/Mannequins/Anims/Unarmed/Walk/MF_Unarmed_Walk_Bwd_Left.uexp" 440
"E:/Epic Games/UE projects/rpg_project/Content/Characters/Mannequins/Anims/Unarmed/Walk/MF_Unarmed_Walk_Bwd.uasset" 441
"E:/Epic Games/UE projects/rpg_project/Content/Characters/Mannequins/Anims/Unarmed/Walk/MF_Unarmed_Walk_Bwd.uexp" 442
"E:/Epic Games/UE projects/rpg_project/Content/Characters/Mannequins/Anims/Unarmed/Jog/MF_Unarmed_Jog_Bwd.uasset" 443
"E:/Epic Games/UE projects/rpg_project/Content/Characters/Mannequins/Anims/Unarmed/Jog/MF_Unarmed_Jog_Bwd.uexp" 444
"E:/Epic Games/UE projects/rpg_project/Content/Characters/Mannequins/Anims/Unarmed/Jog/MF_Unarmed_Jog_Bwd_Left.uasset" 445
"E:/Epic Games/UE projects/rpg_project/Content/Characters/Mannequins/Anims/Unarmed/Jog/MF_Unarmed_Jog_Bwd_Left.uexp" 446
"E:/Epic Games/UE projects/rpg_project/Content/Characters/Mannequins/Anims/Unarmed/Jog/MF_Unarmed_Jog_Bwd_Right.uasset" 447
"E:/Epic Games/UE projects/rpg_project/Content/Characters/Mannequins/Anims/Unarmed/Jog/MF_Unarmed_Jog_Bwd_Right.uexp" 448
"E:/Epic Games/UE projects/rpg_project/Content/Characters/Mannequins/Anims/Unarmed/Jog/MF_Unarmed_Jog_Fwd.uasset" 449
"E:/Epic Games/UE projects/rpg_project/Content/Characters/Mannequins/Anims/Unarmed/Jog/MF_Unarmed_Jog_Fwd.uexp" 450
"E:/Epic Games/UE projects/rpg_project/Content/Characters/Mannequins/Anims/Unarmed/Jog/MF_Unarmed_Jog_Fwd_Left.uasset" 451
"E:/Epic Games/UE projects/rpg_project/Content/Characters/Mannequins/Anims/Unarmed/Jog/MF_Unarmed_Jog_Fwd_Left.uexp" 452
"E:/Epic Games/UE projects/rpg_project/Content/Characters/Mannequins/Anims/Unarmed/Jog/MF_Unarmed_Jog_Fwd_Right.uasset" 453
"E:/Epic Games/UE projects/rpg_project/Content/Characters/Mannequins/Anims/Unarmed/Jog/MF_Unarmed_Jog_Fwd_Right.uexp" 454
"E:/Epic Games/UE projects/rpg_project/Content/Characters/Mannequins/Anims/Unarmed/Jog/MF_Unarmed_Jog_Left.uasset" 455
"E:/Epic Games/UE projects/rpg_project/Content/Characters/Mannequins/Anims/Unarmed/Jog/MF_Unarmed_Jog_Left.uexp" 456
"E:/Epic Games/UE projects/rpg_project/Content/Characters/Mannequins/Anims/Unarmed/Jog/MF_Unarmed_Jog_Right.uasset" 457
"E:/Epic Games/UE projects/rpg_project/Content/Characters/Mannequins/Anims/Unarmed/Jog/MF_Unarmed_Jog_Right.uexp" 458
"E:/Epic Games/UE projects/rpg_project/Content/Characters/Mannequins/Anims/Unarmed/BS_Idle_Walk_Run.uasset" 459
"E:/Epic Games/UE projects/rpg_project/Content/Characters/Mannequins/Anims/Unarmed/BS_Idle_Walk_Run.uexp" 460
"E:/Epic Games/UE projects/rpg_project/Content/Characters/Mannequins/Anims/Unarmed/ABP_Unarmed.uasset" 461
"E:/Epic Games/UE projects/rpg_project/Content/Characters/Mannequins/Anims/Unarmed/ABP_Unarmed.uexp" 462
"E:/Epic Games/UE projects/rpg_project/Content/ParagonAurora/Characters/Heroes/Aurora/Meshes/Aurora_Skeleton.uasset" 463
"E:/Epic Games/UE projects/rpg_project/Content/ParagonAurora/Characters/Heroes/Aurora/Meshes/Aurora_Skeleton.uexp" 464
"E:/Epic Games/UE projects/rpg_project/Content/ParagonAurora/Characters/Heroes/Aurora/Meshes/Aurora_PhysicsAsset.uasset" 465
"E:/Epic Games/UE projects/rpg_project/Content/ParagonAurora/Characters/Heroes/Aurora/Meshes/Aurora_PhysicsAsset.uexp" 466
"../../../Engine/Content/Functions/Engine_MaterialFunctions02/Texturing/ScreenAlignedPixelToPixelUVs.uasset" 467
"../../../Engine/Content/Functions/Engine_MaterialFunctions02/Texturing/ScreenAlignedPixelToPixelUVs.uexp" 468
"../../../Engine/Content/EngineMaterials/Good64x64TilingNoiseHighFreq.uasset" 469
"../../../Engine/Content/EngineMaterials/Good64x64TilingNoiseHighFreq.uexp" 470
"../../../Engine/Content/Functions/Engine_MaterialFunctions02/Utility/DitherTemporalAA.uasset" 471
"../../../Engine/Content/Functions/Engine_MaterialFunctions02/Utility/DitherTemporalAA.uexp" 472
"../../../Engine/Content/Functions/Engine_MaterialFunctions01/Gradient/LinearGradient.uasset" 473
"../../../Engine/Content/Functions/Engine_MaterialFunctions01/Gradient/LinearGradient.uexp" 474
"../../../Engine/Content/Functions/Engine_MaterialFunctions01/ImageAdjustment/CheapContrast.uasset" 475
"../../../Engine/Content/Functions/Engine_MaterialFunctions01/ImageAdjustment/CheapContrast.uexp" 476
"../../../Engine/Content/EngineMaterials/DefaultDiffuse.ubulk" 477
"../../../Engine/Content/EngineMaterials/DefaultDiffuse.uasset" 478
"../../../Engine/Content/EngineMaterials/DefaultDiffuse.uexp" 479
"../../../Engine/Content/Functions/Engine_MaterialFunctions01/Texturing/WorldAlignedTexture.uasset" 480
"../../../Engine/Content/Functions/Engine_MaterialFunctions01/Texturing/WorldAlignedTexture.uexp" 481
"../../../Engine/Content/Functions/MaterialLayerFunctions/MatLayerBlend_Tint.uasset" 482
"../../../Engine/Content/Functions/MaterialLayerFunctions/MatLayerBlend_Tint.uexp" 483
"../../../Engine/Content/Functions/MaterialLayerFunctions/MatLayerBlend_Standard.uasset" 484
"../../../Engine/Content/Functions/MaterialLayerFunctions/MatLayerBlend_Standard.uexp" 485
"../../../Engine/Content/Functions/MaterialLayerFunctions/MatLayerBlend_OverrideBaseColor.uasset" 486
"../../../Engine/Content/Functions/MaterialLayerFunctions/MatLayerBlend_OverrideBaseColor.uexp" 487
"../../../Engine/Content/Functions/MaterialLayerFunctions/MatLayerBlend_Emissive.uasset" 488
"../../../Engine/Content/Functions/MaterialLayerFunctions/MatLayerBlend_Emissive.uexp" 489
"../../../Engine/Content/Functions/MaterialLayerFunctions/MatLayerBlend_BreakBaseColor.uasset" 490
"../../../Engine/Content/Functions/MaterialLayerFunctions/MatLayerBlend_BreakBaseColor.uexp" 491
"../../../Engine/Content/Functions/Engine_MaterialFunctions01/Shading/MetallicShading.uasset" 492
"../../../Engine/Content/Functions/Engine_MaterialFunctions01/Shading/MetallicShading.uexp" 493
"../../../Engine/Content/Functions/Engine_MaterialFunctions03/Blends/Lerp_ScratchGrime.uasset" 494
"../../../Engine/Content/Functions/Engine_MaterialFunctions03/Blends/Lerp_ScratchGrime.uexp" 495
"E:/Epic Games/UE projects/rpg_project/Content/ParagonAurora/Characters/Global/ParameterCollections/OrionGlobalGameplayCollection.uasset" 496
"E:/Epic Games/UE projects/rpg_project/Content/ParagonAurora/Characters/Global/ParameterCollections/OrionGlobalGameplayCollection.uexp" 497
"../../../Engine/Content/EngineMaterials/DefaultNormal.ubulk" 498
"../../../Engine/Content/EngineMaterials/DefaultNormal.uasset" 499
"../../../Engine/Content/EngineMaterials/DefaultNormal.uexp" 500
"E:/Epic Games/UE projects/rpg_project/Content/ParagonAurora/Characters/Global/MaterialLayers/T_TestML_Mask.ubulk" 501
"E:/Epic Games/UE projects/rpg_project/Content/ParagonAurora/Characters/Global/MaterialLayers/T_TestML_Mask.uasset" 502
"E:/Epic Games/UE projects/rpg_project/Content/ParagonAurora/Characters/Global/MaterialLayers/T_TestML_Mask.uexp" 503
"E:/Epic Games/UE projects/rpg_project/Content/ParagonAurora/Characters/Global/MaterialLayers/ML__Blank.uasset" 504
"E:/Epic Games/UE projects/rpg_project/Content/ParagonAurora/Characters/Global/MaterialLayers/ML__Blank.uexp" 505
"E:/Epic Games/UE projects/rpg_project/Content/ParagonAurora/Characters/Global/MaterialFunctions/MaterialLayerConstructors/MLC_ScratchAndGrime.uasset" 506
"E:/Epic Games/UE projects/rpg_project/Content/ParagonAurora/Characters/Global/MaterialFunctions/MaterialLayerConstructors/MLC_ScratchAndGrime.uexp" 507
"E:/Epic Games/UE projects/rpg_project/Content/ParagonAurora/Characters/Global/MaterialFunctions/MaterialLayerConstructors/MLC_Standard.uasset" 508
"E:/Epic Games/UE projects/rpg_project/Content/ParagonAurora/Characters/Global/MaterialFunctions/MaterialLayerConstructors/MLC_Standard.uexp" 509
"E:/Epic Games/UE projects/rpg_project/Content/ParagonAurora/Characters/Global/MaterialLayers/Rubber/T_Blank_N.uasset" 510
"E:/Epic Games/UE projects/rpg_project/Content/ParagonAurora/Characters/Global/MaterialLayers/Rubber/T_Blank_N.uexp" 511
"E:/Epic Games/UE projects/rpg_project/Content/ParagonAurora/Characters/Global/MaterialLayers/Metal/T_Blue_Metal02.ubulk" 512
"E:/Epic Games/UE projects/rpg_project/Content/ParagonAurora/Characters/Global/MaterialLayers/Metal/T_Blue_Metal02.uasset" 513
"E:/Epic Games/UE projects/rpg_project/Content/ParagonAurora/Characters/Global/MaterialLayers/Metal/T_Blue_Metal02.uexp" 514
"E:/Epic Games/UE projects/rpg_project/Content/ParagonAurora/Characters/Global/MaterialLayers/Metal/ML_blue_Metal.uasset" 515
"E:/Epic Games/UE projects/rpg_project/Content/ParagonAurora/Characters/Global/MaterialLayers/Metal/ML_blue_Metal.uexp" 516
"E:/Epic Games/UE projects/rpg_project/Content/ParagonAurora/Characters/Global/MaterialFunctions/MF_OrionRimlight.uasset" 517
"E:/Epic Games/UE projects/rpg_project/Content/ParagonAurora/Characters/Global/MaterialFunctions/MF_OrionRimlight.uexp" 518
"E:/Epic Games/UE projects/rpg_project/Content/ParagonAurora/Characters/Global/MaterialFunctions/MF_HitFlash.uasset" 519
"E:/Epic Games/UE projects/rpg_project/Content/ParagonAurora/Characters/Global/MaterialFunctions/MF_HitFlash.uexp" 520
"E:/Epic Games/UE projects/rpg_project/Content/ParagonAurora/Characters/Global/MaterialFunctions/Textures/Noise/T_AtmosphericCloudNoise01.ubulk" 521
"E:/Epic Games/UE projects/rpg_project/Content/ParagonAurora/Characters/Global/MaterialFunctions/Textures/Noise/T_AtmosphericCloudNoise01.uasset" 522
"E:/Epic Games/UE projects/rpg_project/Content/ParagonAurora/Characters/Global/MaterialFunctions/Textures/Noise/T_AtmosphericCloudNoise01.uexp" 523
"E:/Epic Games/UE projects/rpg_project/Content/ParagonAurora/Characters/Global/MaterialFunctions/Textures/Noise/T_AtmosphericCloudNoise03.ubulk" 524
"E:/Epic Games/UE projects/rpg_project/Content/ParagonAurora/Characters/Global/MaterialFunctions/Textures/Noise/T_AtmosphericCloudNoise03.uasset" 525
"E:/Epic Games/UE projects/rpg_project/Content/ParagonAurora/Characters/Global/MaterialFunctions/Textures/Noise/T_AtmosphericCloudNoise03.uexp" 526
"E:/Epic Games/UE projects/rpg_project/Content/ParagonAurora/Characters/Global/MaterialFunctions/Textures/Noise/T_AtmosphericCloudNoise01_N.ubulk" 527
"E:/Epic Games/UE projects/rpg_project/Content/ParagonAurora/Characters/Global/MaterialFunctions/Textures/Noise/T_AtmosphericCloudNoise01_N.uasset" 528
"E:/Epic Games/UE projects/rpg_project/Content/ParagonAurora/Characters/Global/MaterialFunctions/Textures/Noise/T_AtmosphericCloudNoise01_N.uexp" 529
"E:/Epic Games/UE projects/rpg_project/Content/ParagonAurora/Characters/Global/MaterialFunctions/MF_DeathFade.uasset" 530
"E:/Epic Games/UE projects/rpg_project/Content/ParagonAurora/Characters/Global/MaterialFunctions/MF_DeathFade.uexp" 531
"E:/Epic Games/UE projects/rpg_project/Content/ParagonAurora/Characters/Global/MaterialFunctions/MF_BrightnessAdjust.uasset" 532
"E:/Epic Games/UE projects/rpg_project/Content/ParagonAurora/Characters/Global/MaterialFunctions/MF_BrightnessAdjust.uexp" 533
"E:/Epic Games/UE projects/rpg_project/Content/ParagonAurora/Characters/Global/MaterialFunctions/MF_CharacterEffects.uasset" 534
"E:/Epic Games/UE projects/rpg_project/Content/ParagonAurora/Characters/Global/MaterialFunctions/MF_CharacterEffects.uexp" 535
"E:/Epic Games/UE projects/rpg_project/Content/ParagonAurora/Characters/Global/Eyes/Materials/M_TearLine.uasset" 536
"E:/Epic Games/UE projects/rpg_project/Content/ParagonAurora/Characters/Global/Eyes/Materials/M_TearLine.uexp" 537
"E:/Epic Games/UE projects/rpg_project/Content/ParagonAurora/Characters/Global/Eyes/Textures/T_Eye_Tearduct__normals2.ubulk" 538
"E:/Epic Games/UE projects/rpg_project/Content/ParagonAurora/Characters/Global/Eyes/Textures/T_Eye_Tearduct__normals2.uasset" 539
"E:/Epic Games/UE projects/rpg_project/Content/ParagonAurora/Characters/Global/Eyes/Textures/T_Eye_Tearduct__normals2.uexp" 540
"E:/Epic Games/UE projects/rpg_project/Content/ParagonAurora/Characters/Global/Eyes/Textures/SSP_TearDuct.uasset" 541
"E:/Epic Games/UE projects/rpg_project/Content/ParagonAurora/Characters/Global/Eyes/Textures/SSP_TearDuct.uexp" 542
"E:/Epic Games/UE projects/rpg_project/Content/ParagonAurora/Characters/Global/Eyes/Materials/M_TearDuct_2.uasset" 543
"E:/Epic Games/UE projects/rpg_project/Content/ParagonAurora/Characters/Global/Eyes/Materials/M_TearDuct_2.uexp" 544
"../../../Engine/Content/Functions/Engine_MaterialFunctions02/WorldPositionOffset/CameraOffset.uasset" 545
"../../../Engine/Content/Functions/Engine_MaterialFunctions02/WorldPositionOffset/CameraOffset.uexp" 546
"../../../Engine/Content/Functions/Engine_MaterialFunctions02/Utility/VectorLength.uasset" 547
"../../../Engine/Content/Functions/Engine_MaterialFunctions02/Utility/VectorLength.uexp" 548
"../../../Engine/Content/Functions/Engine_MaterialFunctions01/ImageAdjustment/BlurSampleOffsets.uasset" 549
"../../../Engine/Content/Functions/Engine_MaterialFunctions01/ImageAdjustment/BlurSampleOffsets.uexp" 550
"../../../Engine/Content/Functions/Engine_MaterialFunctions02/Utility/CameraVectorWithWPOOptions.uasset" 551
"../../../Engine/Content/Functions/Engine_MaterialFunctions02/Utility/CameraVectorWithWPOOptions.uexp" 552
"../../../Engine/Content/Functions/Engine_MaterialFunctions01/ImageAdjustment/SceneTextureAverage.uasset" 553
"../../../Engine/Content/Functions/Engine_MaterialFunctions01/ImageAdjustment/SceneTextureAverage.uexp" 554
"E:/Epic Games/UE projects/rpg_project/Content/ParagonAurora/Characters/Global/Eyes/Textures/T_EyeOcclusion2.ubulk" 555
"E:/Epic Games/UE projects/rpg_project/Content/ParagonAurora/Characters/Global/Eyes/Textures/T_EyeOcclusion2.uasset" 556
"E:/Epic Games/UE projects/rpg_project/Content/ParagonAurora/Characters/Global/Eyes/Textures/T_EyeOcclusion2.uexp" 557
"E:/Epic Games/UE projects/rpg_project/Content/ParagonAurora/Characters/Global/Eyes/Materials/M_Eye_Occlusion.uasset" 558
"E:/Epic Games/UE projects/rpg_project/Content/ParagonAurora/Characters/Global/Eyes/Materials/M_Eye_Occlusion.uexp" 559
"E:/Epic Games/UE projects/rpg_project/Content/ParagonAurora/Characters/Global/Mouth/Textures/T_TeethAndTongue_N.ubulk" 560
"E:/Epic Games/UE projects/rpg_project/Content/ParagonAurora/Characters/Global/Mouth/Textures/T_TeethAndTongue_N.uasset" 561
"E:/Epic Games/UE projects/rpg_project/Content/ParagonAurora/Characters/Global/Mouth/Textures/T_TeethAndTongue_N.uexp" 562
"E:/Epic Games/UE projects/rpg_project/Content/ParagonAurora/Characters/Global/Mouth/Textures/T_TeethAndTongue_D2.ubulk" 563
"E:/Epic Games/UE projects/rpg_project/Content/ParagonAurora/Characters/Global/Mouth/Textures/T_TeethAndTongue_D2.uasset" 564
"E:/Epic Games/UE projects/rpg_project/Content/ParagonAurora/Characters/Global/Mouth/Textures/T_TeethAndTongue_D2.uexp" 565
"E:/Epic Games/UE projects/rpg_project/Content/ParagonAurora/Characters/Global/Mouth/Textures/T_Master_Mouth_1_RGB.ubulk" 566
"E:/Epic Games/UE projects/rpg_project/Content/ParagonAurora/Characters/Global/Mouth/Textures/T_Master_Mouth_1_RGB.uasset" 567
"E:/Epic Games/UE projects/rpg_project/Content/ParagonAurora/Characters/Global/Mouth/Textures/T_Master_Mouth_1_RGB.uexp" 568
"E:/Epic Games/UE projects/rpg_project/Content/ParagonAurora/Characters/Global/Mouth/Textures/T_Master_Mouth_1_N.ubulk" 569
"E:/Epic Games/UE projects/rpg_project/Content/ParagonAurora/Characters/Global/Mouth/Textures/T_Master_Mouth_1_N.uasset" 570
"E:/Epic Games/UE projects/rpg_project/Content/ParagonAurora/Characters/Global/Mouth/Textures/T_Master_Mouth_1_N.uexp" 571
"E:/Epic Games/UE projects/rpg_project/Content/ParagonAurora/Characters/Global/Mouth/Textures/T_Master_Mouth_1_COLOR.ubulk" 572
"E:/Epic Games/UE projects/rpg_project/Content/ParagonAurora/Characters/Global/Mouth/Textures/T_Master_Mouth_1_COLOR.uasset" 573
"E:/Epic Games/UE projects/rpg_project/Content/ParagonAurora/Characters/Global/Mouth/Textures/T_Master_Mouth_1_COLOR.uexp" 574
"E:/Epic Games/UE projects/rpg_project/Content/ParagonAurora/Characters/Global/Mouth/Materials/SSP_TeethSubsurfaceProfile.uasset" 575
"E:/Epic Games/UE projects/rpg_project/Content/ParagonAurora/Characters/Global/Mouth/Materials/SSP_TeethSubsurfaceProfile.uexp" 576
"E:/Epic Games/UE projects/rpg_project/Content/ParagonAurora/Characters/Global/Mouth/Materials/M_Mouth_Master.uasset" 577
"E:/Epic Games/UE projects/rpg_project/Content/ParagonAurora/Characters/Global/Mouth/Materials/M_Mouth_Master.uexp" 578
"E:/Epic Games/UE projects/rpg_project/Content/ParagonAurora/Characters/Global/Mouth/Materials/M_Mouth_MId_color.uasset" 579
"E:/Epic Games/UE projects/rpg_project/Content/ParagonAurora/Characters/Global/Mouth/Materials/M_Mouth_MId_color.uexp" 580
"../../../Engine/Content/Functions/Engine_MaterialFunctions01/Texturing/FlattenNormal.uasset" 581
"../../../Engine/Content/Functions/Engine_MaterialFunctions01/Texturing/FlattenNormal.uexp" 582
"../../../Engine/Content/Functions/Engine_MaterialFunctions02/Utility/BlendAngleCorrectedNormals.uasset" 583
"../../../Engine/Content/Functions/Engine_MaterialFunctions02/Utility/BlendAngleCorrectedNormals.uexp" 584
"../../../Engine/Content/Functions/MaterialLayerFunctions/MatLayerBlend_BakedNormal.uasset" 585
"../../../Engine/Content/Functions/MaterialLayerFunctions/MatLayerBlend_BakedNormal.uexp" 586
"../../../Engine/Content/Functions/MaterialLayerFunctions/MatLayerBlend_TenLayerBlend.uasset" 587
"../../../Engine/Content/Functions/MaterialLayerFunctions/MatLayerBlend_TenLayerBlend.uexp" 588
"E:/Epic Games/UE projects/rpg_project/Content/ParagonAurora/Characters/Global/MaterialLayers/Skin/T_Pore_Normals2.ubulk" 589
"E:/Epic Games/UE projects/rpg_project/Content/ParagonAurora/Characters/Global/MaterialLayers/Skin/T_Pore_Normals2.uasset" 590
"E:/Epic Games/UE projects/rpg_project/Content/ParagonAurora/Characters/Global/MaterialLayers/Skin/T_Pore_Normals2.uexp" 591
"E:/Epic Games/UE projects/rpg_project/Content/ParagonAurora/Characters/Global/MaterialLayers/Skin/T_Pore_Specular.ubulk" 592
"E:/Epic Games/UE projects/rpg_project/Content/ParagonAurora/Characters/Global/MaterialLayers/Skin/T_Pore_Specular.uasset" 593
"E:/Epic Games/UE projects/rpg_project/Content/ParagonAurora/Characters/Global/MaterialLayers/Skin/T_Pore_Specular.uexp" 594
"E:/Epic Games/UE projects/rpg_project/Content/ParagonAurora/Characters/Global/MaterialFunctions/MF_SkinPores.uasset" 595
"E:/Epic Games/UE projects/rpg_project/Content/ParagonAurora/Characters/Global/MaterialFunctions/MF_SkinPores.uexp" 596
"E:/Epic Games/UE projects/rpg_project/Content/ParagonAurora/Characters/Global/MaterialFunctions/ML_Skin.uasset" 597
"E:/Epic Games/UE projects/rpg_project/Content/ParagonAurora/Characters/Global/MaterialFunctions/ML_Skin.uexp" 598
"E:/Epic Games/UE projects/rpg_project/Content/ParagonAurora/Characters/Global/FX/Textures/Coords/T_LinearUVs.ubulk" 599
"E:/Epic Games/UE projects/rpg_project/Content/ParagonAurora/Characters/Global/FX/Textures/Coords/T_LinearUVs.uasset" 600
"E:/Epic Games/UE projects/rpg_project/Content/ParagonAurora/Characters/Global/FX/Textures/Coords/T_LinearUVs.uexp" 601
"E:/Epic Games/UE projects/rpg_project/Content/ParagonAurora/Characters/Global/MaterialFunctions/MF_ThresholdMask.uasset" 602
"E:/Epic Games/UE projects/rpg_project/Content/ParagonAurora/Characters/Global/MaterialFunctions/MF_ThresholdMask.uexp" 603
"../../../Engine/Content/EngineResources/WhiteSquareTexture.uasset" 604
"../../../Engine/Content/EngineResources/WhiteSquareTexture.uexp" 605
"E:/Epic Games/UE projects/rpg_project/Content/ParagonAurora/Characters/Global/T_Black_Linear.uasset" 606
"E:/Epic Games/UE projects/rpg_project/Content/ParagonAurora/Characters/Global/T_Black_Linear.uexp" 607
"E:/Epic Games/UE projects/rpg_project/Content/ParagonAurora/Characters/Global/MaterialFunctions/MF_OrionCharacterAO.uasset" 608
"E:/Epic Games/UE projects/rpg_project/Content/ParagonAurora/Characters/Global/MaterialFunctions/MF_OrionCharacterAO.uexp" 609
"E:/Epic Games/UE projects/rpg_project/Content/ParagonAurora/Characters/Global/MaterialFunctions/MF_cheapBlendAngleNormal.uasset" 610
"E:/Epic Games/UE projects/rpg_project/Content/ParagonAurora/Characters/Global/MaterialFunctions/MF_cheapBlendAngleNormal.uexp" 611
"E:/Epic Games/UE projects/rpg_project/Content/ParagonAurora/Characters/Heroes/Aurora/Materials/SSP_Aurora.uasset" 612
"E:/Epic Games/UE projects/rpg_project/Content/ParagonAurora/Characters/Heroes/Aurora/Materials/SSP_Aurora.uexp" 613
"E:/Epic Games/UE projects/rpg_project/Content/ParagonAurora/Characters/Global/MaterialLayers/Special/MF_GemLike_Color.uasset" 614
"E:/Epic Games/UE projects/rpg_project/Content/ParagonAurora/Characters/Global/MaterialLayers/Special/MF_GemLike_Color.uexp" 615
"E:/Epic Games/UE projects/rpg_project/Content/ParagonAurora/Characters/Global/MaterialLayers/Special/T_Noise_Water.ubulk" 616
"E:/Epic Games/UE projects/rpg_project/Content/ParagonAurora/Characters/Global/MaterialLayers/Special/T_Noise_Water.uasset" 617
"E:/Epic Games/UE projects/rpg_project/Content/ParagonAurora/Characters/Global/MaterialLayers/Special/T_Noise_Water.uexp" 618
"E:/Epic Games/UE projects/rpg_project/Content/ParagonAurora/Characters/Global/MaterialLayers/Special/T_Aurora_Noise_N.ubulk" 619
"E:/Epic Games/UE projects/rpg_project/Content/ParagonAurora/Characters/Global/MaterialLayers/Special/T_Aurora_Noise_N.uasset" 620
"E:/Epic Games/UE projects/rpg_project/Content/ParagonAurora/Characters/Global/MaterialLayers/Special/T_Aurora_Noise_N.uexp" 621
"E:/Epic Games/UE projects/rpg_project/Content/ParagonAurora/Characters/Global/MaterialLayers/Special/MF_IcyNoise.uasset" 622
"E:/Epic Games/UE projects/rpg_project/Content/ParagonAurora/Characters/Global/MaterialLayers/Special/MF_IcyNoise.uexp" 623
"E:/Epic Games/UE projects/rpg_project/Content/ParagonAurora/Characters/Heroes/Aurora/Textures/T_Aurora_body_Aurora_DEMO.ubulk" 624
"E:/Epic Games/UE projects/rpg_project/Content/ParagonAurora/Characters/Heroes/Aurora/Textures/T_Aurora_body_Aurora_DEMO.uasset" 625
"E:/Epic Games/UE projects/rpg_project/Content/ParagonAurora/Characters/Heroes/Aurora/Textures/T_Aurora_body_Aurora_DEMO.uexp" 626
"E:/Epic Games/UE projects/rpg_project/Content/ParagonAurora/Characters/Global/MaterialLayers/Special/T_Noise_Naki2.ubulk" 627
"E:/Epic Games/UE projects/rpg_project/Content/ParagonAurora/Characters/Global/MaterialLayers/Special/T_Noise_Naki2.uasset" 628
"E:/Epic Games/UE projects/rpg_project/Content/ParagonAurora/Characters/Global/MaterialLayers/Special/T_Noise_Naki2.uexp" 629
"E:/Epic Games/UE projects/rpg_project/Content/ParagonAurora/Characters/Global/MaterialLayers/Special/T_Noise_Anisotropic.ubulk" 630
"E:/Epic Games/UE projects/rpg_project/Content/ParagonAurora/Characters/Global/MaterialLayers/Special/T_Noise_Anisotropic.uasset" 631
"E:/Epic Games/UE projects/rpg_project/Content/ParagonAurora/Characters/Global/MaterialLayers/Special/T_Noise_Anisotropic.uexp" 632
"E:/Epic Games/UE projects/rpg_project/Content/ParagonAurora/Characters/Global/MaterialLayers/Special/T_Metal_Lights_S.ubulk" 633
"E:/Epic Games/UE projects/rpg_project/Content/ParagonAurora/Characters/Global/MaterialLayers/Special/T_Metal_Lights_S.uasset" 634
"E:/Epic Games/UE projects/rpg_project/Content/ParagonAurora/Characters/Global/MaterialLayers/Special/T_Metal_Lights_S.uexp" 635
"E:/Epic Games/UE projects/rpg_project/Content/ParagonAurora/Characters/Global/MaterialLayers/Special/T_Glacier_Cap_N.ubulk" 636
"E:/Epic Games/UE projects/rpg_project/Content/ParagonAurora/Characters/Global/MaterialLayers/Special/T_Glacier_Cap_N.uasset" 637
"E:/Epic Games/UE projects/rpg_project/Content/ParagonAurora/Characters/Global/MaterialLayers/Special/T_Glacier_Cap_N.uexp" 638
"E:/Epic Games/UE projects/rpg_project/Content/ParagonAurora/Characters/Global/MaterialLayers/Special/T_Aurora_Crystal_S_01.ubulk" 639
"E:/Epic Games/UE projects/rpg_project/Content/ParagonAurora/Characters/Global/MaterialLayers/Special/T_Aurora_Crystal_S_01.uasset" 640
"E:/Epic Games/UE projects/rpg_project/Content/ParagonAurora/Characters/Global/MaterialLayers/Special/T_Aurora_Crystal_S_01.uexp" 641
"E:/Epic Games/UE projects/rpg_project/Content/ParagonAurora/Characters/Global/MaterialLayers/Special/T_Aurora_Crystal_N_01.ubulk" 642
"E:/Epic Games/UE projects/rpg_project/Content/ParagonAurora/Characters/Global/MaterialLayers/Special/T_Aurora_Crystal_N_01.uasset" 643
"E:/Epic Games/UE projects/rpg_project/Content/ParagonAurora/Characters/Global/MaterialLayers/Special/T_Aurora_Crystal_N_01.uexp" 644
"E:/Epic Games/UE projects/rpg_project/Content/ParagonAurora/Characters/Global/MaterialLayers/Special/T_AuroraVeins.ubulk" 645
"E:/Epic Games/UE projects/rpg_project/Content/ParagonAurora/Characters/Global/MaterialLayers/Special/T_AuroraVeins.uasset" 646
"E:/Epic Games/UE projects/rpg_project/Content/ParagonAurora/Characters/Global/MaterialLayers/Special/T_AuroraVeins.uexp" 647
"E:/Epic Games/UE projects/rpg_project/Content/ParagonAurora/Characters/Global/MaterialLayers/Rock/Details/T_RockSmooth0074_1_XL_H.ubulk" 648
"E:/Epic Games/UE projects/rpg_project/Content/ParagonAurora/Characters/Global/MaterialLayers/Rock/Details/T_RockSmooth0074_1_XL_H.uasset" 649
"E:/Epic Games/UE projects/rpg_project/Content/ParagonAurora/Characters/Global/MaterialLayers/Rock/Details/T_RockSmooth0074_1_XL_H.uexp" 650
"E:/Epic Games/UE projects/rpg_project/Content/ParagonAurora/Characters/Global/MaterialLayers/Rock/MaterialLayers/T_Crunchy_2_D.ubulk" 651
"E:/Epic Games/UE projects/rpg_project/Content/ParagonAurora/Characters/Global/MaterialLayers/Rock/MaterialLayers/T_Crunchy_2_D.uasset" 652
"E:/Epic Games/UE projects/rpg_project/Content/ParagonAurora/Characters/Global/MaterialLayers/Rock/MaterialLayers/T_Crunchy_2_D.uexp" 653
"E:/Epic Games/UE projects/rpg_project/Content/ParagonAurora/Characters/Global/MaterialLayers/Special/ML_TranslucentIce.uasset" 654
"E:/Epic Games/UE projects/rpg_project/Content/ParagonAurora/Characters/Global/MaterialLayers/Special/ML_TranslucentIce.uexp" 655
"E:/Epic Games/UE projects/rpg_project/Content/ParagonAurora/Characters/Heroes/Aurora/Textures/T_Aurora_Body_RGB.ubulk" 656
"E:/Epic Games/UE projects/rpg_project/Content/ParagonAurora/Characters/Heroes/Aurora/Textures/T_Aurora_Body_RGB.uasset" 657
"E:/Epic Games/UE projects/rpg_project/Content/ParagonAurora/Characters/Heroes/Aurora/Textures/T_Aurora_Body_RGB.uexp" 658
"E:/Epic Games/UE projects/rpg_project/Content/ParagonAurora/Characters/Global/MaterialLayers/Events/WinterHoliday2016/T_Snow_Crystals_N.ubulk" 659
"E:/Epic Games/UE projects/rpg_project/Content/ParagonAurora/Characters/Global/MaterialLayers/Events/WinterHoliday2016/T_Snow_Crystals_N.uasset" 660
"E:/Epic Games/UE projects/rpg_project/Content/ParagonAurora/Characters/Global/MaterialLayers/Events/WinterHoliday2016/T_Snow_Crystals_N.uexp" 661
"E:/Epic Games/UE projects/rpg_project/Content/ParagonAurora/Characters/Global/MaterialLayers/Events/WinterHoliday2016/T_Snow_Crystals_MASK.ubulk" 662
"E:/Epic Games/UE projects/rpg_project/Content/ParagonAurora/Characters/Global/MaterialLayers/Events/WinterHoliday2016/T_Snow_Crystals_MASK.uasset" 663
"E:/Epic Games/UE projects/rpg_project/Content/ParagonAurora/Characters/Global/MaterialLayers/Events/WinterHoliday2016/T_Snow_Crystals_MASK.uexp" 664
"E:/Epic Games/UE projects/rpg_project/Content/ParagonAurora/Characters/Global/MaterialLayers/Events/WinterHoliday2016/ML_WinterFrost_1.uasset" 665
"E:/Epic Games/UE projects/rpg_project/Content/ParagonAurora/Characters/Global/MaterialLayers/Events/WinterHoliday2016/ML_WinterFrost_1.uexp" 666
"E:/Epic Games/UE projects/rpg_project/Content/ParagonAurora/Characters/Global/MaterialFunctions/Events/WinterHoliday2016/MF_Snow_Accumulation.uasset" 667
"E:/Epic Games/UE projects/rpg_project/Content/ParagonAurora/Characters/Global/MaterialFunctions/Events/WinterHoliday2016/MF_Snow_Accumulation.uexp" 668
"E:/Epic Games/UE projects/rpg_project/Content/ParagonAurora/Characters/Global/MaterialLayers/Special/T_LightFrost_Blurred_NRM.ubulk" 669
"E:/Epic Games/UE projects/rpg_project/Content/ParagonAurora/Characters/Global/MaterialLayers/Special/T_LightFrost_Blurred_NRM.uasset" 670
"E:/Epic Games/UE projects/rpg_project/Content/ParagonAurora/Characters/Global/MaterialLayers/Special/T_LightFrost_Blurred_NRM.uexp" 671
"E:/Epic Games/UE projects/rpg_project/Content/ParagonAurora/Characters/Global/MaterialLayers/Special/T_LightFrost.ubulk" 672
"E:/Epic Games/UE projects/rpg_project/Content/ParagonAurora/Characters/Global/MaterialLayers/Special/T_LightFrost.uasset" 673
"E:/Epic Games/UE projects/rpg_project/Content/ParagonAurora/Characters/Global/MaterialLayers/Special/T_LightFrost.uexp" 674
"E:/Epic Games/UE projects/rpg_project/Content/ParagonAurora/Characters/Global/MaterialLayers/Special/MF_WinterFrost.uasset" 675
"E:/Epic Games/UE projects/rpg_project/Content/ParagonAurora/Characters/Global/MaterialLayers/Special/MF_WinterFrost.uexp" 676
"E:/Epic Games/UE projects/rpg_project/Content/ParagonAurora/Characters/Heroes/Aurora/Materials/M_Aurora_Body.uasset" 677
"E:/Epic Games/UE projects/rpg_project/Content/ParagonAurora/Characters/Heroes/Aurora/Materials/M_Aurora_Body.uexp" 678
"../../../Engine/Content/Functions/Engine_MaterialFunctions02/Utility/DebugTimeSine.uasset" 679
"../../../Engine/Content/Functions/Engine_MaterialFunctions02/Utility/DebugTimeSine.uexp" 680
"E:/Epic Games/UE projects/rpg_project/Content/ParagonAurora/Characters/Global/MaterialLayers/ML_FlatBlack.uasset" 681
"E:/Epic Games/UE projects/rpg_project/Content/ParagonAurora/Characters/Global/MaterialLayers/ML_FlatBlack.uexp" 682
"E:/Epic Games/UE projects/rpg_project/Content/ParagonAurora/Characters/Heroes/Aurora/Textures/T_Aurora_SwordGradient.ubulk" 683
"E:/Epic Games/UE projects/rpg_project/Content/ParagonAurora/Characters/Heroes/Aurora/Textures/T_Aurora_SwordGradient.uasset" 684
"E:/Epic Games/UE projects/rpg_project/Content/ParagonAurora/Characters/Heroes/Aurora/Textures/T_Aurora_SwordGradient.uexp" 685
"E:/Epic Games/UE projects/rpg_project/Content/ParagonAurora/Characters/Heroes/Aurora/Materials/MF_Aurora_Sword_FX.uasset" 686
"E:/Epic Games/UE projects/rpg_project/Content/ParagonAurora/Characters/Heroes/Aurora/Materials/MF_Aurora_Sword_FX.uexp" 687
"E:/Epic Games/UE projects/rpg_project/Content/ParagonAurora/Characters/Global/FX/Textures/Masks/T_GradientLaserSoft_M.ubulk" 688
"E:/Epic Games/UE projects/rpg_project/Content/ParagonAurora/Characters/Global/FX/Textures/Masks/T_GradientLaserSoft_M.uasset" 689
"E:/Epic Games/UE projects/rpg_project/Content/ParagonAurora/Characters/Global/FX/Textures/Masks/T_GradientLaserSoft_M.uexp" 690
"E:/Epic Games/UE projects/rpg_project/Content/ParagonAurora/Characters/Heroes/Aurora/Materials/M_Aurora_Sword.uasset" 691
"E:/Epic Games/UE projects/rpg_project/Content/ParagonAurora/Characters/Heroes/Aurora/Materials/M_Aurora_Sword.uexp" 692
"E:/Epic Games/UE projects/rpg_project/Content/ParagonAurora/Characters/Global/Eyelash/T_Aurora_Eyelashes_N.ubulk" 693
"E:/Epic Games/UE projects/rpg_project/Content/ParagonAurora/Characters/Global/Eyelash/T_Aurora_Eyelashes_N.uasset" 694
"E:/Epic Games/UE projects/rpg_project/Content/ParagonAurora/Characters/Global/Eyelash/T_Aurora_Eyelashes_N.uexp" 695
"E:/Epic Games/UE projects/rpg_project/Content/ParagonAurora/Characters/Global/Eyelash/T_Aurora_Eyelashes_D.ubulk" 696
"E:/Epic Games/UE projects/rpg_project/Content/ParagonAurora/Characters/Global/Eyelash/T_Aurora_Eyelashes_D.uasset" 697
"E:/Epic Games/UE projects/rpg_project/Content/ParagonAurora/Characters/Global/Eyelash/T_Aurora_Eyelashes_D.uexp" 698
"E:/Epic Games/UE projects/rpg_project/Content/ParagonAurora/Characters/Global/Eyelash/M_EyelashMaster_N.uasset" 699
"E:/Epic Games/UE projects/rpg_project/Content/ParagonAurora/Characters/Global/Eyelash/M_EyelashMaster_N.uexp" 700
"E:/Epic Games/UE projects/rpg_project/Content/ParagonAurora/Characters/Heroes/Aurora/Materials/M_EyelashMaster_Aurora.uasset" 701
"E:/Epic Games/UE projects/rpg_project/Content/ParagonAurora/Characters/Heroes/Aurora/Materials/M_EyelashMaster_Aurora.uexp" 702
"E:/Epic Games/UE projects/rpg_project/Content/ParagonAurora/Characters/Global/MaterialLayers/Rock/Textures/T_HadriansScree_PDO01_H.ubulk" 703
"E:/Epic Games/UE projects/rpg_project/Content/ParagonAurora/Characters/Global/MaterialLayers/Rock/Textures/T_HadriansScree_PDO01_H.uasset" 704
"E:/Epic Games/UE projects/rpg_project/Content/ParagonAurora/Characters/Global/MaterialLayers/Rock/Textures/T_HadriansScree_PDO01_H.uexp" 705
"E:/Epic Games/UE projects/rpg_project/Content/ParagonAurora/Characters/Global/MaterialLayers/Rock/Textures/T_HadriansScree_PDO01_N.ubulk" 706
"E:/Epic Games/UE projects/rpg_project/Content/ParagonAurora/Characters/Global/MaterialLayers/Rock/Textures/T_HadriansScree_PDO01_N.uasset" 707
"E:/Epic Games/UE projects/rpg_project/Content/ParagonAurora/Characters/Global/MaterialLayers/Rock/Textures/T_HadriansScree_PDO01_N.uexp" 708
"../../../Engine/Content/Functions/Engine_MaterialFunctions02/Utility/CameraDirectionVector.uasset" 709
"../../../Engine/Content/Functions/Engine_MaterialFunctions02/Utility/CameraDirectionVector.uexp" 710
"E:/Epic Games/UE projects/rpg_project/Content/ParagonAurora/Characters/Global/PDO_Sheets/MF_ScaleStepsByDistance.uasset" 711
"E:/Epic Games/UE projects/rpg_project/Content/ParagonAurora/Characters/Global/PDO_Sheets/MF_ScaleStepsByDistance.uexp" 712
"../../../Engine/Content/EngineVolumetrics/Fogsheet/Materials/T_EV_BlankWhite_01.uasset" 713
"../../../Engine/Content/EngineVolumetrics/Fogsheet/Materials/T_EV_BlankWhite_01.uexp" 714
"E:/Epic Games/UE projects/rpg_project/Content/ParagonAurora/Characters/Global/PDO_Sheets/MF_ParallaxOcclusionMapping_Curvetest_Paragon.uasset" 715
"E:/Epic Games/UE projects/rpg_project/Content/ParagonAurora/Characters/Global/PDO_Sheets/MF_ParallaxOcclusionMapping_Curvetest_Paragon.uexp" 716
"E:/Epic Games/UE projects/rpg_project/Content/ParagonAurora/Characters/Global/MaterialFunctions/MF_PDO_QualitySwitch.uasset" 717
"E:/Epic Games/UE projects/rpg_project/Content/ParagonAurora/Characters/Global/MaterialFunctions/MF_PDO_QualitySwitch.uexp" 718
"E:/Epic Games/UE projects/rpg_project/Content/ParagonAurora/Characters/Global/MaterialLayers/Rock/Textures/T_GDC_StonePath_Tile_N.ubulk" 719
"E:/Epic Games/UE projects/rpg_project/Content/ParagonAurora/Characters/Global/MaterialLayers/Rock/Textures/T_GDC_StonePath_Tile_N.uasset" 720
"E:/Epic Games/UE projects/rpg_project/Content/ParagonAurora/Characters/Global/MaterialLayers/Rock/Textures/T_GDC_StonePath_Tile_N.uexp" 721
"E:/Epic Games/UE projects/rpg_project/Content/ParagonAurora/Characters/Global/MaterialLayers/Terrain/MaterialLayers/T_GDC_StonePath_Tile_H.ubulk" 722
"E:/Epic Games/UE projects/rpg_project/Content/ParagonAurora/Characters/Global/MaterialLayers/Terrain/MaterialLayers/T_GDC_StonePath_Tile_H.uasset" 723
"E:/Epic Games/UE projects/rpg_project/Content/ParagonAurora/Characters/Global/MaterialLayers/Terrain/MaterialLayers/T_GDC_StonePath_Tile_H.uexp" 724
"E:/Epic Games/UE projects/rpg_project/Content/ParagonAurora/Characters/Global/PDO_Sheets/MPC/MPC_POM.uasset" 725
"E:/Epic Games/UE projects/rpg_project/Content/ParagonAurora/Characters/Global/PDO_Sheets/MPC/MPC_POM.uexp" 726
"E:/Epic Games/UE projects/rpg_project/Content/ParagonAurora/Characters/Heroes/Aurora/Materials/M_PDO_AuroraTransition.uasset" 727
"E:/Epic Games/UE projects/rpg_project/Content/ParagonAurora/Characters/Heroes/Aurora/Materials/M_PDO_AuroraTransition.uexp" 728
"E:/Epic Games/UE projects/rpg_project/Content/ParagonAurora/Characters/Heroes/Aurora/Materials/PDO_AuroraTransition_Inst.uasset" 729
"E:/Epic Games/UE projects/rpg_project/Content/ParagonAurora/Characters/Heroes/Aurora/Materials/PDO_AuroraTransition_Inst.uexp" 730
"E:/Epic Games/UE projects/rpg_project/Content/ParagonAurora/Characters/Heroes/Aurora/Materials/SSP_AuroraSkin.uasset" 731
"E:/Epic Games/UE projects/rpg_project/Content/ParagonAurora/Characters/Heroes/Aurora/Materials/SSP_AuroraSkin.uexp" 732
"E:/Epic Games/UE projects/rpg_project/Content/ParagonAurora/Characters/Global/MaterialLayers/Skin/ML_Skin.uasset" 733
"E:/Epic Games/UE projects/rpg_project/Content/ParagonAurora/Characters/Global/MaterialLayers/Skin/ML_Skin.uexp" 734
"E:/Epic Games/UE projects/rpg_project/Content/ParagonAurora/Characters/Heroes/Aurora/Textures/T_Aurora_Dress_New_N.ubulk" 735
"E:/Epic Games/UE projects/rpg_project/Content/ParagonAurora/Characters/Heroes/Aurora/Textures/T_Aurora_Dress_New_N.uasset" 736
"E:/Epic Games/UE projects/rpg_project/Content/ParagonAurora/Characters/Heroes/Aurora/Textures/T_Aurora_Dress_New_N.uexp" 737
"E:/Epic Games/UE projects/rpg_project/Content/ParagonAurora/Characters/Heroes/Aurora/Textures/T_Aurora_Beta_Dress_RGBA.ubulk" 738
"E:/Epic Games/UE projects/rpg_project/Content/ParagonAurora/Characters/Heroes/Aurora/Textures/T_Aurora_Beta_Dress_RGBA.uasset" 739
"E:/Epic Games/UE projects/rpg_project/Content/ParagonAurora/Characters/Heroes/Aurora/Textures/T_Aurora_Beta_Dress_RGBA.uexp" 740
"E:/Epic Games/UE projects/rpg_project/Content/ParagonAurora/Characters/Heroes/Aurora/Materials/M_Aurora_Dress_Skin.uasset" 741
"E:/Epic Games/UE projects/rpg_project/Content/ParagonAurora/Characters/Heroes/Aurora/Materials/M_Aurora_Dress_Skin.uexp" 742
"E:/Epic Games/UE projects/rpg_project/Content/ParagonAurora/Characters/Global/MaterialFunctions/MaterialLayerConstructors/MLC_SolidValues.uasset" 743
"E:/Epic Games/UE projects/rpg_project/Content/ParagonAurora/Characters/Global/MaterialFunctions/MaterialLayerConstructors/MLC_SolidValues.uexp" 744
"E:/Epic Games/UE projects/rpg_project/Content/ParagonAurora/Characters/Global/MaterialLayers/Metal/T_ML_Aluminum_01_N.ubulk" 745
"E:/Epic Games/UE projects/rpg_project/Content/ParagonAurora/Characters/Global/MaterialLayers/Metal/T_ML_Aluminum_01_N.uasset" 746
"E:/Epic Games/UE projects/rpg_project/Content/ParagonAurora/Characters/Global/MaterialLayers/Metal/T_ML_Aluminum_01_N.uexp" 747
"../../../Engine/Content/EngineMaterials/FlatNormal.uasset" 748
"../../../Engine/Content/EngineMaterials/FlatNormal.uexp" 749
"E:/Epic Games/UE projects/rpg_project/Content/ParagonAurora/Characters/Global/MaterialLayers/Metal/T_hardmetal2_D.ubulk" 750
"E:/Epic Games/UE projects/rpg_project/Content/ParagonAurora/Characters/Global/MaterialLayers/Metal/T_hardmetal2_D.uasset" 751
"E:/Epic Games/UE projects/rpg_project/Content/ParagonAurora/Characters/Global/MaterialLayers/Metal/T_hardmetal2_D.uexp" 752
"E:/Epic Games/UE projects/rpg_project/Content/ParagonAurora/Characters/Global/MaterialLayers/Metal/ML_LowContrastHardMetal.uasset" 753
"E:/Epic Games/UE projects/rpg_project/Content/ParagonAurora/Characters/Global/MaterialLayers/Metal/ML_LowContrastHardMetal.uexp" 754
"E:/Epic Games/UE projects/rpg_project/Content/ParagonAurora/Characters/Global/MaterialFunctions/MaterialLayerConstructors/MF_BaseColorTintAndContrast.uasset" 755
"E:/Epic Games/UE projects/rpg_project/Content/ParagonAurora/Characters/Global/MaterialFunctions/MaterialLayerConstructors/MF_BaseColorTintAndContrast.uexp" 756
"E:/Epic Games/UE projects/rpg_project/Content/ParagonAurora/Characters/Global/MaterialFunctions/MaterialLayerConstructors/MF_RoughnessAdjustment.uasset" 757
"E:/Epic Games/UE projects/rpg_project/Content/ParagonAurora/Characters/Global/MaterialFunctions/MaterialLayerConstructors/MF_RoughnessAdjustment.uexp" 758
"E:/Epic Games/UE projects/rpg_project/Content/ParagonAurora/Characters/Global/MaterialLayers/Leather/T_ML_FineLeather01_N.ubulk" 759
"E:/Epic Games/UE projects/rpg_project/Content/ParagonAurora/Characters/Global/MaterialLayers/Leather/T_ML_FineLeather01_N.uasset" 760
"E:/Epic Games/UE projects/rpg_project/Content/ParagonAurora/Characters/Global/MaterialLayers/Leather/T_ML_FineLeather01_N.uexp" 761
"E:/Epic Games/UE projects/rpg_project/Content/ParagonAurora/Characters/Global/MaterialLayers/Leather/T_ML_FineLeather01.ubulk" 762
"E:/Epic Games/UE projects/rpg_project/Content/ParagonAurora/Characters/Global/MaterialLayers/Leather/T_ML_FineLeather01.uasset" 763
"E:/Epic Games/UE projects/rpg_project/Content/ParagonAurora/Characters/Global/MaterialLayers/Leather/T_ML_FineLeather01.uexp" 764
"E:/Epic Games/UE projects/rpg_project/Content/ParagonAurora/Characters/Global/MaterialLayers/Leather/ML_ThinLeather01.uasset" 765
"E:/Epic Games/UE projects/rpg_project/Content/ParagonAurora/Characters/Global/MaterialLayers/Leather/ML_ThinLeather01.uexp" 766
"E:/Epic Games/UE projects/rpg_project/Content/ParagonAurora/Characters/Global/MaterialLayers/Special/ML_TranslucentIceyGem_Cheap.uasset" 767
"E:/Epic Games/UE projects/rpg_project/Content/ParagonAurora/Characters/Global/MaterialLayers/Special/ML_TranslucentIceyGem_Cheap.uexp" 768
"E:/Epic Games/UE projects/rpg_project/Content/ParagonAurora/Characters/Heroes/Aurora/Textures/T_Aurora_metal_arm_normals_DEMO.ubulk" 769
"E:/Epic Games/UE projects/rpg_project/Content/ParagonAurora/Characters/Heroes/Aurora/Textures/T_Aurora_metal_arm_normals_DEMO.uasset" 770
"E:/Epic Games/UE projects/rpg_project/Content/ParagonAurora/Characters/Heroes/Aurora/Textures/T_Aurora_metal_arm_normals_DEMO.uexp" 771
"E:/Epic Games/UE projects/rpg_project/Content/ParagonAurora/Characters/Heroes/Aurora/Textures/T_Aurora_Armor_RGB.ubulk" 772
"E:/Epic Games/UE projects/rpg_project/Content/ParagonAurora/Characters/Heroes/Aurora/Textures/T_Aurora_Armor_RGB.uasset" 773
"E:/Epic Games/UE projects/rpg_project/Content/ParagonAurora/Characters/Heroes/Aurora/Textures/T_Aurora_Armor_RGB.uexp" 774
"E:/Epic Games/UE projects/rpg_project/Content/ParagonAurora/Characters/Heroes/Aurora/Textures/T_Aurora_Armor_MASK02.ubulk" 775
"E:/Epic Games/UE projects/rpg_project/Content/ParagonAurora/Characters/Heroes/Aurora/Textures/T_Aurora_Armor_MASK02.uasset" 776
"E:/Epic Games/UE projects/rpg_project/Content/ParagonAurora/Characters/Heroes/Aurora/Textures/T_Aurora_Armor_MASK02.uexp" 777
"E:/Epic Games/UE projects/rpg_project/Content/ParagonAurora/Characters/Heroes/Aurora/Textures/T_Aurora_Armor_MASK01.ubulk" 778
"E:/Epic Games/UE projects/rpg_project/Content/ParagonAurora/Characters/Heroes/Aurora/Textures/T_Aurora_Armor_MASK01.uasset" 779
"E:/Epic Games/UE projects/rpg_project/Content/ParagonAurora/Characters/Heroes/Aurora/Textures/T_Aurora_Armor_MASK01.uexp" 780
"E:/Epic Games/UE projects/rpg_project/Content/ParagonAurora/Characters/Heroes/Aurora/Materials/M_Aurora_Armor.uasset" 781
"E:/Epic Games/UE projects/rpg_project/Content/ParagonAurora/Characters/Heroes/Aurora/Materials/M_Aurora_Armor.uexp" 782
"E:/Epic Games/UE projects/rpg_project/Content/ParagonAurora/Characters/Heroes/Aurora/Textures/T_Aurora_Body_MASK02.ubulk" 783
"E:/Epic Games/UE projects/rpg_project/Content/ParagonAurora/Characters/Heroes/Aurora/Textures/T_Aurora_Body_MASK02.uasset" 784
"E:/Epic Games/UE projects/rpg_project/Content/ParagonAurora/Characters/Heroes/Aurora/Textures/T_Aurora_Body_MASK02.uexp" 785
"E:/Epic Games/UE projects/rpg_project/Content/ParagonAurora/Characters/Heroes/Aurora/Materials/M_Aurora_Body_Metals.uasset" 786
"E:/Epic Games/UE projects/rpg_project/Content/ParagonAurora/Characters/Heroes/Aurora/Materials/M_Aurora_Body_Metals.uexp" 787
"E:/Epic Games/UE projects/rpg_project/Content/ParagonAurora/Characters/Global/MaterialFunctions/MF_CharacterSkinAO.uasset" 788
"E:/Epic Games/UE projects/rpg_project/Content/ParagonAurora/Characters/Global/MaterialFunctions/MF_CharacterSkinAO.uexp" 789
"E:/Epic Games/UE projects/rpg_project/Content/ParagonAurora/Characters/Heroes/Aurora/Textures/T_Aurora_Skin_Color_BODY.ubulk" 790
"E:/Epic Games/UE projects/rpg_project/Content/ParagonAurora/Characters/Heroes/Aurora/Textures/T_Aurora_Skin_Color_BODY.uasset" 791
"E:/Epic Games/UE projects/rpg_project/Content/ParagonAurora/Characters/Heroes/Aurora/Textures/T_Aurora_Skin_Color_BODY.uexp" 792
"E:/Epic Games/UE projects/rpg_project/Content/ParagonAurora/Characters/Heroes/Aurora/Textures/T_Aurora_Legs_Snow.ubulk" 793
"E:/Epic Games/UE projects/rpg_project/Content/ParagonAurora/Characters/Heroes/Aurora/Textures/T_Aurora_Legs_Snow.uasset" 794
"E:/Epic Games/UE projects/rpg_project/Content/ParagonAurora/Characters/Heroes/Aurora/Textures/T_Aurora_Legs_Snow.uexp" 795
"E:/Epic Games/UE projects/rpg_project/Content/ParagonAurora/Characters/Heroes/Aurora/Textures/T_Aurora_Body_MASK01.ubulk" 796
"E:/Epic Games/UE projects/rpg_project/Content/ParagonAurora/Characters/Heroes/Aurora/Textures/T_Aurora_Body_MASK01.uasset" 797
"E:/Epic Games/UE projects/rpg_project/Content/ParagonAurora/Characters/Heroes/Aurora/Textures/T_Aurora_Body_MASK01.uexp" 798
"E:/Epic Games/UE projects/rpg_project/Content/ParagonAurora/Characters/Heroes/Aurora/Textures/T_Aurora_Normal_BODY.ubulk" 799
"E:/Epic Games/UE projects/rpg_project/Content/ParagonAurora/Characters/Heroes/Aurora/Textures/T_Aurora_Normal_BODY.uasset" 800
"E:/Epic Games/UE projects/rpg_project/Content/ParagonAurora/Characters/Heroes/Aurora/Textures/T_Aurora_Normal_BODY.uexp" 801
"E:/Epic Games/UE projects/rpg_project/Content/ParagonAurora/Characters/Heroes/Aurora/Textures/T_Aurora_BodySkin_RGB.ubulk" 802
"E:/Epic Games/UE projects/rpg_project/Content/ParagonAurora/Characters/Heroes/Aurora/Textures/T_Aurora_BodySkin_RGB.uasset" 803
"E:/Epic Games/UE projects/rpg_project/Content/ParagonAurora/Characters/Heroes/Aurora/Textures/T_Aurora_BodySkin_RGB.uexp" 804
"E:/Epic Games/UE projects/rpg_project/Content/ParagonAurora/Characters/Global/MaterialLayers/Metal/T_Metal_Precious_Old_RGBA.ubulk" 805
"E:/Epic Games/UE projects/rpg_project/Content/ParagonAurora/Characters/Global/MaterialLayers/Metal/T_Metal_Precious_Old_RGBA.uasset" 806
"E:/Epic Games/UE projects/rpg_project/Content/ParagonAurora/Characters/Global/MaterialLayers/Metal/T_Metal_Precious_Old_RGBA.uexp" 807
"E:/Epic Games/UE projects/rpg_project/Content/ParagonAurora/Characters/Global/MaterialLayers/Metal/T_Metal_Precious_Old_N.ubulk" 808
"E:/Epic Games/UE projects/rpg_project/Content/ParagonAurora/Characters/Global/MaterialLayers/Metal/T_Metal_Precious_Old_N.uasset" 809
"E:/Epic Games/UE projects/rpg_project/Content/ParagonAurora/Characters/Global/MaterialLayers/Metal/T_Metal_Precious_Old_N.uexp" 810
"E:/Epic Games/UE projects/rpg_project/Content/ParagonAurora/Characters/Global/MaterialLayers/Metal/ML_Precious_Metal_Old.uasset" 811
"E:/Epic Games/UE projects/rpg_project/Content/ParagonAurora/Characters/Global/MaterialLayers/Metal/ML_Precious_Metal_Old.uexp" 812
"E:/Epic Games/UE projects/rpg_project/Content/ParagonAurora/Characters/Heroes/Aurora/Materials/M_Aurora_Body_Skin.uasset" 813
"E:/Epic Games/UE projects/rpg_project/Content/ParagonAurora/Characters/Heroes/Aurora/Materials/M_Aurora_Body_Skin.uexp" 814
"E:/Epic Games/UE projects/rpg_project/Content/ParagonAurora/Characters/Heroes/Aurora/Textures/T_DressPattern01.ubulk" 815
"E:/Epic Games/UE projects/rpg_project/Content/ParagonAurora/Characters/Heroes/Aurora/Textures/T_DressPattern01.uasset" 816
"E:/Epic Games/UE projects/rpg_project/Content/ParagonAurora/Characters/Heroes/Aurora/Textures/T_DressPattern01.uexp" 817
"E:/Epic Games/UE projects/rpg_project/Content/ParagonAurora/Characters/Heroes/Aurora/Textures/T_Aurora_Dress_TransparencyGrad.ubulk" 818
"E:/Epic Games/UE projects/rpg_project/Content/ParagonAurora/Characters/Heroes/Aurora/Textures/T_Aurora_Dress_TransparencyGrad.uasset" 819
"E:/Epic Games/UE projects/rpg_project/Content/ParagonAurora/Characters/Heroes/Aurora/Textures/T_Aurora_Dress_TransparencyGrad.uexp" 820
"E:/Epic Games/UE projects/rpg_project/Content/ParagonAurora/Characters/Heroes/Aurora/Textures/T_Aurora_Dress_MASK02.ubulk" 821
"E:/Epic Games/UE projects/rpg_project/Content/ParagonAurora/Characters/Heroes/Aurora/Textures/T_Aurora_Dress_MASK02.uasset" 822
"E:/Epic Games/UE projects/rpg_project/Content/ParagonAurora/Characters/Heroes/Aurora/Textures/T_Aurora_Dress_MASK02.uexp" 823
"E:/Epic Games/UE projects/rpg_project/Content/ParagonAurora/Characters/Heroes/Aurora/Textures/T_Aurora_Dress_MASK01.ubulk" 824
"E:/Epic Games/UE projects/rpg_project/Content/ParagonAurora/Characters/Heroes/Aurora/Textures/T_Aurora_Dress_MASK01.uasset" 825
"E:/Epic Games/UE projects/rpg_project/Content/ParagonAurora/Characters/Heroes/Aurora/Textures/T_Aurora_Dress_MASK01.uexp" 826
"E:/Epic Games/UE projects/rpg_project/Content/ParagonAurora/Characters/Global/MaterialLayers/Fabric/T_GoldFabric01_N.ubulk" 827
"E:/Epic Games/UE projects/rpg_project/Content/ParagonAurora/Characters/Global/MaterialLayers/Fabric/T_GoldFabric01_N.uasset" 828
"E:/Epic Games/UE projects/rpg_project/Content/ParagonAurora/Characters/Global/MaterialLayers/Fabric/T_GoldFabric01_N.uexp" 829
"E:/Epic Games/UE projects/rpg_project/Content/ParagonAurora/Characters/Global/MaterialLayers/Fabric/T_GoldFabric03.ubulk" 830
"E:/Epic Games/UE projects/rpg_project/Content/ParagonAurora/Characters/Global/MaterialLayers/Fabric/T_GoldFabric03.uasset" 831
"E:/Epic Games/UE projects/rpg_project/Content/ParagonAurora/Characters/Global/MaterialLayers/Fabric/T_GoldFabric03.uexp" 832
"E:/Epic Games/UE projects/rpg_project/Content/ParagonAurora/Characters/Global/MaterialLayers/Fabric/ML_Goldribbing02.uasset" 833
"E:/Epic Games/UE projects/rpg_project/Content/ParagonAurora/Characters/Global/MaterialLayers/Fabric/ML_Goldribbing02.uexp" 834
"E:/Epic Games/UE projects/rpg_project/Content/ParagonAurora/Characters/Global/MaterialLayers/Fabric/T_ML_Cloth_D.ubulk" 835
"E:/Epic Games/UE projects/rpg_project/Content/ParagonAurora/Characters/Global/MaterialLayers/Fabric/T_ML_Cloth_D.uasset" 836
"E:/Epic Games/UE projects/rpg_project/Content/ParagonAurora/Characters/Global/MaterialLayers/Fabric/T_ML_Cloth_D.uexp" 837
"E:/Epic Games/UE projects/rpg_project/Content/ParagonAurora/Characters/Global/MaterialLayers/Fabric/ML_Chiffon.uasset" 838
"E:/Epic Games/UE projects/rpg_project/Content/ParagonAurora/Characters/Global/MaterialLayers/Fabric/ML_Chiffon.uexp" 839
"E:/Epic Games/UE projects/rpg_project/Content/ParagonAurora/Characters/Heroes/Aurora/Materials/M_Aurora_Dress.uasset" 840
"E:/Epic Games/UE projects/rpg_project/Content/ParagonAurora/Characters/Heroes/Aurora/Materials/M_Aurora_Dress.uexp" 841
"E:/Epic Games/UE projects/rpg_project/Content/ParagonAurora/Characters/Heroes/Aurora/Textures/T_Aurora_HairAO.uasset" 842
"E:/Epic Games/UE projects/rpg_project/Content/ParagonAurora/Characters/Heroes/Aurora/Textures/T_Aurora_HairAO.uexp" 843
"../../../Engine/Content/Functions/Engine_MaterialFunctions02/HueShift.uasset" 844
"../../../Engine/Content/Functions/Engine_MaterialFunctions02/HueShift.uexp" 845
"../../../Engine/Content/EngineResources/Black.uasset" 846
"../../../Engine/Content/EngineResources/Black.uexp" 847
"../../../Engine/Content/EditorMaterials/Cascade/CASC_Solo_On.uasset" 848
"../../../Engine/Content/EditorMaterials/Cascade/CASC_Solo_On.uexp" 849
"../../../Engine/Content/Functions/Engine_MaterialFunctions02/Math/MultiplyAdd.uasset" 850
"../../../Engine/Content/Functions/Engine_MaterialFunctions02/Math/MultiplyAdd.uexp" 851
"E:/Epic Games/UE projects/rpg_project/Content/ParagonAurora/Characters/Global/MaterialFunctions/MF_ParagonCharacterHairWind.uasset" 852
"E:/Epic Games/UE projects/rpg_project/Content/ParagonAurora/Characters/Global/MaterialFunctions/MF_ParagonCharacterHairWind.uexp" 853
"E:/Epic Games/UE projects/rpg_project/Content/ParagonAurora/Characters/Global/Hair/T_Fire_Tiled_D.ubulk" 854
"E:/Epic Games/UE projects/rpg_project/Content/ParagonAurora/Characters/Global/Hair/T_Fire_Tiled_D.uasset" 855
"E:/Epic Games/UE projects/rpg_project/Content/ParagonAurora/Characters/Global/Hair/T_Fire_Tiled_D.uexp" 856
"E:/Epic Games/UE projects/rpg_project/Content/ParagonAurora/Characters/Global/Hair/TestContent/T_HairClump02_Roots.ubulk" 857
"E:/Epic Games/UE projects/rpg_project/Content/ParagonAurora/Characters/Global/Hair/TestContent/T_HairClump02_Roots.uasset" 858
"E:/Epic Games/UE projects/rpg_project/Content/ParagonAurora/Characters/Global/Hair/TestContent/T_HairClump02_Roots.uexp" 859
"E:/Epic Games/UE projects/rpg_project/Content/ParagonAurora/Characters/Global/Hair/TestContent/T_HairClump02_ID.ubulk" 860
"E:/Epic Games/UE projects/rpg_project/Content/ParagonAurora/Characters/Global/Hair/TestContent/T_HairClump02_ID.uasset" 861
"E:/Epic Games/UE projects/rpg_project/Content/ParagonAurora/Characters/Global/Hair/TestContent/T_HairClump02_ID.uexp" 862
"E:/Epic Games/UE projects/rpg_project/Content/ParagonAurora/Characters/Global/Hair/TestContent/T_HairClump02_DyeMask.ubulk" 863
"E:/Epic Games/UE projects/rpg_project/Content/ParagonAurora/Characters/Global/Hair/TestContent/T_HairClump02_DyeMask.uasset" 864
"E:/Epic Games/UE projects/rpg_project/Content/ParagonAurora/Characters/Global/Hair/TestContent/T_HairClump02_DyeMask.uexp" 865
"E:/Epic Games/UE projects/rpg_project/Content/ParagonAurora/Characters/Global/Hair/TestContent/T_HairClump02_Depth.ubulk" 866
"E:/Epic Games/UE projects/rpg_project/Content/ParagonAurora/Characters/Global/Hair/TestContent/T_HairClump02_Depth.uasset" 867
"E:/Epic Games/UE projects/rpg_project/Content/ParagonAurora/Characters/Global/Hair/TestContent/T_HairClump02_Depth.uexp" 868
"E:/Epic Games/UE projects/rpg_project/Content/ParagonAurora/Characters/Global/Hair/TestContent/T_HairClump02_Alpha.ubulk" 869
"E:/Epic Games/UE projects/rpg_project/Content/ParagonAurora/Characters/Global/Hair/TestContent/T_HairClump02_Alpha.uasset" 870
"E:/Epic Games/UE projects/rpg_project/Content/ParagonAurora/Characters/Global/Hair/TestContent/T_HairClump02_Alpha.uexp" 871
"E:/Epic Games/UE projects/rpg_project/Content/ParagonAurora/Characters/Global/Hair/Materials/MF_BlendHairColorsWithParam.uasset" 872
"E:/Epic Games/UE projects/rpg_project/Content/ParagonAurora/Characters/Global/Hair/Materials/MF_BlendHairColorsWithParam.uexp" 873
"E:/Epic Games/UE projects/rpg_project/Content/ParagonAurora/Characters/Global/FX/Textures/Water/T_Caustics_2.ubulk" 874
"E:/Epic Games/UE projects/rpg_project/Content/ParagonAurora/Characters/Global/FX/Textures/Water/T_Caustics_2.uasset" 875
"E:/Epic Games/UE projects/rpg_project/Content/ParagonAurora/Characters/Global/FX/Textures/Water/T_Caustics_2.uexp" 876
"E:/Epic Games/UE projects/rpg_project/Content/ParagonAurora/Characters/Global/FX/Textures/Gradients/Masks/T_gradient_stasis.ubulk" 877
"E:/Epic Games/UE projects/rpg_project/Content/ParagonAurora/Characters/Global/FX/Textures/Gradients/Masks/T_gradient_stasis.uasset" 878
"E:/Epic Games/UE projects/rpg_project/Content/ParagonAurora/Characters/Global/FX/Textures/Gradients/Masks/T_gradient_stasis.uexp" 879
"E:/Epic Games/UE projects/rpg_project/Content/ParagonAurora/Characters/Global/Hair/Materials/M_HairSheet_Master2.uasset" 880
"E:/Epic Games/UE projects/rpg_project/Content/ParagonAurora/Characters/Global/Hair/Materials/M_HairSheet_Master2.uexp" 881
"E:/Epic Games/UE projects/rpg_project/Content/ParagonAurora/Characters/Global/Hair/SharedHairContent/FemaleHair_Straight_Aurora/T_Alfa.ubulk" 882
"E:/Epic Games/UE projects/rpg_project/Content/ParagonAurora/Characters/Global/Hair/SharedHairContent/FemaleHair_Straight_Aurora/T_Alfa.uasset" 883
"E:/Epic Games/UE projects/rpg_project/Content/ParagonAurora/Characters/Global/Hair/SharedHairContent/FemaleHair_Straight_Aurora/T_Alfa.uexp" 884
"E:/Epic Games/UE projects/rpg_project/Content/ParagonAurora/Characters/Global/Hair/SharedHairContent/FemaleHair_Straight_Aurora/T_Depth.ubulk" 885
"E:/Epic Games/UE projects/rpg_project/Content/ParagonAurora/Characters/Global/Hair/SharedHairContent/FemaleHair_Straight_Aurora/T_Depth.uasset" 886
"E:/Epic Games/UE projects/rpg_project/Content/ParagonAurora/Characters/Global/Hair/SharedHairContent/FemaleHair_Straight_Aurora/T_Depth.uexp" 887
"E:/Epic Games/UE projects/rpg_project/Content/ParagonAurora/Characters/Global/Hair/SharedHairContent/FemaleHair_Straight_Aurora/T_ID.ubulk" 888
"E:/Epic Games/UE projects/rpg_project/Content/ParagonAurora/Characters/Global/Hair/SharedHairContent/FemaleHair_Straight_Aurora/T_ID.uasset" 889
"E:/Epic Games/UE projects/rpg_project/Content/ParagonAurora/Characters/Global/Hair/SharedHairContent/FemaleHair_Straight_Aurora/T_ID.uexp" 890
"E:/Epic Games/UE projects/rpg_project/Content/ParagonAurora/Characters/Global/Hair/SharedHairContent/FemaleHair_Straight_Aurora/T_Roots.ubulk" 891
"E:/Epic Games/UE projects/rpg_project/Content/ParagonAurora/Characters/Global/Hair/SharedHairContent/FemaleHair_Straight_Aurora/T_Roots.uasset" 892
"E:/Epic Games/UE projects/rpg_project/Content/ParagonAurora/Characters/Global/Hair/SharedHairContent/FemaleHair_Straight_Aurora/T_Roots.uexp" 893
"E:/Epic Games/UE projects/rpg_project/Content/ParagonAurora/Characters/Global/Hair/SharedHairContent/Dye_MaskGradients/T_AuroraHair_DyeMask.ubulk" 894
"E:/Epic Games/UE projects/rpg_project/Content/ParagonAurora/Characters/Global/Hair/SharedHairContent/Dye_MaskGradients/T_AuroraHair_DyeMask.uasset" 895
"E:/Epic Games/UE projects/rpg_project/Content/ParagonAurora/Characters/Global/Hair/SharedHairContent/Dye_MaskGradients/T_AuroraHair_DyeMask.uexp" 896
"E:/Epic Games/UE projects/rpg_project/Content/ParagonAurora/Characters/Heroes/Aurora/Materials/M_Aurora_Hair.uasset" 897
"E:/Epic Games/UE projects/rpg_project/Content/ParagonAurora/Characters/Heroes/Aurora/Materials/M_Aurora_Hair.uexp" 898
"../../../Engine/Content/Functions/MaterialLayerFunctions/MatLayerBlend_OverrideMetalness.uasset" 899
"../../../Engine/Content/Functions/MaterialLayerFunctions/MatLayerBlend_OverrideMetalness.uexp" 900
"E:/Epic Games/UE projects/rpg_project/Content/ParagonAurora/Characters/Heroes/Aurora/Textures/T_HighFreqNoise.ubulk" 901
"E:/Epic Games/UE projects/rpg_project/Content/ParagonAurora/Characters/Heroes/Aurora/Textures/T_HighFreqNoise.uasset" 902
"E:/Epic Games/UE projects/rpg_project/Content/ParagonAurora/Characters/Heroes/Aurora/Textures/T_HighFreqNoise.uexp" 903
"E:/Epic Games/UE projects/rpg_project/Content/ParagonAurora/Characters/Heroes/Aurora/Textures/T_Aurora_Tattoos_m00_body_head_skin00.ubulk" 904
"E:/Epic Games/UE projects/rpg_project/Content/ParagonAurora/Characters/Heroes/Aurora/Textures/T_Aurora_Tattoos_m00_body_head_skin00.uasset" 905
"E:/Epic Games/UE projects/rpg_project/Content/ParagonAurora/Characters/Heroes/Aurora/Textures/T_Aurora_Tattoos_m00_body_head_skin00.uexp" 906
"E:/Epic Games/UE projects/rpg_project/Content/ParagonAurora/Characters/Heroes/Aurora/Textures/T_Aurora_Skin_Normal_2_HEAD.ubulk" 907
"E:/Epic Games/UE projects/rpg_project/Content/ParagonAurora/Characters/Heroes/Aurora/Textures/T_Aurora_Skin_Normal_2_HEAD.uasset" 908
"E:/Epic Games/UE projects/rpg_project/Content/ParagonAurora/Characters/Heroes/Aurora/Textures/T_Aurora_Skin_Normal_2_HEAD.uexp" 909
"E:/Epic Games/UE projects/rpg_project/Content/ParagonAurora/Characters/Heroes/Aurora/Textures/T_Aurora_SkinFace_Color.ubulk" 910
"E:/Epic Games/UE projects/rpg_project/Content/ParagonAurora/Characters/Heroes/Aurora/Textures/T_Aurora_SkinFace_Color.uasset" 911
"E:/Epic Games/UE projects/rpg_project/Content/ParagonAurora/Characters/Heroes/Aurora/Textures/T_Aurora_SkinFace_Color.uexp" 912
"E:/Epic Games/UE projects/rpg_project/Content/ParagonAurora/Characters/Heroes/Aurora/Textures/T_Aurora_Head_RGB.ubulk" 913
"E:/Epic Games/UE projects/rpg_project/Content/ParagonAurora/Characters/Heroes/Aurora/Textures/T_Aurora_Head_RGB.uasset" 914
"E:/Epic Games/UE projects/rpg_project/Content/ParagonAurora/Characters/Heroes/Aurora/Textures/T_Aurora_Head_RGB.uexp" 915
"E:/Epic Games/UE projects/rpg_project/Content/ParagonAurora/Characters/Heroes/Aurora/Textures/T_Aurora_HEAD_AO.uexp" 916
"E:/Epic Games/UE projects/rpg_project/Content/ParagonAurora/Characters/Heroes/Aurora/Textures/T_Aurora_HEAD_AO.ubulk" 917
"E:/Epic Games/UE projects/rpg_project/Content/ParagonAurora/Characters/Heroes/Aurora/Textures/T_Aurora_HEAD_AO.uasset" 918
"E:/Epic Games/UE projects/rpg_project/Content/ParagonAurora/Characters/Heroes/Aurora/Textures/T_Aurora_HEAD_AO.uptnl" 919
"E:/Epic Games/UE projects/rpg_project/Content/ParagonAurora/Characters/Global/MaterialFunctions/Textures/Noise/T_TilingNoise06.ubulk" 920
"E:/Epic Games/UE projects/rpg_project/Content/ParagonAurora/Characters/Global/MaterialFunctions/Textures/Noise/T_TilingNoise06.uasset" 921
"E:/Epic Games/UE projects/rpg_project/Content/ParagonAurora/Characters/Global/MaterialFunctions/Textures/Noise/T_TilingNoise06.uexp" 922
"E:/Epic Games/UE projects/rpg_project/Content/ParagonAurora/Characters/Global/MaterialLayers/Special/T_StarTile_Sine.ubulk" 923
"E:/Epic Games/UE projects/rpg_project/Content/ParagonAurora/Characters/Global/MaterialLayers/Special/T_StarTile_Sine.uasset" 924
"E:/Epic Games/UE projects/rpg_project/Content/ParagonAurora/Characters/Global/MaterialLayers/Special/T_StarTile_Sine.uexp" 925
"E:/Epic Games/UE projects/rpg_project/Content/ParagonAurora/Characters/Global/MaterialLayers/Special/T_Stars_Tile.uasset" 926
"E:/Epic Games/UE projects/rpg_project/Content/ParagonAurora/Characters/Global/MaterialLayers/Special/T_Stars_Tile.uexp" 927
"E:/Epic Games/UE projects/rpg_project/Content/ParagonAurora/Characters/Global/MaterialLayers/Painted/T_NormalFlake.ubulk" 928
"E:/Epic Games/UE projects/rpg_project/Content/ParagonAurora/Characters/Global/MaterialLayers/Painted/T_NormalFlake.uasset" 929
"E:/Epic Games/UE projects/rpg_project/Content/ParagonAurora/Characters/Global/MaterialLayers/Painted/T_NormalFlake.uexp" 930
"E:/Epic Games/UE projects/rpg_project/Content/ParagonAurora/Characters/Global/MaterialLayers/Special/ML_Glitter.uasset" 931
"E:/Epic Games/UE projects/rpg_project/Content/ParagonAurora/Characters/Global/MaterialLayers/Special/ML_Glitter.uexp" 932
"E:/Epic Games/UE projects/rpg_project/Content/ParagonAurora/Characters/Heroes/Aurora/Materials/M_Aurora_Head.uasset" 933
"E:/Epic Games/UE projects/rpg_project/Content/ParagonAurora/Characters/Heroes/Aurora/Materials/M_Aurora_Head.uexp" 934
"../../../Engine/Content/Functions/Engine_MaterialFunctions02/TangentBasis.uasset" 935
"../../../Engine/Content/Functions/Engine_MaterialFunctions02/TangentBasis.uexp" 936
"E:/Epic Games/UE projects/rpg_project/Content/ParagonAurora/Characters/Global/T_EpicQuadPanorama_CC.uasset" 937
"E:/Epic Games/UE projects/rpg_project/Content/ParagonAurora/Characters/Global/T_EpicQuadPanorama_CC.uexp" 938
"../../../Engine/Content/EngineMaterials/BaseFlattenNormalMap.uasset" 939
"../../../Engine/Content/EngineMaterials/BaseFlattenNormalMap.uexp" 940
"E:/Epic Games/UE projects/rpg_project/Content/ParagonAurora/Characters/Global/FX/Textures/Flares/T_Aurora_Corona_D.ubulk" 941
"E:/Epic Games/UE projects/rpg_project/Content/ParagonAurora/Characters/Global/FX/Textures/Flares/T_Aurora_Corona_D.uasset" 942
"E:/Epic Games/UE projects/rpg_project/Content/ParagonAurora/Characters/Global/FX/Textures/Flares/T_Aurora_Corona_D.uexp" 943
"E:/Epic Games/UE projects/rpg_project/Content/ParagonAurora/Characters/Global/MaterialFunctions/ML_AuroraULTEye.uasset" 944
"E:/Epic Games/UE projects/rpg_project/Content/ParagonAurora/Characters/Global/MaterialFunctions/ML_AuroraULTEye.uexp" 945
"E:/Epic Games/UE projects/rpg_project/Content/ParagonAurora/Characters/Global/Eyes/Textures/Example/T_EyeScleraBaseColor_Example_2.ubulk" 946
"E:/Epic Games/UE projects/rpg_project/Content/ParagonAurora/Characters/Global/Eyes/Textures/Example/T_EyeScleraBaseColor_Example_2.uasset" 947
"E:/Epic Games/UE projects/rpg_project/Content/ParagonAurora/Characters/Global/Eyes/Textures/Example/T_EyeScleraBaseColor_Example_2.uexp" 948
"E:/Epic Games/UE projects/rpg_project/Content/ParagonAurora/Characters/Global/Eyes/Textures/T_Swirly_Noise.ubulk" 949
"E:/Epic Games/UE projects/rpg_project/Content/ParagonAurora/Characters/Global/Eyes/Textures/T_Swirly_Noise.uasset" 950
"E:/Epic Games/UE projects/rpg_project/Content/ParagonAurora/Characters/Global/Eyes/Textures/T_Swirly_Noise.uexp" 951
"E:/Epic Games/UE projects/rpg_project/Content/ParagonAurora/Characters/Global/Eyes/Textures/T_DecalMask_Radial03.ubulk" 952
"E:/Epic Games/UE projects/rpg_project/Content/ParagonAurora/Characters/Global/Eyes/Textures/T_DecalMask_Radial03.uasset" 953
"E:/Epic Games/UE projects/rpg_project/Content/ParagonAurora/Characters/Global/Eyes/Textures/T_DecalMask_Radial03.uexp" 954
"E:/Epic Games/UE projects/rpg_project/Content/ParagonAurora/Characters/Global/Eyes/Textures/Example/T_EYE_NORMALS.ubulk" 955
"E:/Epic Games/UE projects/rpg_project/Content/ParagonAurora/Characters/Global/Eyes/Textures/Example/T_EYE_NORMALS.uasset" 956
"E:/Epic Games/UE projects/rpg_project/Content/ParagonAurora/Characters/Global/Eyes/Textures/Example/T_EYE_NORMALS.uexp" 957
"E:/Epic Games/UE projects/rpg_project/Content/ParagonAurora/Characters/Global/Eyes/Textures/Example/T_Eye_Wet_Normal.ubulk" 958
"E:/Epic Games/UE projects/rpg_project/Content/ParagonAurora/Characters/Global/Eyes/Textures/Example/T_Eye_Wet_Normal.uasset" 959
"E:/Epic Games/UE projects/rpg_project/Content/ParagonAurora/Characters/Global/Eyes/Textures/Example/T_Eye_Wet_Normal.uexp" 960
"E:/Epic Games/UE projects/rpg_project/Content/ParagonAurora/Characters/Global/Eyes/Textures/Example/T_EyeIrisBaseColor_Example_2.ubulk" 961
"E:/Epic Games/UE projects/rpg_project/Content/ParagonAurora/Characters/Global/Eyes/Textures/Example/T_EyeIrisBaseColor_Example_2.uasset" 962
"E:/Epic Games/UE projects/rpg_project/Content/ParagonAurora/Characters/Global/Eyes/Textures/Example/T_EyeIrisBaseColor_Example_2.uexp" 963
"E:/Epic Games/UE projects/rpg_project/Content/ParagonAurora/Characters/Global/Eyes/Textures/Example/T_Sphere_EYE_NORMALS.ubulk" 964
"E:/Epic Games/UE projects/rpg_project/Content/ParagonAurora/Characters/Global/Eyes/Textures/Example/T_Sphere_EYE_NORMALS.uasset" 965
"E:/Epic Games/UE projects/rpg_project/Content/ParagonAurora/Characters/Global/Eyes/Textures/Example/T_Sphere_EYE_NORMALS.uexp" 966
"E:/Epic Games/UE projects/rpg_project/Content/ParagonAurora/Characters/Global/Eyes/Textures/Example/T_EyeMidPlaneDisplacement_Example.ubulk" 967
"E:/Epic Games/UE projects/rpg_project/Content/ParagonAurora/Characters/Global/Eyes/Textures/Example/T_EyeMidPlaneDisplacement_Example.uasset" 968
"E:/Epic Games/UE projects/rpg_project/Content/ParagonAurora/Characters/Global/Eyes/Textures/Example/T_EyeMidPlaneDisplacement_Example.uexp" 969
"E:/Epic Games/UE projects/rpg_project/Content/ParagonAurora/Characters/Global/Eyes/Textures/Example/SSP_EyeInner_Profile.uasset" 970
"E:/Epic Games/UE projects/rpg_project/Content/ParagonAurora/Characters/Global/Eyes/Textures/Example/SSP_EyeInner_Profile.uexp" 971
"E:/Epic Games/UE projects/rpg_project/Content/ParagonAurora/Characters/Global/Eyes/MaterialFunctions/ML_EyeRefraction.uasset" 972
"E:/Epic Games/UE projects/rpg_project/Content/ParagonAurora/Characters/Global/Eyes/MaterialFunctions/ML_EyeRefraction.uexp" 973
"E:/Epic Games/UE projects/rpg_project/Content/ParagonAurora/Characters/Global/Eyes/Materials/M_EyeRefractive.uasset" 974
"E:/Epic Games/UE projects/rpg_project/Content/ParagonAurora/Characters/Global/Eyes/Materials/M_EyeRefractive.uexp" 975
"E:/Epic Games/UE projects/rpg_project/Content/ParagonAurora/Characters/Global/Eyes/Textures/Example/T_EyeScleraBaseColor_Example_5.ubulk" 976
"E:/Epic Games/UE projects/rpg_project/Content/ParagonAurora/Characters/Global/Eyes/Textures/Example/T_EyeScleraBaseColor_Example_5.uasset" 977
"E:/Epic Games/UE projects/rpg_project/Content/ParagonAurora/Characters/Global/Eyes/Textures/Example/T_EyeScleraBaseColor_Example_5.uexp" 978
"E:/Epic Games/UE projects/rpg_project/Content/ParagonAurora/Characters/Global/Eyes/Textures/Special/T_Aurora_Iris.ubulk" 979
"E:/Epic Games/UE projects/rpg_project/Content/ParagonAurora/Characters/Global/Eyes/Textures/Special/T_Aurora_Iris.uasset" 980
"E:/Epic Games/UE projects/rpg_project/Content/ParagonAurora/Characters/Global/Eyes/Textures/Special/T_Aurora_Iris.uexp" 981
"E:/Epic Games/UE projects/rpg_project/Content/ParagonAurora/Characters/Heroes/Aurora/Materials/MI_Aurora_Eye.uasset" 982
"E:/Epic Games/UE projects/rpg_project/Content/ParagonAurora/Characters/Heroes/Aurora/Materials/MI_Aurora_Eye.uexp" 983
"E:/Epic Games/UE projects/rpg_project/Content/ParagonAurora/Characters/Heroes/Aurora/Meshes/Aurora.uasset" 984
"E:/Epic Games/UE projects/rpg_project/Content/ParagonAurora/Characters/Heroes/Aurora/Meshes/Aurora.uexp" 985
"E:/Epic Games/UE projects/rpg_project/Content/ParagonAurora/Characters/Rig/IK_AutoGeneratedTarget.uasset" 986
"E:/Epic Games/UE projects/rpg_project/Content/ParagonAurora/Characters/Rig/IK_AutoGeneratedTarget.uexp" 987
"E:/Epic Games/UE projects/rpg_project/Content/ParagonAurora/Characters/Rig/IK_AutoGeneratedSource.uasset" 988
"E:/Epic Games/UE projects/rpg_project/Content/ParagonAurora/Characters/Rig/IK_AutoGeneratedSource.uexp" 989
"E:/Epic Games/UE projects/rpg_project/Content/ParagonAurora/Characters/Rig/RTG_Mannequin_To_Aurora.uasset" 990
"E:/Epic Games/UE projects/rpg_project/Content/ParagonAurora/Characters/Rig/RTG_Mannequin_To_Aurora.uexp" 991
"E:/Epic Games/UE projects/rpg_project/Content/ParagonAurora/Characters/Rig/ABP_Aurora.uasset" 992
"E:/Epic Games/UE projects/rpg_project/Content/ParagonAurora/Characters/Rig/ABP_Aurora.uexp" 993
"E:/Epic Games/UE projects/rpg_project/Content/ParagonGrux/FX/VectorFields/Noisy_Turbulence_103.uasset" 994
"E:/Epic Games/UE projects/rpg_project/Content/ParagonGrux/FX/VectorFields/Noisy_Turbulence_103.uexp" 995
"E:/Epic Games/UE projects/rpg_project/Content/ParagonGrux/FX/Textures/Sparks/T_Spark_Soft.ubulk" 996
"E:/Epic Games/UE projects/rpg_project/Content/ParagonGrux/FX/Textures/Sparks/T_Spark_Soft.uasset" 997
"E:/Epic Games/UE projects/rpg_project/Content/ParagonGrux/FX/Textures/Sparks/T_Spark_Soft.uexp" 998
"E:/Epic Games/UE projects/rpg_project/Content/ParagonGrux/FX/Materials/Functions/FX_EmissiveModulate.uasset" 999
"E:/Epic Games/UE projects/rpg_project/Content/ParagonGrux/FX/Materials/Functions/FX_EmissiveModulate.uexp" 1000
"E:/Epic Games/UE projects/rpg_project/Content/ParagonGrux/FX/Materials/Sparks/M_Hotdog_Spark_VLerp_MASTER.uasset" 1001
"E:/Epic Games/UE projects/rpg_project/Content/ParagonGrux/FX/Materials/Sparks/M_Hotdog_Spark_VLerp_MASTER.uexp" 1002
"../../../Engine/Content/Functions/Engine_MaterialFunctions01/Density/ExponentialDensity.uasset" 1003
"../../../Engine/Content/Functions/Engine_MaterialFunctions01/Density/ExponentialDensity.uexp" 1004
"../../../Engine/Content/Functions/Engine_MaterialFunctions01/Gradient/RadialGradientExponential.uasset" 1005
"../../../Engine/Content/Functions/Engine_MaterialFunctions01/Gradient/RadialGradientExponential.uexp" 1006
"E:/Epic Games/UE projects/rpg_project/Content/ParagonGrux/FX/Textures/Tile/Energy/T_Swirly_Noise.ubulk" 1007
"E:/Epic Games/UE projects/rpg_project/Content/ParagonGrux/FX/Textures/Tile/Energy/T_Swirly_Noise.uasset" 1008
"E:/Epic Games/UE projects/rpg_project/Content/ParagonGrux/FX/Textures/Tile/Energy/T_Swirly_Noise.uexp" 1009
"E:/Epic Games/UE projects/rpg_project/Content/ParagonGrux/FX/Materials/Sparks/M_hardSpark_Alpha_GPU_Random1.uasset" 1010
"E:/Epic Games/UE projects/rpg_project/Content/ParagonGrux/FX/Materials/Sparks/M_hardSpark_Alpha_GPU_Random1.uexp" 1011
"E:/Epic Games/UE projects/rpg_project/Content/ParagonGrux/FX/Textures/Fire/TX_Pieces_Of_Fire.ubulk" 1012
"E:/Epic Games/UE projects/rpg_project/Content/ParagonGrux/FX/Textures/Fire/TX_Pieces_Of_Fire.uasset" 1013
"E:/Epic Games/UE projects/rpg_project/Content/ParagonGrux/FX/Textures/Fire/TX_Pieces_Of_Fire.uexp" 1014
"E:/Epic Games/UE projects/rpg_project/Content/ParagonGrux/FX/Materials/Magma/M_Grux_Magma_Flare_impact.uasset" 1015
"E:/Epic Games/UE projects/rpg_project/Content/ParagonGrux/FX/Materials/Magma/M_Grux_Magma_Flare_impact.uexp" 1016
"E:/Epic Games/UE projects/rpg_project/Content/ParagonGrux/FX/Materials/Flares/M_Lensflare_TB_SoftGlow.uasset" 1017
"E:/Epic Games/UE projects/rpg_project/Content/ParagonGrux/FX/Materials/Flares/M_Lensflare_TB_SoftGlow.uexp" 1018
"E:/Epic Games/UE projects/rpg_project/Content/ParagonGrux/FX/Particles/Skins/Grux_Beetle_Magma/P_Grux_Magma_Melee_Impact.uasset" 1019
"E:/Epic Games/UE projects/rpg_project/Content/ParagonGrux/FX/Particles/Skins/Grux_Beetle_Magma/P_Grux_Magma_Melee_Impact.uexp" 1020
"E:/Epic Games/UE projects/rpg_project/Content/ThirdPerson/Blueprints/BP_ThirdPersonCharacter.uasset" 1021
"E:/Epic Games/UE projects/rpg_project/Content/ThirdPerson/Blueprints/BP_ThirdPersonCharacter.uexp" 1022
"E:/Epic Games/UE projects/rpg_project/Content/UI/WB_BossHealth.uasset" 1023
"E:/Epic Games/UE projects/rpg_project/Content/UI/WB_BossHealth.uexp" 1024
"E:/Epic Games/UE projects/rpg_project/Content/UI/WB_EnemyHealth.uasset" 1025
"E:/Epic Games/UE projects/rpg_project/Content/UI/WB_EnemyHealth.uexp" 1026
"E:/Epic Games/UE projects/rpg_project/Content/Characters/Mannequins/Materials/Manny/MI_Manny_01_New.uasset" 1027
"E:/Epic Games/UE projects/rpg_project/Content/Characters/Mannequins/Materials/Manny/MI_Manny_01_New.uexp" 1028
"E:/Epic Games/UE projects/rpg_project/Content/Characters/Mannequins/Textures/Manny/T_Manny_02_MRA.ubulk" 1029
"E:/Epic Games/UE projects/rpg_project/Content/Characters/Mannequins/Textures/Manny/T_Manny_02_MRA.uasset" 1030
"E:/Epic Games/UE projects/rpg_project/Content/Characters/Mannequins/Textures/Manny/T_Manny_02_MRA.uexp" 1031
"E:/Epic Games/UE projects/rpg_project/Content/Characters/Mannequins/Textures/Manny/T_Manny_02_D.ubulk" 1032
"E:/Epic Games/UE projects/rpg_project/Content/Characters/Mannequins/Textures/Manny/T_Manny_02_D.uasset" 1033
"E:/Epic Games/UE projects/rpg_project/Content/Characters/Mannequins/Textures/Manny/T_Manny_02_D.uexp" 1034
"E:/Epic Games/UE projects/rpg_project/Content/Characters/Mannequins/Textures/Manny/T_Manny_02_BN.ubulk" 1035
"E:/Epic Games/UE projects/rpg_project/Content/Characters/Mannequins/Textures/Manny/T_Manny_02_BN.uasset" 1036
"E:/Epic Games/UE projects/rpg_project/Content/Characters/Mannequins/Textures/Manny/T_Manny_02_BN.uexp" 1037
"E:/Epic Games/UE projects/rpg_project/Content/Characters/Mannequins/Materials/Manny/MI_Manny_02_New.uasset" 1038
"E:/Epic Games/UE projects/rpg_project/Content/Characters/Mannequins/Materials/Manny/MI_Manny_02_New.uexp" 1039
"E:/Epic Games/UE projects/rpg_project/Content/Characters/Mannequins/Meshes/SKM_Manny_Simple.uasset" 1040
"E:/Epic Games/UE projects/rpg_project/Content/Characters/Mannequins/Meshes/SKM_Manny_Simple.uexp" 1041
"E:/Epic Games/UE projects/rpg_project/Content/Blueprints/AI/BD_AI.uasset" 1042
"E:/Epic Games/UE projects/rpg_project/Content/Blueprints/AI/BD_AI.uexp" 1043
"E:/Epic Games/UE projects/rpg_project/Content/Blueprints/AI/Tasks/Task_ChaseTarget.uasset" 1044
"E:/Epic Games/UE projects/rpg_project/Content/Blueprints/AI/Tasks/Task_ChaseTarget.uexp" 1045
"E:/Epic Games/UE projects/rpg_project/Content/Blueprints/AI/BPI_Enemy.uasset" 1046
"E:/Epic Games/UE projects/rpg_project/Content/Blueprints/AI/BPI_Enemy.uexp" 1047
"E:/Epic Games/UE projects/rpg_project/Content/Blueprints/AI/Tasks/Task_SwordAttack.uasset" 1048
"E:/Epic Games/UE projects/rpg_project/Content/Blueprints/AI/Tasks/Task_SwordAttack.uexp" 1049
"E:/Epic Games/UE projects/rpg_project/Content/Blueprints/AI/BT_Enemy.uasset" 1050
"E:/Epic Games/UE projects/rpg_project/Content/Blueprints/AI/BT_Enemy.uexp" 1051
"E:/Epic Games/UE projects/rpg_project/Content/Blueprints/AI/BP_AI_Enemy.uasset" 1052
"E:/Epic Games/UE projects/rpg_project/Content/Blueprints/AI/BP_AI_Enemy.uexp" 1053
"E:/Epic Games/UE projects/rpg_project/Content/Characters/Souls/Movement/M_Neutral_Stand_Idle_Loop.uasset" 1054
"E:/Epic Games/UE projects/rpg_project/Content/Characters/Souls/Movement/M_Neutral_Stand_Idle_Loop.uexp" 1055
"E:/Epic Games/UE projects/rpg_project/Content/Characters/Souls/Movement/M_Neutral_Run_Loop_LR.uasset" 1056
"E:/Epic Games/UE projects/rpg_project/Content/Characters/Souls/Movement/M_Neutral_Run_Loop_LR.uexp" 1057
"E:/Epic Games/UE projects/rpg_project/Content/Characters/Souls/Movement/M_Neutral_Run_Loop_LL.uasset" 1058
"E:/Epic Games/UE projects/rpg_project/Content/Characters/Souls/Movement/M_Neutral_Run_Loop_LL.uexp" 1059
"E:/Epic Games/UE projects/rpg_project/Content/Characters/Souls/Movement/M_Neutral_Run_Loop_FR.uasset" 1060
"E:/Epic Games/UE projects/rpg_project/Content/Characters/Souls/Movement/M_Neutral_Run_Loop_FR.uexp" 1061
"E:/Epic Games/UE projects/rpg_project/Content/Characters/Souls/Movement/M_Neutral_Run_Loop_FL.uasset" 1062
"E:/Epic Games/UE projects/rpg_project/Content/Characters/Souls/Movement/M_Neutral_Run_Loop_FL.uexp" 1063
"E:/Epic Games/UE projects/rpg_project/Content/Characters/Souls/Movement/M_Neutral_Run_Loop_F.uasset" 1064
"E:/Epic Games/UE projects/rpg_project/Content/Characters/Souls/Movement/M_Neutral_Run_Loop_F.uexp" 1065
"E:/Epic Games/UE projects/rpg_project/Content/Characters/Souls/Movement/M_Neutral_Run_Loop_BR.uasset" 1066
"E:/Epic Games/UE projects/rpg_project/Content/Characters/Souls/Movement/M_Neutral_Run_Loop_BR.uexp" 1067
"E:/Epic Games/UE projects/rpg_project/Content/Characters/Souls/Movement/M_Neutral_Run_Loop_BL.uasset" 1068
"E:/Epic Games/UE projects/rpg_project/Content/Characters/Souls/Movement/M_Neutral_Run_Loop_BL.uexp" 1069
"E:/Epic Games/UE projects/rpg_project/Content/Characters/Souls/Movement/M_Neutral_Run_Loop_B.uasset" 1070
"E:/Epic Games/UE projects/rpg_project/Content/Characters/Souls/Movement/M_Neutral_Run_Loop_B.uexp" 1071
"E:/Epic Games/UE projects/rpg_project/Content/Characters/Souls/Movement/BS_StrafeMovement.uasset" 1072
"E:/Epic Games/UE projects/rpg_project/Content/Characters/Souls/Movement/BS_StrafeMovement.uexp" 1073
"E:/Epic Games/UE projects/rpg_project/Content/Blueprints/AI/ABP_Enemy.uasset" 1074
"E:/Epic Games/UE projects/rpg_project/Content/Blueprints/AI/ABP_Enemy.uexp" 1075
"E:/Epic Games/UE projects/rpg_project/Content/Blueprints/BP_Notify_PointDamage.uasset" 1076
"E:/Epic Games/UE projects/rpg_project/Content/Blueprints/BP_Notify_PointDamage.uexp" 1077
"E:/Epic Games/UE projects/rpg_project/Content/Characters/Souls/Combat/BigAttack.uasset" 1078
"E:/Epic Games/UE projects/rpg_project/Content/Characters/Souls/Combat/BigAttack.uexp" 1079
"E:/Epic Games/UE projects/rpg_project/Content/Characters/Souls/Combat/BigAttack_Montage.uasset" 1080
"E:/Epic Games/UE projects/rpg_project/Content/Characters/Souls/Combat/BigAttack_Montage.uexp" 1081
"E:/Epic Games/UE projects/rpg_project/Content/Blueprints/AI/BP_Enemy.uasset" 1082
"E:/Epic Games/UE projects/rpg_project/Content/Blueprints/AI/BP_Enemy.uexp" 1083
"E:/Epic Games/UE projects/rpg_project/Content/Blueprints/AI/Tasks/Task_BigAttack.uasset" 1084
"E:/Epic Games/UE projects/rpg_project/Content/Blueprints/AI/Tasks/Task_BigAttack.uexp" 1085
"E:/Epic Games/UE projects/rpg_project/Content/Blueprints/AI/Tasks/Task_ComboAttack.uasset" 1086
"E:/Epic Games/UE projects/rpg_project/Content/Blueprints/AI/Tasks/Task_ComboAttack.uexp" 1087
"E:/Epic Games/UE projects/rpg_project/Content/Blueprints/AI/BT_Boss.uasset" 1088
"E:/Epic Games/UE projects/rpg_project/Content/Blueprints/AI/BT_Boss.uexp" 1089
"E:/Epic Games/UE projects/rpg_project/Content/Blueprints/AI/BP_AI_Enemy_Boss.uasset" 1090
"E:/Epic Games/UE projects/rpg_project/Content/Blueprints/AI/BP_AI_Enemy_Boss.uexp" 1091
"E:/Epic Games/UE projects/rpg_project/Content/ParagonGrux/Characters/Heroes/Grux/Meshes/Grux_Skeleton.uasset" 1092
"E:/Epic Games/UE projects/rpg_project/Content/ParagonGrux/Characters/Heroes/Grux/Meshes/Grux_Skeleton.uexp" 1093
"E:/Epic Games/UE projects/rpg_project/Content/ParagonGrux/Characters/Heroes/Grux/Animations/Run_Rt.uasset" 1094
"E:/Epic Games/UE projects/rpg_project/Content/ParagonGrux/Characters/Heroes/Grux/Animations/Run_Rt.uexp" 1095
"E:/Epic Games/UE projects/rpg_project/Content/ParagonGrux/Characters/Heroes/Grux/Animations/Run_Lft.uasset" 1096
"E:/Epic Games/UE projects/rpg_project/Content/ParagonGrux/Characters/Heroes/Grux/Animations/Run_Lft.uexp" 1097
"E:/Epic Games/UE projects/rpg_project/Content/ParagonGrux/Characters/Heroes/Grux/Animations/Run_Fwd.uasset" 1098
"E:/Epic Games/UE projects/rpg_project/Content/ParagonGrux/Characters/Heroes/Grux/Animations/Run_Fwd.uexp" 1099
"E:/Epic Games/UE projects/rpg_project/Content/ParagonGrux/Characters/Heroes/Grux/Animations/Jog_Rgt.uasset" 1100
"E:/Epic Games/UE projects/rpg_project/Content/ParagonGrux/Characters/Heroes/Grux/Animations/Jog_Rgt.uexp" 1101
"E:/Epic Games/UE projects/rpg_project/Content/ParagonGrux/Characters/Heroes/Grux/Animations/Jog_Lft.uasset" 1102
"E:/Epic Games/UE projects/rpg_project/Content/ParagonGrux/Characters/Heroes/Grux/Animations/Jog_Lft.uexp" 1103
"E:/Epic Games/UE projects/rpg_project/Content/ParagonGrux/Characters/Heroes/Grux/Animations/Jog_Fwd.uasset" 1104
"E:/Epic Games/UE projects/rpg_project/Content/ParagonGrux/Characters/Heroes/Grux/Animations/Jog_Fwd.uexp" 1105
"E:/Epic Games/UE projects/rpg_project/Content/ParagonGrux/Characters/Heroes/Grux/Animations/Jog_Bwd.uasset" 1106
"E:/Epic Games/UE projects/rpg_project/Content/ParagonGrux/Characters/Heroes/Grux/Animations/Jog_Bwd.uexp" 1107
"E:/Epic Games/UE projects/rpg_project/Content/ParagonGrux/Characters/Heroes/Grux/Animations/Blendspaces/BaseHero_Locomotion_BS.uasset" 1108
"E:/Epic Games/UE projects/rpg_project/Content/ParagonGrux/Characters/Heroes/Grux/Animations/Blendspaces/BaseHero_Locomotion_BS.uexp" 1109
"E:/Epic Games/UE projects/rpg_project/Content/ParagonGrux/Characters/Heroes/Grux/Animations/Idle.uasset" 1110
"E:/Epic Games/UE projects/rpg_project/Content/ParagonGrux/Characters/Heroes/Grux/Animations/Idle.uexp" 1111
"E:/Epic Games/UE projects/rpg_project/Content/ParagonGrux/Characters/ABP_Grux.uasset" 1112
"E:/Epic Games/UE projects/rpg_project/Content/ParagonGrux/Characters/ABP_Grux.uexp" 1113
"E:/Epic Games/UE projects/rpg_project/Content/ParagonGrux/Characters/Heroes/Grux/Animations/BigAttack.uasset" 1114
"E:/Epic Games/UE projects/rpg_project/Content/ParagonGrux/Characters/Heroes/Grux/Animations/BigAttack.uexp" 1115
"E:/Epic Games/UE projects/rpg_project/Content/ParagonGrux/Characters/Heroes/Grux/Animations/BigAttack_Montage.uasset" 1116
"E:/Epic Games/UE projects/rpg_project/Content/ParagonGrux/Characters/Heroes/Grux/Animations/BigAttack_Montage.uexp" 1117
"E:/Epic Games/UE projects/rpg_project/Content/ParagonGrux/Characters/Heroes/Grux/Animations/HitReact_Back.uasset" 1118
"E:/Epic Games/UE projects/rpg_project/Content/ParagonGrux/Characters/Heroes/Grux/Animations/HitReact_Back.uexp" 1119
"E:/Epic Games/UE projects/rpg_project/Content/ParagonGrux/Characters/Heroes/Grux/Animations/HitReact_Back_Montage.uasset" 1120
"E:/Epic Games/UE projects/rpg_project/Content/ParagonGrux/Characters/Heroes/Grux/Animations/HitReact_Back_Montage.uexp" 1121
"E:/Epic Games/UE projects/rpg_project/Content/ParagonGrux/Characters/Heroes/Grux/Animations/PrimaryAttack_FourStrikes.uasset" 1122
"E:/Epic Games/UE projects/rpg_project/Content/ParagonGrux/Characters/Heroes/Grux/Animations/PrimaryAttack_FourStrikes.uexp" 1123
"E:/Epic Games/UE projects/rpg_project/Content/ParagonGrux/Characters/Heroes/Grux/Animations/PrimaryAttack_FourStrikes_Montage.uasset" 1124
"E:/Epic Games/UE projects/rpg_project/Content/ParagonGrux/Characters/Heroes/Grux/Animations/PrimaryAttack_FourStrikes_Montage.uexp" 1125
"E:/Epic Games/UE projects/rpg_project/Content/ParagonGrux/Characters/Heroes/Grux/Animations/PrimaryAttack_LA.uasset" 1126
"E:/Epic Games/UE projects/rpg_project/Content/ParagonGrux/Characters/Heroes/Grux/Animations/PrimaryAttack_LA.uexp" 1127
"E:/Epic Games/UE projects/rpg_project/Content/ParagonGrux/Characters/Heroes/Grux/Animations/PrimaryAttack_LA_Montage.uasset" 1128
"E:/Epic Games/UE projects/rpg_project/Content/ParagonGrux/Characters/Heroes/Grux/Animations/PrimaryAttack_LA_Montage.uexp" 1129
"E:/Epic Games/UE projects/rpg_project/Content/ParagonGrux/Characters/Heroes/Grux/Meshes/Grux_Extents.uasset" 1130
"E:/Epic Games/UE projects/rpg_project/Content/ParagonGrux/Characters/Heroes/Grux/Meshes/Grux_Extents.uexp" 1131
"E:/Epic Games/UE projects/rpg_project/Content/ParagonGrux/Characters/Heroes/Grux/Meshes/Grux_CylShadows.uasset" 1132
"E:/Epic Games/UE projects/rpg_project/Content/ParagonGrux/Characters/Heroes/Grux/Meshes/Grux_CylShadows.uexp" 1133
"E:/Epic Games/UE projects/rpg_project/Content/ParagonGrux/Characters/Global/Eyes/Textures/T_EyeOcclusion2.ubulk" 1134
"E:/Epic Games/UE projects/rpg_project/Content/ParagonGrux/Characters/Global/Eyes/Textures/T_EyeOcclusion2.uasset" 1135
"E:/Epic Games/UE projects/rpg_project/Content/ParagonGrux/Characters/Global/Eyes/Textures/T_EyeOcclusion2.uexp" 1136
"E:/Epic Games/UE projects/rpg_project/Content/ParagonGrux/Characters/Global/Eyes/Materials/M_Eye_Occlusion.uasset" 1137
"E:/Epic Games/UE projects/rpg_project/Content/ParagonGrux/Characters/Global/Eyes/Materials/M_Eye_Occlusion.uexp" 1138
"E:/Epic Games/UE projects/rpg_project/Content/ParagonGrux/Characters/Global/ParameterCollections/OrionGlobalGameplayCollection.uasset" 1139
"E:/Epic Games/UE projects/rpg_project/Content/ParagonGrux/Characters/Global/ParameterCollections/OrionGlobalGameplayCollection.uexp" 1140
"E:/Epic Games/UE projects/rpg_project/Content/ParagonGrux/Characters/Global/MaterialLayers/T_TestML_Mask.ubulk" 1141
"E:/Epic Games/UE projects/rpg_project/Content/ParagonGrux/Characters/Global/MaterialLayers/T_TestML_Mask.uasset" 1142
"E:/Epic Games/UE projects/rpg_project/Content/ParagonGrux/Characters/Global/MaterialLayers/T_TestML_Mask.uexp" 1143
"E:/Epic Games/UE projects/rpg_project/Content/ParagonGrux/Characters/Global/MaterialLayers/ML__Blank.uasset" 1144
"E:/Epic Games/UE projects/rpg_project/Content/ParagonGrux/Characters/Global/MaterialLayers/ML__Blank.uexp" 1145
"E:/Epic Games/UE projects/rpg_project/Content/ParagonGrux/Characters/Global/MaterialFunctions/MaterialLayerConstructors/MLC_ScratchAndGrime.uasset" 1146
"E:/Epic Games/UE projects/rpg_project/Content/ParagonGrux/Characters/Global/MaterialFunctions/MaterialLayerConstructors/MLC_ScratchAndGrime.uexp" 1147
"E:/Epic Games/UE projects/rpg_project/Content/ParagonGrux/Characters/Global/MaterialFunctions/MaterialLayerConstructors/MLC_Standard.uasset" 1148
"E:/Epic Games/UE projects/rpg_project/Content/ParagonGrux/Characters/Global/MaterialFunctions/MaterialLayerConstructors/MLC_Standard.uexp" 1149
"E:/Epic Games/UE projects/rpg_project/Content/ParagonGrux/Characters/Global/MaterialLayers/Rubber/T_Blank_N.uasset" 1150
"E:/Epic Games/UE projects/rpg_project/Content/ParagonGrux/Characters/Global/MaterialLayers/Rubber/T_Blank_N.uexp" 1151
"E:/Epic Games/UE projects/rpg_project/Content/ParagonGrux/Characters/Global/MaterialLayers/Metal/T_Blue_Metal02.ubulk" 1152
"E:/Epic Games/UE projects/rpg_project/Content/ParagonGrux/Characters/Global/MaterialLayers/Metal/T_Blue_Metal02.uasset" 1153
"E:/Epic Games/UE projects/rpg_project/Content/ParagonGrux/Characters/Global/MaterialLayers/Metal/T_Blue_Metal02.uexp" 1154
"E:/Epic Games/UE projects/rpg_project/Content/ParagonGrux/Characters/Global/MaterialLayers/Metal/ML_blue_Metal.uasset" 1155
"E:/Epic Games/UE projects/rpg_project/Content/ParagonGrux/Characters/Global/MaterialLayers/Metal/ML_blue_Metal.uexp" 1156
"E:/Epic Games/UE projects/rpg_project/Content/ParagonGrux/Characters/Global/MaterialFunctions/MF_OrionRimlight.uasset" 1157
"E:/Epic Games/UE projects/rpg_project/Content/ParagonGrux/Characters/Global/MaterialFunctions/MF_OrionRimlight.uexp" 1158
"E:/Epic Games/UE projects/rpg_project/Content/ParagonGrux/Characters/Global/MaterialFunctions/Textures/T_AtmosphericCloudNoise01.ubulk" 1159
"E:/Epic Games/UE projects/rpg_project/Content/ParagonGrux/Characters/Global/MaterialFunctions/Textures/T_AtmosphericCloudNoise01.uasset" 1160
"E:/Epic Games/UE projects/rpg_project/Content/ParagonGrux/Characters/Global/MaterialFunctions/Textures/T_AtmosphericCloudNoise01.uexp" 1161
"E:/Epic Games/UE projects/rpg_project/Content/ParagonGrux/Characters/Global/MaterialFunctions/Textures/T_AtmosphericCloudNoise01_N.ubulk" 1162
"E:/Epic Games/UE projects/rpg_project/Content/ParagonGrux/Characters/Global/MaterialFunctions/Textures/T_AtmosphericCloudNoise01_N.uasset" 1163
"E:/Epic Games/UE projects/rpg_project/Content/ParagonGrux/Characters/Global/MaterialFunctions/Textures/T_AtmosphericCloudNoise01_N.uexp" 1164
"E:/Epic Games/UE projects/rpg_project/Content/ParagonGrux/Characters/Global/MaterialFunctions/Textures/T_AtmosphericCloudNoise03.ubulk" 1165
"E:/Epic Games/UE projects/rpg_project/Content/ParagonGrux/Characters/Global/MaterialFunctions/Textures/T_AtmosphericCloudNoise03.uasset" 1166
"E:/Epic Games/UE projects/rpg_project/Content/ParagonGrux/Characters/Global/MaterialFunctions/Textures/T_AtmosphericCloudNoise03.uexp" 1167
"E:/Epic Games/UE projects/rpg_project/Content/ParagonGrux/Characters/Global/MaterialFunctions/MF_DeathFade.uasset" 1168
"E:/Epic Games/UE projects/rpg_project/Content/ParagonGrux/Characters/Global/MaterialFunctions/MF_DeathFade.uexp" 1169
"E:/Epic Games/UE projects/rpg_project/Content/ParagonGrux/Characters/Global/MaterialFunctions/HitFlash.uasset" 1170
"E:/Epic Games/UE projects/rpg_project/Content/ParagonGrux/Characters/Global/MaterialFunctions/HitFlash.uexp" 1171
"E:/Epic Games/UE projects/rpg_project/Content/ParagonGrux/Characters/Global/MaterialFunctions/MF_BrightnessAdjust.uasset" 1172
"E:/Epic Games/UE projects/rpg_project/Content/ParagonGrux/Characters/Global/MaterialFunctions/MF_BrightnessAdjust.uexp" 1173
"E:/Epic Games/UE projects/rpg_project/Content/ParagonGrux/Characters/Global/MaterialFunctions/MF_CharacterEffects.uasset" 1174
"E:/Epic Games/UE projects/rpg_project/Content/ParagonGrux/Characters/Global/MaterialFunctions/MF_CharacterEffects.uexp" 1175
"E:/Epic Games/UE projects/rpg_project/Content/ParagonGrux/Characters/Global/Eyes/Textures/TearDuctSubsurfaceProfile.uasset" 1176
"E:/Epic Games/UE projects/rpg_project/Content/ParagonGrux/Characters/Global/Eyes/Textures/TearDuctSubsurfaceProfile.uexp" 1177
"E:/Epic Games/UE projects/rpg_project/Content/ParagonGrux/Characters/Global/Eyes/Textures/Eye_Tearduct__normals2.ubulk" 1178
"E:/Epic Games/UE projects/rpg_project/Content/ParagonGrux/Characters/Global/Eyes/Textures/Eye_Tearduct__normals2.uasset" 1179
"E:/Epic Games/UE projects/rpg_project/Content/ParagonGrux/Characters/Global/Eyes/Textures/Eye_Tearduct__normals2.uexp" 1180
"E:/Epic Games/UE projects/rpg_project/Content/ParagonGrux/Characters/Global/Eyes/Materials/M_TearDuct_2.uasset" 1181
"E:/Epic Games/UE projects/rpg_project/Content/ParagonGrux/Characters/Global/Eyes/Materials/M_TearDuct_2.uexp" 1182
"E:/Epic Games/UE projects/rpg_project/Content/ParagonGrux/Characters/Global/Eyes/Materials/M_TearLine.uasset" 1183
"E:/Epic Games/UE projects/rpg_project/Content/ParagonGrux/Characters/Global/Eyes/Materials/M_TearLine.uexp" 1184
"E:/Epic Games/UE projects/rpg_project/Content/ParagonGrux/Characters/Heroes/Grux/Textures/T_Grux_Eye_D.ubulk" 1185
"E:/Epic Games/UE projects/rpg_project/Content/ParagonGrux/Characters/Heroes/Grux/Textures/T_Grux_Eye_D.uasset" 1186
"E:/Epic Games/UE projects/rpg_project/Content/ParagonGrux/Characters/Heroes/Grux/Textures/T_Grux_Eye_D.uexp" 1187
"E:/Epic Games/UE projects/rpg_project/Content/ParagonGrux/Characters/Global/FX/Textures/Flares/T_Grux_Corona_D.ubulk" 1188
"E:/Epic Games/UE projects/rpg_project/Content/ParagonGrux/Characters/Global/FX/Textures/Flares/T_Grux_Corona_D.uasset" 1189
"E:/Epic Games/UE projects/rpg_project/Content/ParagonGrux/Characters/Global/FX/Textures/Flares/T_Grux_Corona_D.uexp" 1190
"E:/Epic Games/UE projects/rpg_project/Content/ParagonGrux/Characters/Global/MaterialLayers/ML_TacticiaULTEye.uasset" 1191
"E:/Epic Games/UE projects/rpg_project/Content/ParagonGrux/Characters/Global/MaterialLayers/ML_TacticiaULTEye.uexp" 1192
"E:/Epic Games/UE projects/rpg_project/Content/ParagonGrux/Characters/Global/Eyes/Textures/T_Swirly_Noise.ubulk" 1193
"E:/Epic Games/UE projects/rpg_project/Content/ParagonGrux/Characters/Global/Eyes/Textures/T_Swirly_Noise.uasset" 1194
"E:/Epic Games/UE projects/rpg_project/Content/ParagonGrux/Characters/Global/Eyes/Textures/T_Swirly_Noise.uexp" 1195
"E:/Epic Games/UE projects/rpg_project/Content/ParagonGrux/Characters/Global/Eyes/Textures/T_Sphere_EYE_NORMALS.ubulk" 1196
"E:/Epic Games/UE projects/rpg_project/Content/ParagonGrux/Characters/Global/Eyes/Textures/T_Sphere_EYE_NORMALS.uasset" 1197
"E:/Epic Games/UE projects/rpg_project/Content/ParagonGrux/Characters/Global/Eyes/Textures/T_Sphere_EYE_NORMALS.uexp" 1198
"E:/Epic Games/UE projects/rpg_project/Content/ParagonGrux/Characters/Global/Eyes/Textures/T_Eye_Wet_Normal.ubulk" 1199
"E:/Epic Games/UE projects/rpg_project/Content/ParagonGrux/Characters/Global/Eyes/Textures/T_Eye_Wet_Normal.uasset" 1200
"E:/Epic Games/UE projects/rpg_project/Content/ParagonGrux/Characters/Global/Eyes/Textures/T_Eye_Wet_Normal.uexp" 1201
"E:/Epic Games/UE projects/rpg_project/Content/ParagonGrux/Characters/Global/Eyes/Textures/T_EyeScleraBaseColor_Example_2.ubulk" 1202
"E:/Epic Games/UE projects/rpg_project/Content/ParagonGrux/Characters/Global/Eyes/Textures/T_EyeScleraBaseColor_Example_2.uasset" 1203
"E:/Epic Games/UE projects/rpg_project/Content/ParagonGrux/Characters/Global/Eyes/Textures/T_EyeScleraBaseColor_Example_2.uexp" 1204
"E:/Epic Games/UE projects/rpg_project/Content/ParagonGrux/Characters/Global/Eyes/Textures/T_EyeMidPlaneDisplacement_Example.ubulk" 1205
"E:/Epic Games/UE projects/rpg_project/Content/ParagonGrux/Characters/Global/Eyes/Textures/T_EyeMidPlaneDisplacement_Example.uasset" 1206
"E:/Epic Games/UE projects/rpg_project/Content/ParagonGrux/Characters/Global/Eyes/Textures/T_EyeMidPlaneDisplacement_Example.uexp" 1207
"E:/Epic Games/UE projects/rpg_project/Content/ParagonGrux/Characters/Global/Eyes/Textures/T_EyeIrisBaseColor_Example_2.ubulk" 1208
"E:/Epic Games/UE projects/rpg_project/Content/ParagonGrux/Characters/Global/Eyes/Textures/T_EyeIrisBaseColor_Example_2.uasset" 1209
"E:/Epic Games/UE projects/rpg_project/Content/ParagonGrux/Characters/Global/Eyes/Textures/T_EyeIrisBaseColor_Example_2.uexp" 1210
"E:/Epic Games/UE projects/rpg_project/Content/ParagonGrux/Characters/Global/Eyes/Textures/T_DecalMask_Radial03.ubulk" 1211
"E:/Epic Games/UE projects/rpg_project/Content/ParagonGrux/Characters/Global/Eyes/Textures/T_DecalMask_Radial03.uasset" 1212
"E:/Epic Games/UE projects/rpg_project/Content/ParagonGrux/Characters/Global/Eyes/Textures/T_DecalMask_Radial03.uexp" 1213
"E:/Epic Games/UE projects/rpg_project/Content/ParagonGrux/Characters/Global/Eyes/Textures/EYE_NORMALS.ubulk" 1214
"E:/Epic Games/UE projects/rpg_project/Content/ParagonGrux/Characters/Global/Eyes/Textures/EYE_NORMALS.uasset" 1215
"E:/Epic Games/UE projects/rpg_project/Content/ParagonGrux/Characters/Global/Eyes/Textures/EYE_NORMALS.uexp" 1216
"E:/Epic Games/UE projects/rpg_project/Content/ParagonGrux/Characters/Global/Eyes/Textures/EyeInner_Profile.uasset" 1217
"E:/Epic Games/UE projects/rpg_project/Content/ParagonGrux/Characters/Global/Eyes/Textures/EyeInner_Profile.uexp" 1218
"E:/Epic Games/UE projects/rpg_project/Content/ParagonGrux/Characters/Global/Eyes/Textures/EpicQuadPanorama_CC.uasset" 1219
"E:/Epic Games/UE projects/rpg_project/Content/ParagonGrux/Characters/Global/Eyes/Textures/EpicQuadPanorama_CC.uexp" 1220
"E:/Epic Games/UE projects/rpg_project/Content/ParagonGrux/Characters/Global/Eyes/MaterialFunctions/ML_EyeRefraction.uasset" 1221
"E:/Epic Games/UE projects/rpg_project/Content/ParagonGrux/Characters/Global/Eyes/MaterialFunctions/ML_EyeRefraction.uexp" 1222
"E:/Epic Games/UE projects/rpg_project/Content/ParagonGrux/Characters/Global/Eyes/Materials/M_EyeRefractive.uasset" 1223
"E:/Epic Games/UE projects/rpg_project/Content/ParagonGrux/Characters/Global/Eyes/Materials/M_EyeRefractive.uexp" 1224
"E:/Epic Games/UE projects/rpg_project/Content/ParagonGrux/Characters/Heroes/Grux/Materials/MI_Grux_Eye.uasset" 1225
"E:/Epic Games/UE projects/rpg_project/Content/ParagonGrux/Characters/Heroes/Grux/Materials/MI_Grux_Eye.uexp" 1226
"E:/Epic Games/UE projects/rpg_project/Content/ParagonGrux/Characters/Heroes/Grux/Textures/T_Grux_Torso_Tint_MASK.ubulk" 1227
"E:/Epic Games/UE projects/rpg_project/Content/ParagonGrux/Characters/Heroes/Grux/Textures/T_Grux_Torso_Tint_MASK.uasset" 1228
"E:/Epic Games/UE projects/rpg_project/Content/ParagonGrux/Characters/Heroes/Grux/Textures/T_Grux_Torso_Tint_MASK.uexp" 1229
"E:/Epic Games/UE projects/rpg_project/Content/ParagonGrux/Characters/Heroes/Grux/Textures/T_Grux_Torso_normals.ubulk" 1230
"E:/Epic Games/UE projects/rpg_project/Content/ParagonGrux/Characters/Heroes/Grux/Textures/T_Grux_Torso_normals.uasset" 1231
"E:/Epic Games/UE projects/rpg_project/Content/ParagonGrux/Characters/Heroes/Grux/Textures/T_Grux_Torso_normals.uexp" 1232
"E:/Epic Games/UE projects/rpg_project/Content/ParagonGrux/Characters/Heroes/Grux/Textures/T_Grux_Torso_Mask03.ubulk" 1233
"E:/Epic Games/UE projects/rpg_project/Content/ParagonGrux/Characters/Heroes/Grux/Textures/T_Grux_Torso_Mask03.uasset" 1234
"E:/Epic Games/UE projects/rpg_project/Content/ParagonGrux/Characters/Heroes/Grux/Textures/T_Grux_Torso_Mask03.uexp" 1235
"E:/Epic Games/UE projects/rpg_project/Content/ParagonGrux/Characters/Heroes/Grux/Textures/T_Grux_Torso_Mask01.ubulk" 1236
"E:/Epic Games/UE projects/rpg_project/Content/ParagonGrux/Characters/Heroes/Grux/Textures/T_Grux_Torso_Mask01.uasset" 1237
"E:/Epic Games/UE projects/rpg_project/Content/ParagonGrux/Characters/Heroes/Grux/Textures/T_Grux_Torso_Mask01.uexp" 1238
"E:/Epic Games/UE projects/rpg_project/Content/ParagonGrux/Characters/Heroes/Grux/Textures/T_Grux_Torso_D.ubulk" 1239
"E:/Epic Games/UE projects/rpg_project/Content/ParagonGrux/Characters/Heroes/Grux/Textures/T_Grux_Torso_D.uasset" 1240
"E:/Epic Games/UE projects/rpg_project/Content/ParagonGrux/Characters/Heroes/Grux/Textures/T_Grux_Torso_D.uexp" 1241
"E:/Epic Games/UE projects/rpg_project/Content/ParagonGrux/Characters/Heroes/Grux/Textures/T_Grux_Skin_Elephant_Color.ubulk" 1242
"E:/Epic Games/UE projects/rpg_project/Content/ParagonGrux/Characters/Heroes/Grux/Textures/T_Grux_Skin_Elephant_Color.uasset" 1243
"E:/Epic Games/UE projects/rpg_project/Content/ParagonGrux/Characters/Heroes/Grux/Textures/T_Grux_Skin_Elephant_Color.uexp" 1244
"E:/Epic Games/UE projects/rpg_project/Content/ParagonGrux/Characters/Heroes/Grux/Textures/T_Grux_Skin_Elephant.ubulk" 1245
"E:/Epic Games/UE projects/rpg_project/Content/ParagonGrux/Characters/Heroes/Grux/Textures/T_Grux_Skin_Elephant.uasset" 1246
"E:/Epic Games/UE projects/rpg_project/Content/ParagonGrux/Characters/Heroes/Grux/Textures/T_Grux_Skin_Elephant.uexp" 1247
"E:/Epic Games/UE projects/rpg_project/Content/ParagonGrux/Characters/Heroes/Grux/Materials/Grux_SS_Profile.uasset" 1248
"E:/Epic Games/UE projects/rpg_project/Content/ParagonGrux/Characters/Heroes/Grux/Materials/Grux_SS_Profile.uexp" 1249
"E:/Epic Games/UE projects/rpg_project/Content/ParagonGrux/Characters/Global/FX/Textures/Tile/Cloud/T_Clouds_01.ubulk" 1250
"E:/Epic Games/UE projects/rpg_project/Content/ParagonGrux/Characters/Global/FX/Textures/Tile/Cloud/T_Clouds_01.uasset" 1251
"E:/Epic Games/UE projects/rpg_project/Content/ParagonGrux/Characters/Global/FX/Textures/Tile/Cloud/T_Clouds_01.uexp" 1252
"E:/Epic Games/UE projects/rpg_project/Content/ParagonGrux/Characters/Global/FX/Textures/Tile/Noise/T_Voronoi_Cells_02.ubulk" 1253
"E:/Epic Games/UE projects/rpg_project/Content/ParagonGrux/Characters/Global/FX/Textures/Tile/Noise/T_Voronoi_Cells_02.uasset" 1254
"E:/Epic Games/UE projects/rpg_project/Content/ParagonGrux/Characters/Global/FX/Textures/Tile/Noise/T_Voronoi_Cells_02.uexp" 1255
"E:/Epic Games/UE projects/rpg_project/Content/ParagonGrux/Characters/Heroes/Grux/Materials/Functions/mf_GruxEmissive_TorsoGlow.uasset" 1256
"E:/Epic Games/UE projects/rpg_project/Content/ParagonGrux/Characters/Heroes/Grux/Materials/Functions/mf_GruxEmissive_TorsoGlow.uexp" 1257
"E:/Epic Games/UE projects/rpg_project/Content/ParagonGrux/Characters/Heroes/Grux/Skins/Tier_1/War_Chief/Textures/T_Grux_Torso_TribalMask01.ubulk" 1258
"E:/Epic Games/UE projects/rpg_project/Content/ParagonGrux/Characters/Heroes/Grux/Skins/Tier_1/War_Chief/Textures/T_Grux_Torso_TribalMask01.uasset" 1259
"E:/Epic Games/UE projects/rpg_project/Content/ParagonGrux/Characters/Heroes/Grux/Skins/Tier_1/War_Chief/Textures/T_Grux_Torso_TribalMask01.uexp" 1260
"E:/Epic Games/UE projects/rpg_project/Content/ParagonGrux/Characters/Heroes/Grux/Materials/M_Grux_Torso.uasset" 1261
"E:/Epic Games/UE projects/rpg_project/Content/ParagonGrux/Characters/Heroes/Grux/Materials/M_Grux_Torso.uexp" 1262
"E:/Epic Games/UE projects/rpg_project/Content/ParagonGrux/Characters/Global/T_Black_Linear.uasset" 1263
"E:/Epic Games/UE projects/rpg_project/Content/ParagonGrux/Characters/Global/T_Black_Linear.uexp" 1264
"E:/Epic Games/UE projects/rpg_project/Content/ParagonGrux/Characters/Global/MaterialFunctions/MF_OrionCharacterAO.uasset" 1265
"E:/Epic Games/UE projects/rpg_project/Content/ParagonGrux/Characters/Global/MaterialFunctions/MF_OrionCharacterAO.uexp" 1266
"E:/Epic Games/UE projects/rpg_project/Content/ParagonGrux/Characters/Global/MaterialFunctions/MF_ClothShading.uasset" 1267
"E:/Epic Games/UE projects/rpg_project/Content/ParagonGrux/Characters/Global/MaterialFunctions/MF_ClothShading.uexp" 1268
"E:/Epic Games/UE projects/rpg_project/Content/ParagonGrux/Characters/Heroes/Grux/Textures/T_Grux_accessory_normals.ubulk" 1269
"E:/Epic Games/UE projects/rpg_project/Content/ParagonGrux/Characters/Heroes/Grux/Textures/T_Grux_accessory_normals.uasset" 1270
"E:/Epic Games/UE projects/rpg_project/Content/ParagonGrux/Characters/Heroes/Grux/Textures/T_Grux_accessory_normals.uexp" 1271
"E:/Epic Games/UE projects/rpg_project/Content/ParagonGrux/Characters/Heroes/Grux/Textures/T_Grux_accessory_Mask01.ubulk" 1272
"E:/Epic Games/UE projects/rpg_project/Content/ParagonGrux/Characters/Heroes/Grux/Textures/T_Grux_accessory_Mask01.uasset" 1273
"E:/Epic Games/UE projects/rpg_project/Content/ParagonGrux/Characters/Heroes/Grux/Textures/T_Grux_accessory_Mask01.uexp" 1274
"E:/Epic Games/UE projects/rpg_project/Content/ParagonGrux/Characters/Heroes/Grux/Textures/T_Grux_accessory_EmissiveMask.ubulk" 1275
"E:/Epic Games/UE projects/rpg_project/Content/ParagonGrux/Characters/Heroes/Grux/Textures/T_Grux_accessory_EmissiveMask.uasset" 1276
"E:/Epic Games/UE projects/rpg_project/Content/ParagonGrux/Characters/Heroes/Grux/Textures/T_Grux_accessory_EmissiveMask.uexp" 1277
"E:/Epic Games/UE projects/rpg_project/Content/ParagonGrux/Characters/Global/MaterialFunctions/MaterialLayerConstructors/MF_BaseColorTintAndContrast.uasset" 1278
"E:/Epic Games/UE projects/rpg_project/Content/ParagonGrux/Characters/Global/MaterialFunctions/MaterialLayerConstructors/MF_BaseColorTintAndContrast.uexp" 1279
"E:/Epic Games/UE projects/rpg_project/Content/ParagonGrux/Characters/Global/MaterialFunctions/MaterialLayerConstructors/MF_RoughnessAdjustment.uasset" 1280
"E:/Epic Games/UE projects/rpg_project/Content/ParagonGrux/Characters/Global/MaterialFunctions/MaterialLayerConstructors/MF_RoughnessAdjustment.uexp" 1281
"E:/Epic Games/UE projects/rpg_project/Content/ParagonGrux/Characters/Heroes/Grux/Materials/Functions/mf_GruxEmissive_Weapons.uasset" 1282
"E:/Epic Games/UE projects/rpg_project/Content/ParagonGrux/Characters/Heroes/Grux/Materials/Functions/mf_GruxEmissive_Weapons.uexp" 1283
"E:/Epic Games/UE projects/rpg_project/Content/ParagonGrux/Characters/Global/MaterialLayers/Fabric/T_ML_Canvas_Grey01_N.ubulk" 1284
"E:/Epic Games/UE projects/rpg_project/Content/ParagonGrux/Characters/Global/MaterialLayers/Fabric/T_ML_Canvas_Grey01_N.uasset" 1285
"E:/Epic Games/UE projects/rpg_project/Content/ParagonGrux/Characters/Global/MaterialLayers/Fabric/T_ML_Canvas_Grey01_N.uexp" 1286
"E:/Epic Games/UE projects/rpg_project/Content/ParagonGrux/Characters/Global/MaterialLayers/Fabric/T_ML_Canvas_Grey01.ubulk" 1287
"E:/Epic Games/UE projects/rpg_project/Content/ParagonGrux/Characters/Global/MaterialLayers/Fabric/T_ML_Canvas_Grey01.uasset" 1288
"E:/Epic Games/UE projects/rpg_project/Content/ParagonGrux/Characters/Global/MaterialLayers/Fabric/T_ML_Canvas_Grey01.uexp" 1289
"E:/Epic Games/UE projects/rpg_project/Content/ParagonGrux/Characters/Global/MaterialLayers/Fabric/ML_Canvas_Grey01.uasset" 1290
"E:/Epic Games/UE projects/rpg_project/Content/ParagonGrux/Characters/Global/MaterialLayers/Fabric/ML_Canvas_Grey01.uexp" 1291
"E:/Epic Games/UE projects/rpg_project/Content/ParagonGrux/Characters/Global/MaterialLayers/Metal/T_RoughMetal01_N2.ubulk" 1292
"E:/Epic Games/UE projects/rpg_project/Content/ParagonGrux/Characters/Global/MaterialLayers/Metal/T_RoughMetal01_N2.uasset" 1293
"E:/Epic Games/UE projects/rpg_project/Content/ParagonGrux/Characters/Global/MaterialLayers/Metal/T_RoughMetal01_N2.uexp" 1294
"E:/Epic Games/UE projects/rpg_project/Content/ParagonGrux/Characters/Global/MaterialLayers/Metal/T_RoughMetal01_N.ubulk" 1295
"E:/Epic Games/UE projects/rpg_project/Content/ParagonGrux/Characters/Global/MaterialLayers/Metal/T_RoughMetal01_N.uasset" 1296
"E:/Epic Games/UE projects/rpg_project/Content/ParagonGrux/Characters/Global/MaterialLayers/Metal/T_RoughMetal01_N.uexp" 1297
"E:/Epic Games/UE projects/rpg_project/Content/ParagonGrux/Characters/Global/MaterialLayers/Metal/T_RoughMetal01.ubulk" 1298
"E:/Epic Games/UE projects/rpg_project/Content/ParagonGrux/Characters/Global/MaterialLayers/Metal/T_RoughMetal01.uasset" 1299
"E:/Epic Games/UE projects/rpg_project/Content/ParagonGrux/Characters/Global/MaterialLayers/Metal/T_RoughMetal01.uexp" 1300
"E:/Epic Games/UE projects/rpg_project/Content/ParagonGrux/Characters/Global/MaterialLayers/Metal/T_Gadget_Machine_Base_RGB.ubulk" 1301
"E:/Epic Games/UE projects/rpg_project/Content/ParagonGrux/Characters/Global/MaterialLayers/Metal/T_Gadget_Machine_Base_RGB.uasset" 1302
"E:/Epic Games/UE projects/rpg_project/Content/ParagonGrux/Characters/Global/MaterialLayers/Metal/T_Gadget_Machine_Base_RGB.uexp" 1303
"E:/Epic Games/UE projects/rpg_project/Content/ParagonGrux/Characters/Global/MaterialLayers/Metal/ML_Steel_rough.uasset" 1304
"E:/Epic Games/UE projects/rpg_project/Content/ParagonGrux/Characters/Global/MaterialLayers/Metal/ML_Steel_rough.uexp" 1305
"E:/Epic Games/UE projects/rpg_project/Content/ParagonGrux/Characters/Heroes/Grux/Materials/M_Grux_Accessory.uasset" 1306
"E:/Epic Games/UE projects/rpg_project/Content/ParagonGrux/Characters/Heroes/Grux/Materials/M_Grux_Accessory.uexp" 1307
"E:/Epic Games/UE projects/rpg_project/Content/ParagonGrux/Characters/Heroes/Grux/Textures/T_Grux_Legshands_normals.ubulk" 1308
"E:/Epic Games/UE projects/rpg_project/Content/ParagonGrux/Characters/Heroes/Grux/Textures/T_Grux_Legshands_normals.uasset" 1309
"E:/Epic Games/UE projects/rpg_project/Content/ParagonGrux/Characters/Heroes/Grux/Textures/T_Grux_Legshands_normals.uexp" 1310
"E:/Epic Games/UE projects/rpg_project/Content/ParagonGrux/Characters/Heroes/Grux/Textures/T_Grux_LegsHands_D.ubulk" 1311
"E:/Epic Games/UE projects/rpg_project/Content/ParagonGrux/Characters/Heroes/Grux/Textures/T_Grux_LegsHands_D.uasset" 1312
"E:/Epic Games/UE projects/rpg_project/Content/ParagonGrux/Characters/Heroes/Grux/Textures/T_Grux_LegsHands_D.uexp" 1313
"E:/Epic Games/UE projects/rpg_project/Content/ParagonGrux/Characters/Heroes/Grux/Textures/T_Grux_LegshandsMask02.ubulk" 1314
"E:/Epic Games/UE projects/rpg_project/Content/ParagonGrux/Characters/Heroes/Grux/Textures/T_Grux_LegshandsMask02.uasset" 1315
"E:/Epic Games/UE projects/rpg_project/Content/ParagonGrux/Characters/Heroes/Grux/Textures/T_Grux_LegshandsMask02.uexp" 1316
"E:/Epic Games/UE projects/rpg_project/Content/ParagonGrux/Characters/Heroes/Grux/Textures/T_Grux_LegshandsMask01.ubulk" 1317
"E:/Epic Games/UE projects/rpg_project/Content/ParagonGrux/Characters/Heroes/Grux/Textures/T_Grux_LegshandsMask01.uasset" 1318
"E:/Epic Games/UE projects/rpg_project/Content/ParagonGrux/Characters/Heroes/Grux/Textures/T_Grux_LegshandsMask01.uexp" 1319
"E:/Epic Games/UE projects/rpg_project/Content/ParagonGrux/Characters/Heroes/Grux/Skins/Tier_1/War_Chief/Textures/T_Grux_TribalLegshandsMask01.ubulk" 1320
"E:/Epic Games/UE projects/rpg_project/Content/ParagonGrux/Characters/Heroes/Grux/Skins/Tier_1/War_Chief/Textures/T_Grux_TribalLegshandsMask01.uasset" 1321
"E:/Epic Games/UE projects/rpg_project/Content/ParagonGrux/Characters/Heroes/Grux/Skins/Tier_1/War_Chief/Textures/T_Grux_TribalLegshandsMask01.uexp" 1322
"E:/Epic Games/UE projects/rpg_project/Content/ParagonGrux/Characters/Heroes/Grux/Materials/MI_Grux_LegsHands.uasset" 1323
"E:/Epic Games/UE projects/rpg_project/Content/ParagonGrux/Characters/Heroes/Grux/Materials/MI_Grux_LegsHands.uexp" 1324
"E:/Epic Games/UE projects/rpg_project/Content/ParagonGrux/Characters/Heroes/Grux/Textures/T_Grux_head_normals.ubulk" 1325
"E:/Epic Games/UE projects/rpg_project/Content/ParagonGrux/Characters/Heroes/Grux/Textures/T_Grux_head_normals.uasset" 1326
"E:/Epic Games/UE projects/rpg_project/Content/ParagonGrux/Characters/Heroes/Grux/Textures/T_Grux_head_normals.uexp" 1327
"E:/Epic Games/UE projects/rpg_project/Content/ParagonGrux/Characters/Heroes/Grux/Textures/T_Grux_Head_Mask01.ubulk" 1328
"E:/Epic Games/UE projects/rpg_project/Content/ParagonGrux/Characters/Heroes/Grux/Textures/T_Grux_Head_Mask01.uasset" 1329
"E:/Epic Games/UE projects/rpg_project/Content/ParagonGrux/Characters/Heroes/Grux/Textures/T_Grux_Head_Mask01.uexp" 1330
"E:/Epic Games/UE projects/rpg_project/Content/ParagonGrux/Characters/Heroes/Grux/Textures/T_Grux_Head_D.ubulk" 1331
"E:/Epic Games/UE projects/rpg_project/Content/ParagonGrux/Characters/Heroes/Grux/Textures/T_Grux_Head_D.uasset" 1332
"E:/Epic Games/UE projects/rpg_project/Content/ParagonGrux/Characters/Heroes/Grux/Textures/T_Grux_Head_D.uexp" 1333
"E:/Epic Games/UE projects/rpg_project/Content/ParagonGrux/Characters/Heroes/Grux/Skins/Tier_1/War_Chief/Textures/T_Grux_Head_TribalMask01.ubulk" 1334
"E:/Epic Games/UE projects/rpg_project/Content/ParagonGrux/Characters/Heroes/Grux/Skins/Tier_1/War_Chief/Textures/T_Grux_Head_TribalMask01.uasset" 1335
"E:/Epic Games/UE projects/rpg_project/Content/ParagonGrux/Characters/Heroes/Grux/Skins/Tier_1/War_Chief/Textures/T_Grux_Head_TribalMask01.uexp" 1336
"E:/Epic Games/UE projects/rpg_project/Content/ParagonGrux/Characters/Heroes/Grux/Materials/MI_Grux_Head.uasset" 1337
"E:/Epic Games/UE projects/rpg_project/Content/ParagonGrux/Characters/Heroes/Grux/Materials/MI_Grux_Head.uexp" 1338
"E:/Epic Games/UE projects/rpg_project/Content/ParagonGrux/Characters/Heroes/Grux/Meshes/Grux.uasset" 1339
"E:/Epic Games/UE projects/rpg_project/Content/ParagonGrux/Characters/Heroes/Grux/Meshes/Grux.uexp" 1340
"E:/Epic Games/UE projects/rpg_project/Content/Blueprints/AI/BP_Enemy_Boss.uasset" 1341
"E:/Epic Games/UE projects/rpg_project/Content/Blueprints/AI/BP_Enemy_Boss.uexp" 1342
"../../../Engine/Content/EngineMaterials/DefaultMaterial.uasset" 1343
"../../../Engine/Content/EngineMaterials/DefaultMaterial.uexp" 1344
"../../../Engine/Content/MapTemplates/SM_Template_Map_Floor.ubulk" 1345
"../../../Engine/Content/MapTemplates/SM_Template_Map_Floor.uasset" 1346
"../../../Engine/Content/MapTemplates/SM_Template_Map_Floor.uexp" 1347
"../../../Engine/Plugins/Animation/ControlRig/Content/Controls/ControlRigGizmoMaterial.uasset" 1348
"../../../Engine/Plugins/Animation/ControlRig/Content/Controls/ControlRigGizmoMaterial.uexp" 1349
"../../../Engine/Plugins/Animation/ControlRig/Content/Controls/ControlRigXRayMaterial.uasset" 1350
"../../../Engine/Plugins/Animation/ControlRig/Content/Controls/ControlRigXRayMaterial.uexp" 1351
"../../../Engine/Plugins/Animation/ControlRig/Content/Controls/ControlRig_Arrow2_1mm.ubulk" 1352
"../../../Engine/Plugins/Animation/ControlRig/Content/Controls/ControlRig_Arrow2_1mm.uasset" 1353
"../../../Engine/Plugins/Animation/ControlRig/Content/Controls/ControlRig_Arrow2_1mm.uexp" 1354
"../../../Engine/Plugins/Animation/ControlRig/Content/Controls/ControlRig_Arrow2_3mm.ubulk" 1355
"../../../Engine/Plugins/Animation/ControlRig/Content/Controls/ControlRig_Arrow2_3mm.uasset" 1356
"../../../Engine/Plugins/Animation/ControlRig/Content/Controls/ControlRig_Arrow2_3mm.uexp" 1357
"../../../Engine/Plugins/Animation/ControlRig/Content/Controls/ControlRig_Arrow2_solid.ubulk" 1358
"../../../Engine/Plugins/Animation/ControlRig/Content/Controls/ControlRig_Arrow2_solid.uasset" 1359
"../../../Engine/Plugins/Animation/ControlRig/Content/Controls/ControlRig_Arrow2_solid.uexp" 1360
"../../../Engine/Plugins/Animation/ControlRig/Content/Controls/ControlRig_Arrow4_1mm.ubulk" 1361
"../../../Engine/Plugins/Animation/ControlRig/Content/Controls/ControlRig_Arrow4_1mm.uasset" 1362
"../../../Engine/Plugins/Animation/ControlRig/Content/Controls/ControlRig_Arrow4_1mm.uexp" 1363
"../../../Engine/Plugins/Animation/ControlRig/Content/Controls/ControlRig_Arrow4_3mm.ubulk" 1364
"../../../Engine/Plugins/Animation/ControlRig/Content/Controls/ControlRig_Arrow4_3mm.uasset" 1365
"../../../Engine/Plugins/Animation/ControlRig/Content/Controls/ControlRig_Arrow4_3mm.uexp" 1366
"../../../Engine/Plugins/Animation/ControlRig/Content/Controls/ControlRig_Arrow4_solid.ubulk" 1367
"../../../Engine/Plugins/Animation/ControlRig/Content/Controls/ControlRig_Arrow4_solid.uasset" 1368
"../../../Engine/Plugins/Animation/ControlRig/Content/Controls/ControlRig_Arrow4_solid.uexp" 1369
"../../../Engine/Plugins/Animation/ControlRig/Content/Controls/ControlRig_Arrow_1mm.ubulk" 1370
"../../../Engine/Plugins/Animation/ControlRig/Content/Controls/ControlRig_Arrow_1mm.uasset" 1371
"../../../Engine/Plugins/Animation/ControlRig/Content/Controls/ControlRig_Arrow_1mm.uexp" 1372
"../../../Engine/Plugins/Animation/ControlRig/Content/Controls/ControlRig_Arrow_3mm.ubulk" 1373
"../../../Engine/Plugins/Animation/ControlRig/Content/Controls/ControlRig_Arrow_3mm.uasset" 1374
"../../../Engine/Plugins/Animation/ControlRig/Content/Controls/ControlRig_Arrow_3mm.uexp" 1375
"../../../Engine/Plugins/Animation/ControlRig/Content/Controls/ControlRig_Arrow_solid.ubulk" 1376
"../../../Engine/Plugins/Animation/ControlRig/Content/Controls/ControlRig_Arrow_solid.uasset" 1377
"../../../Engine/Plugins/Animation/ControlRig/Content/Controls/ControlRig_Arrow_solid.uexp" 1378
"../../../Engine/Plugins/Animation/ControlRig/Content/Controls/ControlRig_Box_1mm.ubulk" 1379
"../../../Engine/Plugins/Animation/ControlRig/Content/Controls/ControlRig_Box_1mm.uasset" 1380
"../../../Engine/Plugins/Animation/ControlRig/Content/Controls/ControlRig_Box_1mm.uexp" 1381
"../../../Engine/Plugins/Animation/ControlRig/Content/Controls/ControlRig_Box_3mm.ubulk" 1382
"../../../Engine/Plugins/Animation/ControlRig/Content/Controls/ControlRig_Box_3mm.uasset" 1383
"../../../Engine/Plugins/Animation/ControlRig/Content/Controls/ControlRig_Box_3mm.uexp" 1384
"../../../Engine/Plugins/Animation/ControlRig/Content/Controls/ControlRig_Box_solid.ubulk" 1385
"../../../Engine/Plugins/Animation/ControlRig/Content/Controls/ControlRig_Box_solid.uasset" 1386
"../../../Engine/Plugins/Animation/ControlRig/Content/Controls/ControlRig_Box_solid.uexp" 1387
"../../../Engine/Plugins/Animation/ControlRig/Content/Controls/ControlRig_Circle_1mm.ubulk" 1388
"../../../Engine/Plugins/Animation/ControlRig/Content/Controls/ControlRig_Circle_1mm.uasset" 1389
"../../../Engine/Plugins/Animation/ControlRig/Content/Controls/ControlRig_Circle_1mm.uexp" 1390
"../../../Engine/Plugins/Animation/ControlRig/Content/Controls/ControlRig_Circle_3mm.ubulk" 1391
"../../../Engine/Plugins/Animation/ControlRig/Content/Controls/ControlRig_Circle_3mm.uasset" 1392
"../../../Engine/Plugins/Animation/ControlRig/Content/Controls/ControlRig_Circle_3mm.uexp" 1393
"../../../Engine/Plugins/Animation/ControlRig/Content/Controls/ControlRig_Circle_solid.ubulk" 1394
"../../../Engine/Plugins/Animation/ControlRig/Content/Controls/ControlRig_Circle_solid.uasset" 1395
"../../../Engine/Plugins/Animation/ControlRig/Content/Controls/ControlRig_Circle_solid.uexp" 1396
"../../../Engine/Plugins/Animation/ControlRig/Content/Controls/ControlRig_Diamond_1mm.ubulk" 1397
"../../../Engine/Plugins/Animation/ControlRig/Content/Controls/ControlRig_Diamond_1mm.uasset" 1398
"../../../Engine/Plugins/Animation/ControlRig/Content/Controls/ControlRig_Diamond_1mm.uexp" 1399
"../../../Engine/Plugins/Animation/ControlRig/Content/Controls/ControlRig_Diamond_3mm.ubulk" 1400
"../../../Engine/Plugins/Animation/ControlRig/Content/Controls/ControlRig_Diamond_3mm.uasset" 1401
"../../../Engine/Plugins/Animation/ControlRig/Content/Controls/ControlRig_Diamond_3mm.uexp" 1402
"../../../Engine/Plugins/Animation/ControlRig/Content/Controls/ControlRig_Diamond_solid.ubulk" 1403
"../../../Engine/Plugins/Animation/ControlRig/Content/Controls/ControlRig_Diamond_solid.uasset" 1404
"../../../Engine/Plugins/Animation/ControlRig/Content/Controls/ControlRig_Diamond_solid.uexp" 1405
"../../../Engine/Plugins/Animation/ControlRig/Content/Controls/ControlRig_HalfCircle_1mm.ubulk" 1406
"../../../Engine/Plugins/Animation/ControlRig/Content/Controls/ControlRig_HalfCircle_1mm.uasset" 1407
"../../../Engine/Plugins/Animation/ControlRig/Content/Controls/ControlRig_HalfCircle_1mm.uexp" 1408
"../../../Engine/Plugins/Animation/ControlRig/Content/Controls/ControlRig_HalfCircle_3mm.ubulk" 1409
"../../../Engine/Plugins/Animation/ControlRig/Content/Controls/ControlRig_HalfCircle_3mm.uasset" 1410
"../../../Engine/Plugins/Animation/ControlRig/Content/Controls/ControlRig_HalfCircle_3mm.uexp" 1411
"../../../Engine/Plugins/Animation/ControlRig/Content/Controls/ControlRig_HalfCircle_solid.ubulk" 1412
"../../../Engine/Plugins/Animation/ControlRig/Content/Controls/ControlRig_HalfCircle_solid.uasset" 1413
"../../../Engine/Plugins/Animation/ControlRig/Content/Controls/ControlRig_HalfCircle_solid.uexp" 1414
"../../../Engine/Plugins/Animation/ControlRig/Content/Controls/ControlRig_Hexagon_1mm.ubulk" 1415
"../../../Engine/Plugins/Animation/ControlRig/Content/Controls/ControlRig_Hexagon_1mm.uasset" 1416
"../../../Engine/Plugins/Animation/ControlRig/Content/Controls/ControlRig_Hexagon_1mm.uexp" 1417
"../../../Engine/Plugins/Animation/ControlRig/Content/Controls/ControlRig_Hexagon_3mm.ubulk" 1418
"../../../Engine/Plugins/Animation/ControlRig/Content/Controls/ControlRig_Hexagon_3mm.uasset" 1419
"../../../Engine/Plugins/Animation/ControlRig/Content/Controls/ControlRig_Hexagon_3mm.uexp" 1420
"../../../Engine/Plugins/Animation/ControlRig/Content/Controls/ControlRig_Hexagon_solid.ubulk" 1421
"../../../Engine/Plugins/Animation/ControlRig/Content/Controls/ControlRig_Hexagon_solid.uasset" 1422
"../../../Engine/Plugins/Animation/ControlRig/Content/Controls/ControlRig_Hexagon_solid.uexp" 1423
"../../../Engine/Plugins/Animation/ControlRig/Content/Controls/ControlRig_Octagon_1mm.ubulk" 1424
"../../../Engine/Plugins/Animation/ControlRig/Content/Controls/ControlRig_Octagon_1mm.uasset" 1425
"../../../Engine/Plugins/Animation/ControlRig/Content/Controls/ControlRig_Octagon_1mm.uexp" 1426
"../../../Engine/Plugins/Animation/ControlRig/Content/Controls/ControlRig_Octagon_3mm.ubulk" 1427
"../../../Engine/Plugins/Animation/ControlRig/Content/Controls/ControlRig_Octagon_3mm.uasset" 1428
"../../../Engine/Plugins/Animation/ControlRig/Content/Controls/ControlRig_Octagon_3mm.uexp" 1429
"../../../Engine/Plugins/Animation/ControlRig/Content/Controls/ControlRig_Octagon_solid.ubulk" 1430
"../../../Engine/Plugins/Animation/ControlRig/Content/Controls/ControlRig_Octagon_solid.uasset" 1431
"../../../Engine/Plugins/Animation/ControlRig/Content/Controls/ControlRig_Octagon_solid.uexp" 1432
"../../../Engine/Plugins/Animation/ControlRig/Content/Controls/ControlRig_Pyramid_1mm.ubulk" 1433
"../../../Engine/Plugins/Animation/ControlRig/Content/Controls/ControlRig_Pyramid_1mm.uasset" 1434
"../../../Engine/Plugins/Animation/ControlRig/Content/Controls/ControlRig_Pyramid_1mm.uexp" 1435
"../../../Engine/Plugins/Animation/ControlRig/Content/Controls/ControlRig_Pyramid_3mm.ubulk" 1436
"../../../Engine/Plugins/Animation/ControlRig/Content/Controls/ControlRig_Pyramid_3mm.uasset" 1437
"../../../Engine/Plugins/Animation/ControlRig/Content/Controls/ControlRig_Pyramid_3mm.uexp" 1438
"../../../Engine/Plugins/Animation/ControlRig/Content/Controls/ControlRig_Pyramid_solid.ubulk" 1439
"../../../Engine/Plugins/Animation/ControlRig/Content/Controls/ControlRig_Pyramid_solid.uasset" 1440
"../../../Engine/Plugins/Animation/ControlRig/Content/Controls/ControlRig_Pyramid_solid.uexp" 1441
"../../../Engine/Plugins/Animation/ControlRig/Content/Controls/ControlRig_QuarterCircle_1mm.ubulk" 1442
"../../../Engine/Plugins/Animation/ControlRig/Content/Controls/ControlRig_QuarterCircle_1mm.uasset" 1443
"../../../Engine/Plugins/Animation/ControlRig/Content/Controls/ControlRig_QuarterCircle_1mm.uexp" 1444
"../../../Engine/Plugins/Animation/ControlRig/Content/Controls/ControlRig_QuarterCircle_3mm.ubulk" 1445
"../../../Engine/Plugins/Animation/ControlRig/Content/Controls/ControlRig_QuarterCircle_3mm.uasset" 1446
"../../../Engine/Plugins/Animation/ControlRig/Content/Controls/ControlRig_QuarterCircle_3mm.uexp" 1447
"../../../Engine/Plugins/Animation/ControlRig/Content/Controls/ControlRig_QuarterCircle_solid.ubulk" 1448
"../../../Engine/Plugins/Animation/ControlRig/Content/Controls/ControlRig_QuarterCircle_solid.uasset" 1449
"../../../Engine/Plugins/Animation/ControlRig/Content/Controls/ControlRig_QuarterCircle_solid.uexp" 1450
"../../../Engine/Plugins/Animation/ControlRig/Content/Controls/ControlRig_RoundedSquare_1mm.ubulk" 1451
"../../../Engine/Plugins/Animation/ControlRig/Content/Controls/ControlRig_RoundedSquare_1mm.uasset" 1452
"../../../Engine/Plugins/Animation/ControlRig/Content/Controls/ControlRig_RoundedSquare_1mm.uexp" 1453
"../../../Engine/Plugins/Animation/ControlRig/Content/Controls/ControlRig_RoundedSquare_3mm.ubulk" 1454
"../../../Engine/Plugins/Animation/ControlRig/Content/Controls/ControlRig_RoundedSquare_3mm.uasset" 1455
"../../../Engine/Plugins/Animation/ControlRig/Content/Controls/ControlRig_RoundedSquare_3mm.uexp" 1456
"../../../Engine/Plugins/Animation/ControlRig/Content/Controls/ControlRig_RoundedSquare_solid.ubulk" 1457
"../../../Engine/Plugins/Animation/ControlRig/Content/Controls/ControlRig_RoundedSquare_solid.uasset" 1458
"../../../Engine/Plugins/Animation/ControlRig/Content/Controls/ControlRig_RoundedSquare_solid.uexp" 1459
"../../../Engine/Plugins/Animation/ControlRig/Content/Controls/ControlRig_RoundedTriangle_1mm.ubulk" 1460
"../../../Engine/Plugins/Animation/ControlRig/Content/Controls/ControlRig_RoundedTriangle_1mm.uasset" 1461
"../../../Engine/Plugins/Animation/ControlRig/Content/Controls/ControlRig_RoundedTriangle_1mm.uexp" 1462
"../../../Engine/Plugins/Animation/ControlRig/Content/Controls/ControlRig_RoundedTriangle_3mm.ubulk" 1463
"../../../Engine/Plugins/Animation/ControlRig/Content/Controls/ControlRig_RoundedTriangle_3mm.uasset" 1464
"../../../Engine/Plugins/Animation/ControlRig/Content/Controls/ControlRig_RoundedTriangle_3mm.uexp" 1465
"../../../Engine/Plugins/Animation/ControlRig/Content/Controls/ControlRig_RoundedTriangle_solid.ubulk" 1466
"../../../Engine/Plugins/Animation/ControlRig/Content/Controls/ControlRig_RoundedTriangle_solid.uasset" 1467
"../../../Engine/Plugins/Animation/ControlRig/Content/Controls/ControlRig_RoundedTriangle_solid.uexp" 1468
"../../../Engine/Plugins/Animation/ControlRig/Content/Controls/ControlRig_Sphere_1mm.ubulk" 1469
"../../../Engine/Plugins/Animation/ControlRig/Content/Controls/ControlRig_Sphere_1mm.uasset" 1470
"../../../Engine/Plugins/Animation/ControlRig/Content/Controls/ControlRig_Sphere_1mm.uexp" 1471
"../../../Engine/Plugins/Animation/ControlRig/Content/Controls/ControlRig_Sphere_3mm.ubulk" 1472
"../../../Engine/Plugins/Animation/ControlRig/Content/Controls/ControlRig_Sphere_3mm.uasset" 1473
"../../../Engine/Plugins/Animation/ControlRig/Content/Controls/ControlRig_Sphere_3mm.uexp" 1474
"../../../Engine/Plugins/Animation/ControlRig/Content/Controls/ControlRig_Sphere_solid.ubulk" 1475
"../../../Engine/Plugins/Animation/ControlRig/Content/Controls/ControlRig_Sphere_solid.uasset" 1476
"../../../Engine/Plugins/Animation/ControlRig/Content/Controls/ControlRig_Sphere_solid.uexp" 1477
"../../../Engine/Plugins/Animation/ControlRig/Content/Controls/ControlRig_Square_1mm.ubulk" 1478
"../../../Engine/Plugins/Animation/ControlRig/Content/Controls/ControlRig_Square_1mm.uasset" 1479
"../../../Engine/Plugins/Animation/ControlRig/Content/Controls/ControlRig_Square_1mm.uexp" 1480
"../../../Engine/Plugins/Animation/ControlRig/Content/Controls/ControlRig_Square_3mm.ubulk" 1481
"../../../Engine/Plugins/Animation/ControlRig/Content/Controls/ControlRig_Square_3mm.uasset" 1482
"../../../Engine/Plugins/Animation/ControlRig/Content/Controls/ControlRig_Square_3mm.uexp" 1483
"../../../Engine/Plugins/Animation/ControlRig/Content/Controls/ControlRig_Square_solid.ubulk" 1484
"../../../Engine/Plugins/Animation/ControlRig/Content/Controls/ControlRig_Square_solid.uasset" 1485
"../../../Engine/Plugins/Animation/ControlRig/Content/Controls/ControlRig_Square_solid.uexp" 1486
"../../../Engine/Plugins/Animation/ControlRig/Content/Controls/ControlRig_Star4_1mm.ubulk" 1487
"../../../Engine/Plugins/Animation/ControlRig/Content/Controls/ControlRig_Star4_1mm.uasset" 1488
"../../../Engine/Plugins/Animation/ControlRig/Content/Controls/ControlRig_Star4_1mm.uexp" 1489
"../../../Engine/Plugins/Animation/ControlRig/Content/Controls/ControlRig_Star4_3mm.ubulk" 1490
"../../../Engine/Plugins/Animation/ControlRig/Content/Controls/ControlRig_Star4_3mm.uasset" 1491
"../../../Engine/Plugins/Animation/ControlRig/Content/Controls/ControlRig_Star4_3mm.uexp" 1492
"../../../Engine/Plugins/Animation/ControlRig/Content/Controls/ControlRig_Star4_solid.ubulk" 1493
"../../../Engine/Plugins/Animation/ControlRig/Content/Controls/ControlRig_Star4_solid.uasset" 1494
"../../../Engine/Plugins/Animation/ControlRig/Content/Controls/ControlRig_Star4_solid.uexp" 1495
"../../../Engine/Plugins/Animation/ControlRig/Content/Controls/ControlRig_Triangle_1mm.ubulk" 1496
"../../../Engine/Plugins/Animation/ControlRig/Content/Controls/ControlRig_Triangle_1mm.uasset" 1497
"../../../Engine/Plugins/Animation/ControlRig/Content/Controls/ControlRig_Triangle_1mm.uexp" 1498
"../../../Engine/Plugins/Animation/ControlRig/Content/Controls/ControlRig_Triangle_3mm.ubulk" 1499
"../../../Engine/Plugins/Animation/ControlRig/Content/Controls/ControlRig_Triangle_3mm.uasset" 1500
"../../../Engine/Plugins/Animation/ControlRig/Content/Controls/ControlRig_Triangle_3mm.uexp" 1501
"../../../Engine/Plugins/Animation/ControlRig/Content/Controls/ControlRig_Triangle_solid.ubulk" 1502
"../../../Engine/Plugins/Animation/ControlRig/Content/Controls/ControlRig_Triangle_solid.uasset" 1503
"../../../Engine/Plugins/Animation/ControlRig/Content/Controls/ControlRig_Triangle_solid.uexp" 1504
"../../../Engine/Plugins/Animation/ControlRig/Content/Controls/ControlRig_Wedge_1mm.ubulk" 1505
"../../../Engine/Plugins/Animation/ControlRig/Content/Controls/ControlRig_Wedge_1mm.uasset" 1506
"../../../Engine/Plugins/Animation/ControlRig/Content/Controls/ControlRig_Wedge_1mm.uexp" 1507
"../../../Engine/Plugins/Animation/ControlRig/Content/Controls/ControlRig_Wedge_3mm.ubulk" 1508
"../../../Engine/Plugins/Animation/ControlRig/Content/Controls/ControlRig_Wedge_3mm.uasset" 1509
"../../../Engine/Plugins/Animation/ControlRig/Content/Controls/ControlRig_Wedge_3mm.uexp" 1510
"../../../Engine/Plugins/Animation/ControlRig/Content/Controls/ControlRig_Wedge_solid.ubulk" 1511
"../../../Engine/Plugins/Animation/ControlRig/Content/Controls/ControlRig_Wedge_solid.uasset" 1512
"../../../Engine/Plugins/Animation/ControlRig/Content/Controls/ControlRig_Wedge_solid.uexp" 1513
"../../../Engine/Content/Functions/Engine_MaterialFunctions02/WorldPositionOffset/ObjectScale.uasset" 1514
"../../../Engine/Content/Functions/Engine_MaterialFunctions02/WorldPositionOffset/ObjectScale.uexp" 1515
"../../../Engine/Content/Functions/Engine_MaterialFunctions02/SafeNormalize.uasset" 1516
"../../../Engine/Content/Functions/Engine_MaterialFunctions02/SafeNormalize.uexp" 1517
"../../../Engine/Plugins/Editor/SpeedTreeImporter/Content/SpeedTree9/UnpackInteger3.uasset" 1518
"../../../Engine/Plugins/Editor/SpeedTreeImporter/Content/SpeedTree9/UnpackInteger3.uexp" 1519
"../../../Engine/Plugins/Editor/SpeedTreeImporter/Content/SpeedTree9/UnpackDirection.uasset" 1520
"../../../Engine/Plugins/Editor/SpeedTreeImporter/Content/SpeedTree9/UnpackDirection.uexp" 1521
"../../../Engine/Plugins/Editor/SpeedTreeImporter/Content/SpeedTree9/game_wind_noise.ubulk" 1522
"../../../Engine/Plugins/Editor/SpeedTreeImporter/Content/SpeedTree9/game_wind_noise.uasset" 1523
"../../../Engine/Plugins/Editor/SpeedTreeImporter/Content/SpeedTree9/game_wind_noise.uexp" 1524
"../../../Engine/Plugins/Editor/SpeedTreeImporter/Content/SpeedTree9/SpeedTreeWindMotion.uasset" 1525
"../../../Engine/Plugins/Editor/SpeedTreeImporter/Content/SpeedTree9/SpeedTreeWindMotion.uexp" 1526
"../../../Engine/Plugins/Editor/SpeedTreeImporter/Content/SpeedTree9/SpeedTreeBranchMotion.uasset" 1527
"../../../Engine/Plugins/Editor/SpeedTreeImporter/Content/SpeedTree9/SpeedTreeBranchMotion.uexp" 1528
"../../../Engine/Content/Functions/Engine_MaterialFunctions02/ObjectLocalBounds.uasset" 1529
"../../../Engine/Content/Functions/Engine_MaterialFunctions02/ObjectLocalBounds.uexp" 1530
"../../../Engine/Content/Functions/Engine_MaterialFunctions02/UVs/BoundingBoxBased_0-1_UVW.uasset" 1531
"../../../Engine/Content/Functions/Engine_MaterialFunctions02/UVs/BoundingBoxBased_0-1_UVW.uexp" 1532
"../../../Engine/Plugins/Editor/SpeedTreeImporter/Content/SpeedTree9/SpeedTreeWind.uasset" 1533
"../../../Engine/Plugins/Editor/SpeedTreeImporter/Content/SpeedTree9/SpeedTreeWind.uexp" 1534
"../../../Engine/Plugins/Editor/SpeedTreeImporter/Content/SpeedTree9/EmptyNormal.uasset" 1535
"../../../Engine/Plugins/Editor/SpeedTreeImporter/Content/SpeedTree9/EmptyNormal.uexp" 1536
"../../../Engine/Plugins/Editor/SpeedTreeImporter/Content/SpeedTree9/Empty.uasset" 1537
"../../../Engine/Plugins/Editor/SpeedTreeImporter/Content/SpeedTree9/Empty.uexp" 1538
"../../../Engine/Plugins/Editor/SpeedTreeImporter/Content/SpeedTree9/SpeedTreeBillboard.uasset" 1539
"../../../Engine/Plugins/Editor/SpeedTreeImporter/Content/SpeedTree9/SpeedTreeBillboard.uexp" 1540
"../../../Engine/Plugins/Editor/SpeedTreeImporter/Content/SpeedTree9/SpeedTreeBillboardMaster.uasset" 1541
"../../../Engine/Plugins/Editor/SpeedTreeImporter/Content/SpeedTree9/SpeedTreeBillboardMaster.uexp" 1542
"../../../Engine/Plugins/Editor/SpeedTreeImporter/Content/SpeedTree9/SpeedTreeCameraFacing.uasset" 1543
"../../../Engine/Plugins/Editor/SpeedTreeImporter/Content/SpeedTree9/SpeedTreeCameraFacing.uexp" 1544
"../../../Engine/Plugins/Editor/SpeedTreeImporter/Content/SpeedTree9/SpeedTreeMaster.uasset" 1545
"../../../Engine/Plugins/Editor/SpeedTreeImporter/Content/SpeedTree9/SpeedTreeMaster.uexp" 1546
"../../../Engine/Plugins/Interchange/Assets/Content/Functions/MX_AbsorptionVDF.uasset" 1547
"../../../Engine/Plugins/Interchange/Assets/Content/Functions/MX_AbsorptionVDF.uexp" 1548
"../../../Engine/Plugins/Interchange/Assets/Content/Functions/MX_AnisotropicVDF.uasset" 1549
"../../../Engine/Plugins/Interchange/Assets/Content/Functions/MX_AnisotropicVDF.uexp" 1550
"../../../Engine/Plugins/Interchange/Assets/Content/Functions/MX_BurleyDiffuseBSDF.uasset" 1551
"../../../Engine/Plugins/Interchange/Assets/Content/Functions/MX_BurleyDiffuseBSDF.uexp" 1552
"../../../Engine/Plugins/Interchange/Assets/Content/Functions/MX_ConductorBSDF.uasset" 1553
"../../../Engine/Plugins/Interchange/Assets/Content/Functions/MX_ConductorBSDF.uexp" 1554
"../../../Engine/Plugins/Interchange/Assets/Content/Functions/MX_ConicalEDF.uasset" 1555
"../../../Engine/Plugins/Interchange/Assets/Content/Functions/MX_ConicalEDF.uexp" 1556
"../../../Engine/Plugins/Interchange/Assets/Content/Functions/MX_DielectricBSDF.uasset" 1557
"../../../Engine/Plugins/Interchange/Assets/Content/Functions/MX_DielectricBSDF.uexp" 1558
"../../../Engine/Plugins/Interchange/Assets/Content/Functions/MX_Displacement.uasset" 1559
"../../../Engine/Plugins/Interchange/Assets/Content/Functions/MX_Displacement.uexp" 1560
"../../../Engine/Plugins/Interchange/Assets/Content/Functions/MX_GeneralizedSchlickBSDF.uasset" 1561
"../../../Engine/Plugins/Interchange/Assets/Content/Functions/MX_GeneralizedSchlickBSDF.uexp" 1562
"../../../Engine/Plugins/Interchange/Assets/Content/Functions/MX_MeasuredEDF.uasset" 1563
"../../../Engine/Plugins/Interchange/Assets/Content/Functions/MX_MeasuredEDF.uexp" 1564
"../../../Engine/Plugins/Interchange/Assets/Content/Functions/MX_StandardSurface.uasset" 1565
"../../../Engine/Plugins/Interchange/Assets/Content/Functions/MX_StandardSurface.uexp" 1566
"../../../Engine/Plugins/Interchange/Assets/Content/Functions/MX_OpenPBR_Opaque.uasset" 1567
"../../../Engine/Plugins/Interchange/Assets/Content/Functions/MX_OpenPBR_Opaque.uexp" 1568
"../../../Engine/Plugins/Interchange/Assets/Content/Functions/MX_TransmissionSurface.uasset" 1569
"../../../Engine/Plugins/Interchange/Assets/Content/Functions/MX_TransmissionSurface.uexp" 1570
"../../../Engine/Plugins/Interchange/Assets/Content/Functions/MX_OpenPBR_Translucent.uasset" 1571
"../../../Engine/Plugins/Interchange/Assets/Content/Functions/MX_OpenPBR_Translucent.uexp" 1572
"../../../Engine/Plugins/Interchange/Assets/Content/Functions/MX_OrenNayarBSDF.uasset" 1573
"../../../Engine/Plugins/Interchange/Assets/Content/Functions/MX_OrenNayarBSDF.uexp" 1574
"../../../Engine/Plugins/Interchange/Assets/Content/Functions/MX_SheenBSDF.uasset" 1575
"../../../Engine/Plugins/Interchange/Assets/Content/Functions/MX_SheenBSDF.uexp" 1576
"../../../Engine/Plugins/Interchange/Assets/Content/Functions/MX_SubsurfaceBSDF.uasset" 1577
"../../../Engine/Plugins/Interchange/Assets/Content/Functions/MX_SubsurfaceBSDF.uexp" 1578
"../../../Engine/Plugins/Interchange/Assets/Content/Functions/MX_Surface.uasset" 1579
"../../../Engine/Plugins/Interchange/Assets/Content/Functions/MX_Surface.uexp" 1580
"../../../Engine/Plugins/Interchange/Assets/Content/Functions/MX_SurfaceUnlit.uasset" 1581
"../../../Engine/Plugins/Interchange/Assets/Content/Functions/MX_SurfaceUnlit.uexp" 1582
"../../../Engine/Plugins/Interchange/Assets/Content/Functions/MX_ThinFilmBSDF.uasset" 1583
"../../../Engine/Plugins/Interchange/Assets/Content/Functions/MX_ThinFilmBSDF.uexp" 1584
"../../../Engine/Plugins/Interchange/Assets/Content/Functions/MX_TranslucentBSDF.uasset" 1585
"../../../Engine/Plugins/Interchange/Assets/Content/Functions/MX_TranslucentBSDF.uexp" 1586
"../../../Engine/Plugins/Interchange/Assets/Content/Functions/MX_UniformEDF.uasset" 1587
"../../../Engine/Plugins/Interchange/Assets/Content/Functions/MX_UniformEDF.uexp" 1588
"../../../Engine/Plugins/Interchange/Assets/Content/Functions/MX_UsdPreviewSurface.uasset" 1589
"../../../Engine/Plugins/Interchange/Assets/Content/Functions/MX_UsdPreviewSurface.uexp" 1590
"../../../Engine/Plugins/Runtime/HairStrands/Content/Materials/HairCardsDefaultMaterial.uasset" 1591
"../../../Engine/Plugins/Runtime/HairStrands/Content/Materials/HairCardsDefaultMaterial.uexp" 1592
"../../../Engine/Content/EngineMaterials/HairDebugColor.uasset" 1593
"../../../Engine/Content/EngineMaterials/HairDebugColor.uexp" 1594
"../../../Engine/Content/EngineMaterials/HairColorMap.uasset" 1595
"../../../Engine/Content/EngineMaterials/HairColorMap.uexp" 1596
"../../../Engine/Plugins/Runtime/HairStrands/Content/Materials/HairGroupColors.uasset" 1597
"../../../Engine/Plugins/Runtime/HairStrands/Content/Materials/HairGroupColors.uexp" 1598
"../../../Engine/Plugins/Runtime/HairStrands/Content/Materials/HairDebugMaterial.uasset" 1599
"../../../Engine/Plugins/Runtime/HairStrands/Content/Materials/HairDebugMaterial.uexp" 1600
"../../../Engine/Plugins/Runtime/HairStrands/Content/Materials/HairDefaultMaterial.uasset" 1601
"../../../Engine/Plugins/Runtime/HairStrands/Content/Materials/HairDefaultMaterial.uexp" 1602
"../../../Engine/Plugins/Runtime/HairStrands/Content/Materials/HairMeshesDefaultMaterial.uasset" 1603
"../../../Engine/Plugins/Runtime/HairStrands/Content/Materials/HairMeshesDefaultMaterial.uexp" 1604
"../../../Engine/Plugins/VirtualProduction/CameraCalibrationCore/Content/Materials/M_DefaultEvenSquare.uasset" 1605
"../../../Engine/Plugins/VirtualProduction/CameraCalibrationCore/Content/Materials/M_DefaultEvenSquare.uexp" 1606
"../../../Engine/Plugins/VirtualProduction/CameraCalibrationCore/Content/Materials/M_DefaultOddSquare.uasset" 1607
"../../../Engine/Plugins/VirtualProduction/CameraCalibrationCore/Content/Materials/M_DefaultOddSquare.uexp" 1608
"../../../Engine/Content/EditorMaterials/PhAT_NoCollisionMaterial.uasset" 1609
"../../../Engine/Content/EditorMaterials/PhAT_NoCollisionMaterial.uexp" 1610
"../../../Engine/Content/EditorMaterials/PhAT_UnselectedMaterial.uasset" 1611
"../../../Engine/Content/EditorMaterials/PhAT_UnselectedMaterial.uexp" 1612
"../../../Engine/Content/EditorMaterials/PreviewShadowIndicator.ubulk" 1613
"../../../Engine/Content/EditorMaterials/PreviewShadowIndicator.uasset" 1614
"../../../Engine/Content/EditorMaterials/PreviewShadowIndicator.uexp" 1615
"../../../Engine/Content/EditorMaterials/PreviewShadowIndicatorMaterial.uasset" 1616
"../../../Engine/Content/EditorMaterials/PreviewShadowIndicatorMaterial.uexp" 1617
"../../../Engine/Content/EngineDamageTypes/DmgTypeBP_Environmental.uasset" 1618
"../../../Engine/Content/EngineDamageTypes/DmgTypeBP_Environmental.uexp" 1619
"../../../Engine/Content/EngineDebugMaterials/DebugEditorMaterial.uasset" 1620
"../../../Engine/Content/EngineDebugMaterials/DebugEditorMaterial.uexp" 1621
"../../../Engine/Content/EngineDebugMaterials/DebugMeshMaterial.uasset" 1622
"../../../Engine/Content/EngineDebugMaterials/DebugMeshMaterial.uexp" 1623
"../../../Engine/Content/EngineDebugMaterials/M_SimpleUnlitTranslucent.uasset" 1624
"../../../Engine/Content/EngineDebugMaterials/M_SimpleUnlitTranslucent.uexp" 1625
"../../../Engine/Content/EngineDebugMaterials/VolumeToRender.uasset" 1626
"../../../Engine/Content/EngineDebugMaterials/VolumeToRender.uexp" 1627
"../../../Engine/Content/EngineDebugMaterials/M_VolumeRenderSphereTracePP.uasset" 1628
"../../../Engine/Content/EngineDebugMaterials/M_VolumeRenderSphereTracePP.uexp" 1629
"../../../Engine/Content/EngineMaterials/DefaultDeferredDecalMaterial.uasset" 1630
"../../../Engine/Content/EngineMaterials/DefaultDeferredDecalMaterial.uexp" 1631
"../../../Engine/Content/EngineMaterials/DefaultLightFunctionMaterial.uasset" 1632
"../../../Engine/Content/EngineMaterials/DefaultLightFunctionMaterial.uexp" 1633
"../../../Engine/Content/EngineMaterials/DefaultPostProcessMaterial.uasset" 1634
"../../../Engine/Content/EngineMaterials/DefaultPostProcessMaterial.uexp" 1635
"../../../Engine/Content/EngineFonts/RobotoDistanceField.uasset" 1636
"../../../Engine/Content/EngineFonts/RobotoDistanceField.uexp" 1637
"../../../Engine/Content/EngineMaterials/DefaultTextMaterialOpaque.uasset" 1638
"../../../Engine/Content/EngineMaterials/DefaultTextMaterialOpaque.uexp" 1639
"../../../Engine/Content/EngineMaterials/DefaultWhiteGrid_Low.uasset" 1640
"../../../Engine/Content/EngineMaterials/DefaultWhiteGrid_Low.uexp" 1641
"../../../Engine/Content/EngineMaterials/EmissiveMeshMaterial.uasset" 1642
"../../../Engine/Content/EngineMaterials/EmissiveMeshMaterial.uexp" 1643
"../../../Engine/Content/EngineMaterials/BaseFlattenDiffuseMap.uasset" 1644
"../../../Engine/Content/EngineMaterials/BaseFlattenDiffuseMap.uexp" 1645
"../../../Engine/Content/EngineMaterials/BaseFlattenEmissiveMap.uasset" 1646
"../../../Engine/Content/EngineMaterials/BaseFlattenEmissiveMap.uexp" 1647
"../../../Engine/Content/EngineMaterials/BaseFlattenGrayscaleMap.uasset" 1648
"../../../Engine/Content/EngineMaterials/BaseFlattenGrayscaleMap.uexp" 1649
"../../../Engine/Content/EngineMaterials/BaseFlattenLinearColor.uasset" 1650
"../../../Engine/Content/EngineMaterials/BaseFlattenLinearColor.uexp" 1651
"../../../Engine/Content/Functions/Engine_MaterialFunctions02/PivotPainter2/Black_1x1_EXR_Texture.uasset" 1652
"../../../Engine/Content/Functions/Engine_MaterialFunctions02/PivotPainter2/Black_1x1_EXR_Texture.uexp" 1653
"../../../Engine/Content/EngineMaterials/FlattenMaterial.uasset" 1654
"../../../Engine/Content/EngineMaterials/FlattenMaterial.uexp" 1655
"../../../Engine/Content/EngineMaterials/BaseFlattenDiffuseMap_VT.ubulk" 1656
"../../../Engine/Content/EngineMaterials/BaseFlattenDiffuseMap_VT.uasset" 1657
"../../../Engine/Content/EngineMaterials/BaseFlattenDiffuseMap_VT.uexp" 1658
"../../../Engine/Content/EngineMaterials/BaseFlattenEmissiveMap_VT.ubulk" 1659
"../../../Engine/Content/EngineMaterials/BaseFlattenEmissiveMap_VT.uasset" 1660
"../../../Engine/Content/EngineMaterials/BaseFlattenEmissiveMap_VT.uexp" 1661
"../../../Engine/Content/EngineMaterials/BaseFlattenGrayscaleMap_VT.ubulk" 1662
"../../../Engine/Content/EngineMaterials/BaseFlattenGrayscaleMap_VT.uasset" 1663
"../../../Engine/Content/EngineMaterials/BaseFlattenGrayscaleMap_VT.uexp" 1664
"../../../Engine/Content/EngineMaterials/BaseFlattenLinearColor_VT.ubulk" 1665
"../../../Engine/Content/EngineMaterials/BaseFlattenLinearColor_VT.uasset" 1666
"../../../Engine/Content/EngineMaterials/BaseFlattenLinearColor_VT.uexp" 1667
"../../../Engine/Content/EngineMaterials/BaseFlattenNormalMap_VT.ubulk" 1668
"../../../Engine/Content/EngineMaterials/BaseFlattenNormalMap_VT.uasset" 1669
"../../../Engine/Content/EngineMaterials/BaseFlattenNormalMap_VT.uexp" 1670
"../../../Engine/Content/EngineMaterials/Black_1x1_EXR_Texture_VT.ubulk" 1671
"../../../Engine/Content/EngineMaterials/Black_1x1_EXR_Texture_VT.uasset" 1672
"../../../Engine/Content/EngineMaterials/Black_1x1_EXR_Texture_VT.uexp" 1673
"../../../Engine/Content/EngineMaterials/FlattenMaterial_VT.uasset" 1674
"../../../Engine/Content/EngineMaterials/FlattenMaterial_VT.uexp" 1675
"../../../Engine/Content/EngineMaterials/FlattenMaterial_WS_Normal_VT.uasset" 1676
"../../../Engine/Content/EngineMaterials/FlattenMaterial_WS_Normal_VT.uexp" 1677
"../../../Engine/Content/EngineMaterials/GizmoMaterial.uasset" 1678
"../../../Engine/Content/EngineMaterials/GizmoMaterial.uexp" 1679
"../../../Engine/Content/EngineMaterials/InvalidLightmapSettings.ubulk" 1680
"../../../Engine/Content/EngineMaterials/InvalidLightmapSettings.uasset" 1681
"../../../Engine/Content/EngineMaterials/InvalidLightmapSettings.uexp" 1682
"../../../Engine/Content/EngineMaterials/M_InvalidLightmapSettings.uasset" 1683
"../../../Engine/Content/EngineMaterials/M_InvalidLightmapSettings.uexp" 1684
"../../../Engine/Content/EngineMaterials/NaniteHiddenSectionMaterial.uasset" 1685
"../../../Engine/Content/EngineMaterials/NaniteHiddenSectionMaterial.uexp" 1686
"../../../Engine/Content/EngineMaterials/PhAT_JointLimitMaterial.uasset" 1687
"../../../Engine/Content/EngineMaterials/PhAT_JointLimitMaterial.uexp" 1688
"../../../Engine/Content/EngineMaterials/DefaultCalibrationColor.uasset" 1689
"../../../Engine/Content/EngineMaterials/DefaultCalibrationColor.uexp" 1690
"../../../Engine/Content/EngineMaterials/PPM_DefaultCalibrationColor.uasset" 1691
"../../../Engine/Content/EngineMaterials/PPM_DefaultCalibrationColor.uexp" 1692
"../../../Engine/Content/EngineMaterials/DefaultCalibrationGrayscale.uasset" 1693
"../../../Engine/Content/EngineMaterials/DefaultCalibrationGrayscale.uexp" 1694
"../../../Engine/Content/EngineMaterials/PPM_DefaultCalibrationGrayscale.uasset" 1695
"../../../Engine/Content/EngineMaterials/PPM_DefaultCalibrationGrayscale.uexp" 1696
"../../../Engine/Content/EngineMaterials/RemoveSurfaceMaterial.uasset" 1697
"../../../Engine/Content/EngineMaterials/RemoveSurfaceMaterial.uexp" 1698
"../../../Engine/Content/EngineMeshes/Sphere.ubulk" 1699
"../../../Engine/Content/EngineMeshes/Sphere.uasset" 1700
"../../../Engine/Content/EngineMeshes/Sphere.uexp" 1701
"../../../Engine/Content/EngineSky/M_SimpleSkyDome.uasset" 1702
"../../../Engine/Content/EngineSky/M_SimpleSkyDome.uexp" 1703
"../../../Engine/Content/EngineSky/T_Sky_Stars.ubulk" 1704
"../../../Engine/Content/EngineSky/T_Sky_Stars.uasset" 1705
"../../../Engine/Content/EngineSky/T_Sky_Stars.uexp" 1706
"../../../Engine/Content/EngineSky/T_Sky_Clouds_M.ubulk" 1707
"../../../Engine/Content/EngineSky/T_Sky_Clouds_M.uasset" 1708
"../../../Engine/Content/EngineSky/T_Sky_Clouds_M.uexp" 1709
"../../../Engine/Content/EngineSky/T_Sky_Blue.ubulk" 1710
"../../../Engine/Content/EngineSky/T_Sky_Blue.uasset" 1711
"../../../Engine/Content/EngineSky/T_Sky_Blue.uexp" 1712
"../../../Engine/Content/EngineSky/M_Sky_Panning_Clouds2.uasset" 1713
"../../../Engine/Content/EngineSky/M_Sky_Panning_Clouds2.uexp" 1714
"../../../Engine/Content/EngineSky/SM_SkySphere.ubulk" 1715
"../../../Engine/Content/EngineSky/SM_SkySphere.uasset" 1716
"../../../Engine/Content/EngineSky/SM_SkySphere.uexp" 1717
"../../../Engine/Content/BasicShapes/BasicShapeMaterial.uasset" 1718
"../../../Engine/Content/BasicShapes/BasicShapeMaterial.uexp" 1719
"../../../Engine/Content/BasicShapes/Cone.ubulk" 1720
"../../../Engine/Content/BasicShapes/Cone.uasset" 1721
"../../../Engine/Content/BasicShapes/Cone.uexp" 1722
"../../../Engine/Content/BasicShapes/Cube.ubulk" 1723
"../../../Engine/Content/BasicShapes/Cube.uasset" 1724
"../../../Engine/Content/BasicShapes/Cube.uexp" 1725
"../../../Engine/Content/BasicShapes/Cylinder.ubulk" 1726
"../../../Engine/Content/BasicShapes/Cylinder.uasset" 1727
"../../../Engine/Content/BasicShapes/Cylinder.uexp" 1728
"../../../Engine/Content/BasicShapes/Plane.ubulk" 1729
"../../../Engine/Content/BasicShapes/Plane.uasset" 1730
"../../../Engine/Content/BasicShapes/Plane.uexp" 1731
"../../../Engine/Content/BasicShapes/Sphere.ubulk" 1732
"../../../Engine/Content/BasicShapes/Sphere.uasset" 1733
"../../../Engine/Content/BasicShapes/Sphere.uexp" 1734
"../../../Engine/Content/EditorLandscapeResources/DefaultAlphaTexture.uasset" 1735
"../../../Engine/Content/EditorLandscapeResources/DefaultAlphaTexture.uexp" 1736
"../../../Engine/Content/EditorLandscapeResources/LandscapeDirtyMaterial.uasset" 1737
"../../../Engine/Content/EditorLandscapeResources/LandscapeDirtyMaterial.uexp" 1738
"../../../Engine/Content/Functions/Engine_MaterialFunctions02/WorldPositionOffset/LocalPosition.uasset" 1739
"../../../Engine/Content/Functions/Engine_MaterialFunctions02/WorldPositionOffset/LocalPosition.uexp" 1740
"../../../Engine/Content/Functions/Engine_MaterialFunctions01/Texturing/TextureCropping.uasset" 1741
"../../../Engine/Content/Functions/Engine_MaterialFunctions01/Texturing/TextureCropping.uexp" 1742
"../../../Engine/Content/Functions/Engine_MaterialFunctions02/ExampleContent/DebugNumberStrip.uasset" 1743
"../../../Engine/Content/Functions/Engine_MaterialFunctions02/ExampleContent/DebugNumberStrip.uexp" 1744
"../../../Engine/Content/Functions/Engine_MaterialFunctions01/Debug/DebugIntValues.uasset" 1745
"../../../Engine/Content/Functions/Engine_MaterialFunctions01/Debug/DebugIntValues.uexp" 1746
"../../../Engine/Content/EditorLandscapeResources/LandscapeLayerUsageMaterial.uasset" 1747
"../../../Engine/Content/EditorLandscapeResources/LandscapeLayerUsageMaterial.uexp" 1748
"../../../Engine/Content/EditorLandscapeResources/WhiteSquareTexture.uasset" 1749
"../../../Engine/Content/EditorLandscapeResources/WhiteSquareTexture.uexp" 1750
"../../../Engine/Content/EditorLandscapeResources/LayerVisMaterial.uasset" 1751
"../../../Engine/Content/EditorLandscapeResources/LayerVisMaterial.uexp" 1752
"../../../Engine/Content/EditorLandscapeResources/SplineEditorMeshMat.uasset" 1753
"../../../Engine/Content/EditorLandscapeResources/SplineEditorMeshMat.uexp" 1754
"../../../Engine/Content/EditorLandscapeResources/SplineEditorMesh.ubulk" 1755
"../../../Engine/Content/EditorLandscapeResources/SplineEditorMesh.uasset" 1756
"../../../Engine/Content/EditorLandscapeResources/SplineEditorMesh.uexp" 1757
"../../../Engine/Plugins/Animation/ControlRig/Content/M_Manip.uasset" 1758
"../../../Engine/Plugins/Animation/ControlRig/Content/M_Manip.uexp" 1759
"../../../Engine/Plugins/Media/MediaPlate/Content/SM_MediaPlateScreen.ubulk" 1760
"../../../Engine/Plugins/Media/MediaPlate/Content/SM_MediaPlateScreen.uasset" 1761
"../../../Engine/Plugins/Media/MediaPlate/Content/SM_MediaPlateScreen.uexp" 1762
"../../../Engine/Content/VREditor/TransformGizmo/Xray.uasset" 1763
"../../../Engine/Content/VREditor/TransformGizmo/Xray.uexp" 1764
"../../../Engine/Content/VREditor/TransformGizmo/Main.uasset" 1765
"../../../Engine/Content/VREditor/TransformGizmo/Main.uexp" 1766
"../../../Engine/Content/VREditor/TransformGizmo/SM_Sequencer_Node.ubulk" 1767
"../../../Engine/Content/VREditor/TransformGizmo/SM_Sequencer_Node.uasset" 1768
"../../../Engine/Content/VREditor/TransformGizmo/SM_Sequencer_Node.uexp" 1769
"../../../Engine/Content/VREditor/TransformGizmo/TranslucentTransformGizmoMaterial.uasset" 1770
"../../../Engine/Content/VREditor/TransformGizmo/TranslucentTransformGizmoMaterial.uexp" 1771
"../../../Engine/Content/VREditor/LaserPointer/VR_LaserPower_01.ubulk" 1772
"../../../Engine/Content/VREditor/LaserPointer/VR_LaserPower_01.uasset" 1773
"../../../Engine/Content/VREditor/LaserPointer/VR_LaserPower_01.uexp" 1774
"../../../Engine/Content/VREditor/TransformGizmo/TransformGizmoMaterial.uasset" 1775
"../../../Engine/Content/VREditor/TransformGizmo/TransformGizmoMaterial.uexp" 1776
"../../../Engine/Content/VREditor/TransformGizmo/BoundingBoxEdge.ubulk" 1777
"../../../Engine/Content/VREditor/TransformGizmo/BoundingBoxEdge.uasset" 1778
"../../../Engine/Content/VREditor/TransformGizmo/BoundingBoxEdge.uexp" 1779
"../../../Engine/Content/VREditor/TransformGizmo/BoundingBoxCorner.ubulk" 1780
"../../../Engine/Content/VREditor/TransformGizmo/BoundingBoxCorner.uasset" 1781
"../../../Engine/Content/VREditor/TransformGizmo/BoundingBoxCorner.uexp" 1782
"../../../Engine/Content/EditorMaterials/Camera/CineMat.uasset" 1783
"../../../Engine/Content/EditorMaterials/Camera/CineMat.uexp" 1784
"../../../Engine/Content/EditorMaterials/Camera/MI_CineMat_Rig.uasset" 1785
"../../../Engine/Content/EditorMaterials/Camera/MI_CineMat_Rig.uexp" 1786
"../../../Engine/Content/EditorMeshes/Camera/SM_RailRig_Track.ubulk" 1787
"../../../Engine/Content/EditorMeshes/Camera/SM_RailRig_Track.uasset" 1788
"../../../Engine/Content/EditorMeshes/Camera/SM_RailRig_Track.uexp" 1789
"../../../Engine/Content/EditorMeshes/Camera/SM_RailRig_Mount.ubulk" 1790
"../../../Engine/Content/EditorMeshes/Camera/SM_RailRig_Mount.uasset" 1791
"../../../Engine/Content/EditorMeshes/Camera/SM_RailRig_Mount.uexp" 1792
"../../../Engine/Content/EditorMeshes/Camera/SM_CraneRig_Mount.ubulk" 1793
"../../../Engine/Content/EditorMeshes/Camera/SM_CraneRig_Mount.uasset" 1794
"../../../Engine/Content/EditorMeshes/Camera/SM_CraneRig_Mount.uexp" 1795
"../../../Engine/Content/EditorMeshes/Camera/SM_CraneRig_Body.ubulk" 1796
"../../../Engine/Content/EditorMeshes/Camera/SM_CraneRig_Body.uasset" 1797
"../../../Engine/Content/EditorMeshes/Camera/SM_CraneRig_Body.uexp" 1798
"../../../Engine/Content/EditorMeshes/Camera/SM_CraneRig_Base.ubulk" 1799
"../../../Engine/Content/EditorMeshes/Camera/SM_CraneRig_Base.uasset" 1800
"../../../Engine/Content/EditorMeshes/Camera/SM_CraneRig_Base.uexp" 1801
"../../../Engine/Content/EditorMeshes/Camera/SM_CraneRig_Arm.ubulk" 1802
"../../../Engine/Content/EditorMeshes/Camera/SM_CraneRig_Arm.uasset" 1803
"../../../Engine/Content/EditorMeshes/Camera/SM_CraneRig_Arm.uexp" 1804
"E:/Epic Games/UE projects/rpg_project/Content/LevelPrototyping/Textures/T_GridChecker_A.ubulk" 1805
"E:/Epic Games/UE projects/rpg_project/Content/LevelPrototyping/Textures/T_GridChecker_A.uasset" 1806
"E:/Epic Games/UE projects/rpg_project/Content/LevelPrototyping/Textures/T_GridChecker_A.uexp" 1807
"E:/Epic Games/UE projects/rpg_project/Content/LevelPrototyping/Materials/MF_ProcGrid.uasset" 1808
"E:/Epic Games/UE projects/rpg_project/Content/LevelPrototyping/Materials/MF_ProcGrid.uexp" 1809
"E:/Epic Games/UE projects/rpg_project/Content/LevelPrototyping/Materials/M_PrototypeGrid.uasset" 1810
"E:/Epic Games/UE projects/rpg_project/Content/LevelPrototyping/Materials/M_PrototypeGrid.uexp" 1811
"E:/Epic Games/UE projects/rpg_project/Content/LevelPrototyping/Materials/MI_PrototypeGrid_Gray.uasset" 1812
"E:/Epic Games/UE projects/rpg_project/Content/LevelPrototyping/Materials/MI_PrototypeGrid_Gray.uexp" 1813
"E:/Epic Games/UE projects/rpg_project/Content/LevelPrototyping/Meshes/SM_Ramp.ubulk" 1814
"E:/Epic Games/UE projects/rpg_project/Content/LevelPrototyping/Meshes/SM_Ramp.uasset" 1815
"E:/Epic Games/UE projects/rpg_project/Content/LevelPrototyping/Meshes/SM_Ramp.uexp" 1816
"E:/Epic Games/UE projects/rpg_project/Content/LevelPrototyping/Meshes/SM_QuarterCylinder.ubulk" 1817
"E:/Epic Games/UE projects/rpg_project/Content/LevelPrototyping/Meshes/SM_QuarterCylinder.uasset" 1818
"E:/Epic Games/UE projects/rpg_project/Content/LevelPrototyping/Meshes/SM_QuarterCylinder.uexp" 1819
"E:/Epic Games/UE projects/rpg_project/Content/LevelPrototyping/Meshes/SM_Cube.ubulk" 1820
"E:/Epic Games/UE projects/rpg_project/Content/LevelPrototyping/Meshes/SM_Cube.uasset" 1821
"E:/Epic Games/UE projects/rpg_project/Content/LevelPrototyping/Meshes/SM_Cube.uexp" 1822
"../../../Engine/Content/ArtTools/RenderToTexture/Meshes/S_1_Unit_Plane.ubulk" 1823
"../../../Engine/Content/ArtTools/RenderToTexture/Meshes/S_1_Unit_Plane.uasset" 1824
"../../../Engine/Content/ArtTools/RenderToTexture/Meshes/S_1_Unit_Plane.uexp" 1825
"../../../Engine/Content/EngineMaterials/Substrate/GLints/AGlintTex2dArray.uasset" 1826
"../../../Engine/Content/EngineMaterials/Substrate/GLints/AGlintTex2dArray.uexp" 1827
"../../../Engine/Content/EngineMaterials/Substrate/Glints2/AGlintTex2dArray2.uasset" 1828
"../../../Engine/Content/EngineMaterials/Substrate/Glints2/AGlintTex2dArray2.uexp" 1829
"../../../Engine/Content/EngineMaterials/WeightMapPlaceholderTexture.uasset" 1830
"../../../Engine/Content/EngineMaterials/WeightMapPlaceholderTexture.uexp" 1831
"../../../Engine/Content/EngineMaterials/WeightMapArrayPlaceholderTexture.uasset" 1832
"../../../Engine/Content/EngineMaterials/WeightMapArrayPlaceholderTexture.uexp" 1833
"../../../Engine/Content/EngineResources/DefaultTextureCube.uasset" 1834
"../../../Engine/Content/EngineResources/DefaultTextureCube.uexp" 1835
"../../../Engine/Content/EngineMaterials/Substrate/Volume/SubstrateSimpleVolumeEnvLUT3D.uasset" 1836
"../../../Engine/Content/EngineMaterials/Substrate/Volume/SubstrateSimpleVolumeEnvLUT3D.uexp" 1837
"../../../Engine/Content/EngineMaterials/Substrate/Volume/SubstrateSimpleVolumeLUT3D.uasset" 1838
"../../../Engine/Content/EngineMaterials/Substrate/Volume/SubstrateSimpleVolumeLUT3D.uexp" 1839
"../../../Engine/Content/EngineSky/VolumetricClouds/VT_PerlinWorley_Balanced.uasset" 1840
"../../../Engine/Content/EngineSky/VolumetricClouds/VT_PerlinWorley_Balanced.uexp" 1841
"../../../Engine/Content/EngineSky/VolumetricClouds/T_Profile_08.ubulk" 1842
"../../../Engine/Content/EngineSky/VolumetricClouds/T_Profile_08.uasset" 1843
"../../../Engine/Content/EngineSky/VolumetricClouds/T_Profile_08.uexp" 1844
"../../../Engine/Content/EngineSky/VolumetricClouds/T_CloudPattern.ubulk" 1845
"../../../Engine/Content/EngineSky/VolumetricClouds/T_CloudPattern.uasset" 1846
"../../../Engine/Content/EngineSky/VolumetricClouds/T_CloudPattern.uexp" 1847
"../../../Engine/Content/EngineSky/VolumetricClouds/T_CloudMask.ubulk" 1848
"../../../Engine/Content/EngineSky/VolumetricClouds/T_CloudMask.uasset" 1849
"../../../Engine/Content/EngineSky/VolumetricClouds/T_CloudMask.uexp" 1850
"../../../Engine/Content/Functions/Engine_MaterialFunctions02/Utility/BreakOutFloat4Components.uasset" 1851
"../../../Engine/Content/Functions/Engine_MaterialFunctions02/Utility/BreakOutFloat4Components.uexp" 1852
"../../../Engine/Content/Functions/Engine_MaterialFunctions02/Utility/MakeFloat4.uasset" 1853
"../../../Engine/Content/Functions/Engine_MaterialFunctions02/Utility/MakeFloat4.uexp" 1854
"../../../Engine/Content/EngineResources/DefaultVolumeTexture2D.uasset" 1855
"../../../Engine/Content/EngineResources/DefaultVolumeTexture2D.uexp" 1856
"../../../Engine/Content/EngineResources/DefaultVolumeTexture.uasset" 1857
"../../../Engine/Content/EngineResources/DefaultVolumeTexture.uexp" 1858
"../../../Engine/Content/EngineSky/VolumetricClouds/VT_Lightning.uasset" 1859
"../../../Engine/Content/EngineSky/VolumetricClouds/VT_Lightning.uexp" 1860
"../../../Engine/Content/Functions/Engine_MaterialFunctions01/Units/Km-to-Cm.uasset" 1861
"../../../Engine/Content/Functions/Engine_MaterialFunctions01/Units/Km-to-Cm.uexp" 1862
"../../../Engine/Content/EngineSky/VolumetricClouds/m_SimpleVolumetricCloud.uasset" 1863
"../../../Engine/Content/EngineSky/VolumetricClouds/m_SimpleVolumetricCloud.uexp" 1864
"../../../Engine/Content/EngineSky/VolumetricClouds/m_SimpleVolumetricCloud_Inst.uasset" 1865
"../../../Engine/Content/EngineSky/VolumetricClouds/m_SimpleVolumetricCloud_Inst.uexp" 1866
"../../../Engine/Plugins/Interchange/Assets/Content/gltf/MaterialFunctions/MF_Clearcoat.uasset" 1867
"../../../Engine/Plugins/Interchange/Assets/Content/gltf/MaterialFunctions/MF_Clearcoat.uexp" 1868
"../../../Engine/Plugins/Interchange/Assets/Content/gltf/MaterialBodies/MF_ClearCoat_Body.uasset" 1869
"../../../Engine/Plugins/Interchange/Assets/Content/gltf/MaterialBodies/MF_ClearCoat_Body.uexp" 1870
"../../../Engine/Plugins/Interchange/Assets/Content/gltf/M_ClearCoat.uasset" 1871
"../../../Engine/Plugins/Interchange/Assets/Content/gltf/M_ClearCoat.uexp" 1872
"../../../Engine/Plugins/Interchange/Assets/Content/gltf/MaterialInstances/MI_ClearCoat_Blend.uasset" 1873
"../../../Engine/Plugins/Interchange/Assets/Content/gltf/MaterialInstances/MI_ClearCoat_Blend.uexp" 1874
"../../../Engine/Plugins/Interchange/Assets/Content/gltf/MaterialInstances/MI_ClearCoat_Blend_DS.uasset" 1875
"../../../Engine/Plugins/Interchange/Assets/Content/gltf/MaterialInstances/MI_ClearCoat_Blend_DS.uexp" 1876
"../../../Engine/Plugins/Interchange/Assets/Content/gltf/MaterialInstances/MI_ClearCoat_Mask.uasset" 1877
"../../../Engine/Plugins/Interchange/Assets/Content/gltf/MaterialInstances/MI_ClearCoat_Mask.uexp" 1878
"../../../Engine/Plugins/Interchange/Assets/Content/gltf/MaterialInstances/MI_ClearCoat_Mask_DS.uasset" 1879
"../../../Engine/Plugins/Interchange/Assets/Content/gltf/MaterialInstances/MI_ClearCoat_Mask_DS.uexp" 1880
"../../../Engine/Plugins/Interchange/Assets/Content/gltf/MaterialInstances/MI_ClearCoat_Opaque.uasset" 1881
"../../../Engine/Plugins/Interchange/Assets/Content/gltf/MaterialInstances/MI_ClearCoat_Opaque.uexp" 1882
"../../../Engine/Plugins/Interchange/Assets/Content/gltf/MaterialInstances/MI_ClearCoat_Opaque_DS.uasset" 1883
"../../../Engine/Plugins/Interchange/Assets/Content/gltf/MaterialInstances/MI_ClearCoat_Opaque_DS.uexp" 1884
"../../../Engine/Plugins/Interchange/Assets/Content/gltf/MaterialInstances/MI_Default_Blend.uasset" 1885
"../../../Engine/Plugins/Interchange/Assets/Content/gltf/MaterialInstances/MI_Default_Blend.uexp" 1886
"../../../Engine/Plugins/Interchange/Assets/Content/gltf/MaterialInstances/MI_Default_Blend_DS.uasset" 1887
"../../../Engine/Plugins/Interchange/Assets/Content/gltf/MaterialInstances/MI_Default_Blend_DS.uexp" 1888
"../../../Engine/Plugins/Interchange/Assets/Content/gltf/MaterialInstances/MI_Default_Mask.uasset" 1889
"../../../Engine/Plugins/Interchange/Assets/Content/gltf/MaterialInstances/MI_Default_Mask.uexp" 1890
"../../../Engine/Plugins/Interchange/Assets/Content/gltf/MaterialInstances/MI_Default_Mask_DS.uasset" 1891
"../../../Engine/Plugins/Interchange/Assets/Content/gltf/MaterialInstances/MI_Default_Mask_DS.uexp" 1892
"../../../Engine/Plugins/Interchange/Assets/Content/gltf/MaterialInstances/MI_Default_Opaque.uasset" 1893
"../../../Engine/Plugins/Interchange/Assets/Content/gltf/MaterialInstances/MI_Default_Opaque.uexp" 1894
"../../../Engine/Plugins/Interchange/Assets/Content/gltf/MaterialFunctions/MF_Sheen.uasset" 1895
"../../../Engine/Plugins/Interchange/Assets/Content/gltf/MaterialFunctions/MF_Sheen.uexp" 1896
"../../../Engine/Plugins/Interchange/Assets/Content/gltf/MaterialBodies/MF_Sheen_Body.uasset" 1897
"../../../Engine/Plugins/Interchange/Assets/Content/gltf/MaterialBodies/MF_Sheen_Body.uexp" 1898
"../../../Engine/Plugins/Interchange/Assets/Content/gltf/M_Sheen.uasset" 1899
"../../../Engine/Plugins/Interchange/Assets/Content/gltf/M_Sheen.uexp" 1900
"../../../Engine/Plugins/Interchange/Assets/Content/gltf/MaterialInstances/MI_Sheen_Blend.uasset" 1901
"../../../Engine/Plugins/Interchange/Assets/Content/gltf/MaterialInstances/MI_Sheen_Blend.uexp" 1902
"../../../Engine/Plugins/Interchange/Assets/Content/gltf/MaterialInstances/MI_Sheen_Blend_DS.uasset" 1903
"../../../Engine/Plugins/Interchange/Assets/Content/gltf/MaterialInstances/MI_Sheen_Blend_DS.uexp" 1904
"../../../Engine/Plugins/Interchange/Assets/Content/gltf/MaterialInstances/MI_Sheen_Mask.uasset" 1905
"../../../Engine/Plugins/Interchange/Assets/Content/gltf/MaterialInstances/MI_Sheen_Mask.uexp" 1906
"../../../Engine/Plugins/Interchange/Assets/Content/gltf/MaterialInstances/MI_Sheen_Mask_DS.uasset" 1907
"../../../Engine/Plugins/Interchange/Assets/Content/gltf/MaterialInstances/MI_Sheen_Mask_DS.uexp" 1908
"../../../Engine/Plugins/Interchange/Assets/Content/gltf/MaterialInstances/MI_Sheen_Opaque.uasset" 1909
"../../../Engine/Plugins/Interchange/Assets/Content/gltf/MaterialInstances/MI_Sheen_Opaque.uexp" 1910
"../../../Engine/Plugins/Interchange/Assets/Content/gltf/MaterialInstances/MI_Sheen_Opaque_DS.uasset" 1911
"../../../Engine/Plugins/Interchange/Assets/Content/gltf/MaterialInstances/MI_Sheen_Opaque_DS.uexp" 1912
"../../../Engine/Content/Functions/Engine_MaterialFunctions02/Math/AddComponents.uasset" 1913
"../../../Engine/Content/Functions/Engine_MaterialFunctions02/Math/AddComponents.uexp" 1914
"../../../Engine/Plugins/Interchange/Assets/Content/gltf/MaterialFunctions/MF_DiffuseSpecGloss.uasset" 1915
"../../../Engine/Plugins/Interchange/Assets/Content/gltf/MaterialFunctions/MF_DiffuseSpecGloss.uexp" 1916
"../../../Engine/Plugins/Interchange/Assets/Content/gltf/MaterialFunctions/MF_MaxComponentValue.uasset" 1917
"../../../Engine/Plugins/Interchange/Assets/Content/gltf/MaterialFunctions/MF_MaxComponentValue.uexp" 1918
"../../../Engine/Plugins/Interchange/Assets/Content/gltf/MaterialFunctions/MF_PerceivedBrightness.uasset" 1919
"../../../Engine/Plugins/Interchange/Assets/Content/gltf/MaterialFunctions/MF_PerceivedBrightness.uexp" 1920
"../../../Engine/Plugins/Interchange/Assets/Content/gltf/MaterialFunctions/MF_SpecGlossToMetalRoughness.uasset" 1921
"../../../Engine/Plugins/Interchange/Assets/Content/gltf/MaterialFunctions/MF_SpecGlossToMetalRoughness.uexp" 1922
"../../../Engine/Plugins/Interchange/Assets/Content/gltf/MaterialBodies/MF_SpecularGlossiness_Body.uasset" 1923
"../../../Engine/Plugins/Interchange/Assets/Content/gltf/MaterialBodies/MF_SpecularGlossiness_Body.uexp" 1924
"../../../Engine/Plugins/Interchange/Assets/Content/gltf/M_SpecularGlossiness.uasset" 1925
"../../../Engine/Plugins/Interchange/Assets/Content/gltf/M_SpecularGlossiness.uexp" 1926
"../../../Engine/Plugins/Interchange/Assets/Content/gltf/MaterialInstances/MI_SpecularGlossiness_Blend.uasset" 1927
"../../../Engine/Plugins/Interchange/Assets/Content/gltf/MaterialInstances/MI_SpecularGlossiness_Blend.uexp" 1928
"../../../Engine/Plugins/Interchange/Assets/Content/gltf/MaterialInstances/MI_SpecularGlossiness_Blend_DS.uasset" 1929
"../../../Engine/Plugins/Interchange/Assets/Content/gltf/MaterialInstances/MI_SpecularGlossiness_Blend_DS.uexp" 1930
"../../../Engine/Plugins/Interchange/Assets/Content/gltf/MaterialInstances/MI_SpecularGlossiness_Mask.uasset" 1931
"../../../Engine/Plugins/Interchange/Assets/Content/gltf/MaterialInstances/MI_SpecularGlossiness_Mask.uexp" 1932
"../../../Engine/Plugins/Interchange/Assets/Content/gltf/MaterialInstances/MI_SpecularGlossiness_Mask_DS.uasset" 1933
"../../../Engine/Plugins/Interchange/Assets/Content/gltf/MaterialInstances/MI_SpecularGlossiness_Mask_DS.uexp" 1934
"../../../Engine/Plugins/Interchange/Assets/Content/gltf/MaterialInstances/MI_SpecularGlossiness_Opaque.uasset" 1935
"../../../Engine/Plugins/Interchange/Assets/Content/gltf/MaterialInstances/MI_SpecularGlossiness_Opaque.uexp" 1936
"../../../Engine/Plugins/Interchange/Assets/Content/gltf/MaterialInstances/MI_SpecularGlossiness_Opaque_DS.uasset" 1937
"../../../Engine/Plugins/Interchange/Assets/Content/gltf/MaterialInstances/MI_SpecularGlossiness_Opaque_DS.uexp" 1938
"../../../Engine/Plugins/Interchange/Assets/Content/gltf/MaterialFunctions/MF_Fresnel_DS.uasset" 1939
"../../../Engine/Plugins/Interchange/Assets/Content/gltf/MaterialFunctions/MF_Fresnel_DS.uexp" 1940
"../../../Engine/Plugins/Interchange/Assets/Content/gltf/MaterialFunctions/MF_Temporal_Blur.uasset" 1941
"../../../Engine/Plugins/Interchange/Assets/Content/gltf/MaterialFunctions/MF_Temporal_Blur.uexp" 1942
"../../../Engine/Plugins/Interchange/Assets/Content/gltf/MaterialFunctions/MF_Transmission.uasset" 1943
"../../../Engine/Plugins/Interchange/Assets/Content/gltf/MaterialFunctions/MF_Transmission.uexp" 1944
"../../../Engine/Plugins/Interchange/Assets/Content/gltf/MaterialBodies/MF_Transmission_Body.uasset" 1945
"../../../Engine/Plugins/Interchange/Assets/Content/gltf/MaterialBodies/MF_Transmission_Body.uexp" 1946
"../../../Engine/Plugins/Interchange/Assets/Content/gltf/M_Transmission.uasset" 1947
"../../../Engine/Plugins/Interchange/Assets/Content/gltf/M_Transmission.uexp" 1948
"../../../Engine/Plugins/Interchange/Assets/Content/gltf/MaterialInstances/MI_Transmission.uasset" 1949
"../../../Engine/Plugins/Interchange/Assets/Content/gltf/MaterialInstances/MI_Transmission.uexp" 1950
"../../../Engine/Plugins/Interchange/Assets/Content/gltf/MaterialInstances/MI_Transmission_DS.uasset" 1951
"../../../Engine/Plugins/Interchange/Assets/Content/gltf/MaterialInstances/MI_Transmission_DS.uexp" 1952
"../../../Engine/Plugins/Interchange/Assets/Content/gltf/MaterialBodies/MF_Unlit_Body.uasset" 1953
"../../../Engine/Plugins/Interchange/Assets/Content/gltf/MaterialBodies/MF_Unlit_Body.uexp" 1954
"../../../Engine/Plugins/Interchange/Assets/Content/gltf/M_Unlit.uasset" 1955
"../../../Engine/Plugins/Interchange/Assets/Content/gltf/M_Unlit.uexp" 1956
"../../../Engine/Plugins/Interchange/Assets/Content/gltf/MaterialInstances/MI_Unlit_Blend.uasset" 1957
"../../../Engine/Plugins/Interchange/Assets/Content/gltf/MaterialInstances/MI_Unlit_Blend.uexp" 1958
"../../../Engine/Plugins/Interchange/Assets/Content/gltf/MaterialInstances/MI_Unlit_Blend_DS.uasset" 1959
"../../../Engine/Plugins/Interchange/Assets/Content/gltf/MaterialInstances/MI_Unlit_Blend_DS.uexp" 1960
"../../../Engine/Plugins/Interchange/Assets/Content/gltf/MaterialInstances/MI_Unlit_Mask.uasset" 1961
"../../../Engine/Plugins/Interchange/Assets/Content/gltf/MaterialInstances/MI_Unlit_Mask.uexp" 1962
"../../../Engine/Plugins/Interchange/Assets/Content/gltf/MaterialInstances/MI_Unlit_Mask_DS.uasset" 1963
"../../../Engine/Plugins/Interchange/Assets/Content/gltf/MaterialInstances/MI_Unlit_Mask_DS.uexp" 1964
"../../../Engine/Plugins/Interchange/Assets/Content/gltf/MaterialInstances/MI_Unlit_Opaque.uasset" 1965
"../../../Engine/Plugins/Interchange/Assets/Content/gltf/MaterialInstances/MI_Unlit_Opaque.uexp" 1966
"../../../Engine/Plugins/Interchange/Assets/Content/gltf/MaterialInstances/MI_Unlit_Opaque_DS.uasset" 1967
"../../../Engine/Plugins/Interchange/Assets/Content/gltf/MaterialInstances/MI_Unlit_Opaque_DS.uexp" 1968
"../../../Engine/Content/VREditor/Sounds/UI/Drop_Item_From_ContentBrowser.ubulk" 1969
"../../../Engine/Content/VREditor/Sounds/UI/Drop_Item_From_ContentBrowser.uasset" 1970
"../../../Engine/Content/VREditor/Sounds/UI/Drop_Item_From_ContentBrowser.uexp" 1971
"../../../Engine/Content/VREditor/TransformGizmo/TransformGizmoMaterial_Inst.uasset" 1972
"../../../Engine/Content/VREditor/TransformGizmo/TransformGizmoMaterial_Inst.uexp" 1973
"../../../Engine/Content/VREditor/TransformGizmo/TranslucentTransformGizmoMaterial_Inst.uasset" 1974
"../../../Engine/Content/VREditor/TransformGizmo/TranslucentTransformGizmoMaterial_Inst.uexp" 1975
"../../../Engine/Content/Functions/Engine_MaterialFunctions02/SplitComponents.uasset" 1976
"../../../Engine/Content/Functions/Engine_MaterialFunctions02/SplitComponents.uexp" 1977
"../../../Engine/Content/VREditor/SnapGrid/SnapGridMaterial.uasset" 1978
"../../../Engine/Content/VREditor/SnapGrid/SnapGridMaterial.uexp" 1979
"../../../Engine/Content/VREditor/SnapGrid/SnapGridPlaneMesh.ubulk" 1980
"../../../Engine/Content/VREditor/SnapGrid/SnapGridPlaneMesh.uasset" 1981
"../../../Engine/Content/VREditor/SnapGrid/SnapGridPlaneMesh.uexp" 1982
"../../../Engine/Content/VREditor/Sounds/UI/Gizmo_Handle_Clicked.ubulk" 1983
"../../../Engine/Content/VREditor/Sounds/UI/Gizmo_Handle_Clicked.uasset" 1984
"../../../Engine/Content/VREditor/Sounds/UI/Gizmo_Handle_Clicked.uexp" 1985
"../../../Engine/Content/VREditor/Sounds/UI/Object_PickUp.ubulk" 1986
"../../../Engine/Content/VREditor/Sounds/UI/Object_PickUp.uasset" 1987
"../../../Engine/Content/VREditor/Sounds/UI/Object_PickUp.uexp" 1988
"../../../Engine/Content/VREditor/Sounds/UI/Object_Snaps_To_Another_Actor.ubulk" 1989
"../../../Engine/Content/VREditor/Sounds/UI/Object_Snaps_To_Another_Actor.uasset" 1990
"../../../Engine/Content/VREditor/Sounds/UI/Object_Snaps_To_Another_Actor.uexp" 1991
"../../../Engine/Content/VREditor/Sounds/UI/Object_Snaps_To_Grid.ubulk" 1992
"../../../Engine/Content/VREditor/Sounds/UI/Object_Snaps_To_Grid.uasset" 1993
"../../../Engine/Content/VREditor/Sounds/UI/Object_Snaps_To_Grid.uexp" 1994
"../../../Engine/Content/VREditor/Sounds/UI/Scaling_Down.ubulk" 1995
"../../../Engine/Content/VREditor/Sounds/UI/Scaling_Down.uasset" 1996
"../../../Engine/Content/VREditor/Sounds/UI/Scaling_Down.uexp" 1997
"../../../Engine/Content/VREditor/Sounds/UI/Scaling_Up.ubulk" 1998
"../../../Engine/Content/VREditor/Sounds/UI/Scaling_Up.uasset" 1999
"../../../Engine/Content/VREditor/Sounds/UI/Scaling_Up.uexp" 2000
"../../../Engine/Content/VREditor/Sounds/UI/Selection_Changes.ubulk" 2001
"../../../Engine/Content/VREditor/Sounds/UI/Selection_Changes.uasset" 2002
"../../../Engine/Content/VREditor/Sounds/UI/Selection_Changes.uexp" 2003
"../../../Engine/Content/VREditor/TransformGizmo/PlaneTranslationHandle.ubulk" 2004
"../../../Engine/Content/VREditor/TransformGizmo/PlaneTranslationHandle.uasset" 2005
"../../../Engine/Content/VREditor/TransformGizmo/PlaneTranslationHandle.uexp" 2006
"../../../Engine/Content/VREditor/TransformGizmo/RotationHandleFull.ubulk" 2007
"../../../Engine/Content/VREditor/TransformGizmo/RotationHandleFull.uasset" 2008
"../../../Engine/Content/VREditor/TransformGizmo/RotationHandleFull.uexp" 2009
"../../../Engine/Content/VREditor/TransformGizmo/RotationHandleIndicator.ubulk" 2010
"../../../Engine/Content/VREditor/TransformGizmo/RotationHandleIndicator.uasset" 2011
"../../../Engine/Content/VREditor/TransformGizmo/RotationHandleIndicator.uexp" 2012
"../../../Engine/Content/VREditor/TransformGizmo/RotationHandleQuarter.ubulk" 2013
"../../../Engine/Content/VREditor/TransformGizmo/RotationHandleQuarter.uasset" 2014
"../../../Engine/Content/VREditor/TransformGizmo/RotationHandleQuarter.uexp" 2015
"../../../Engine/Content/VREditor/TransformGizmo/StartRotationHandleIndicator.ubulk" 2016
"../../../Engine/Content/VREditor/TransformGizmo/StartRotationHandleIndicator.uasset" 2017
"../../../Engine/Content/VREditor/TransformGizmo/StartRotationHandleIndicator.uexp" 2018
"../../../Engine/Content/VREditor/TransformGizmo/TransformGizmoFreeRotation.ubulk" 2019
"../../../Engine/Content/VREditor/TransformGizmo/TransformGizmoFreeRotation.uasset" 2020
"../../../Engine/Content/VREditor/TransformGizmo/TransformGizmoFreeRotation.uexp" 2021
"../../../Engine/Content/VREditor/TransformGizmo/TranslateArrowHandle.ubulk" 2022
"../../../Engine/Content/VREditor/TransformGizmo/TranslateArrowHandle.uasset" 2023
"../../../Engine/Content/VREditor/TransformGizmo/TranslateArrowHandle.uexp" 2024
"../../../Engine/Content/VREditor/TransformGizmo/UniformScaleHandle.ubulk" 2025
"../../../Engine/Content/VREditor/TransformGizmo/UniformScaleHandle.uasset" 2026
"../../../Engine/Content/VREditor/TransformGizmo/UniformScaleHandle.uexp" 2027
"../../../Engine/Content/EngineMaterials/Widget3DPassThrough.uasset" 2028
"../../../Engine/Content/EngineMaterials/Widget3DPassThrough.uexp" 2029
"../../../Engine/Content/EngineMaterials/Widget3DPassThrough_Masked.uasset" 2030
"../../../Engine/Content/EngineMaterials/Widget3DPassThrough_Masked.uexp" 2031
"../../../Engine/Content/EngineMaterials/Widget3DPassThrough_Opaque.uasset" 2032
"../../../Engine/Content/EngineMaterials/Widget3DPassThrough_Opaque.uexp" 2033
"../../../Engine/Content/EngineMaterials/Widget3DPassThrough_Masked_OneSided.uasset" 2034
"../../../Engine/Content/EngineMaterials/Widget3DPassThrough_Masked_OneSided.uexp" 2035
"../../../Engine/Content/EngineMaterials/Widget3DPassThrough_Opaque_OneSided.uasset" 2036
"../../../Engine/Content/EngineMaterials/Widget3DPassThrough_Opaque_OneSided.uexp" 2037
"../../../Engine/Content/EngineMaterials/Widget3DPassThrough_Translucent.uasset" 2038
"../../../Engine/Content/EngineMaterials/Widget3DPassThrough_Translucent.uexp" 2039
"../../../Engine/Content/EngineMaterials/Widget3DPassThrough_Translucent_OneSided.uasset" 2040
"../../../Engine/Content/EngineMaterials/Widget3DPassThrough_Translucent_OneSided.uexp" 2041
"../../../Engine/Content/EngineResources/LandscapeVisibilityLayerInfo.uasset" 2042
"../../../Engine/Content/EngineResources/LandscapeVisibilityLayerInfo.uexp" 2043
"E:/Epic Games/UE projects/rpg_project/Content/LevelPrototyping/Materials/M_FlatCol.uasset" 2044
"E:/Epic Games/UE projects/rpg_project/Content/LevelPrototyping/Materials/M_FlatCol.uexp" 2045
"E:/Epic Games/UE projects/rpg_project/Content/LevelPrototyping/Materials/MI_DefaultColorway.uasset" 2046
"E:/Epic Games/UE projects/rpg_project/Content/LevelPrototyping/Materials/MI_DefaultColorway.uexp" 2047
"E:/Epic Games/UE projects/rpg_project/Content/ThirdPerson/MI_ThirdPersonColWay.uasset" 2048
"E:/Epic Games/UE projects/rpg_project/Content/ThirdPerson/MI_ThirdPersonColWay.uexp" 2049
"../../../Engine/Content/EditorLandscapeResources/ColorMaskBrushMaterial.uasset" 2050
"../../../Engine/Content/EditorLandscapeResources/ColorMaskBrushMaterial.uexp" 2051
"../../../Engine/Content/EditorLandscapeResources/ColorMaskBrushMaterial_MaskedRegion.uasset" 2052
"../../../Engine/Content/EditorLandscapeResources/ColorMaskBrushMaterial_MaskedRegion.uexp" 2053
"../../../Engine/Content/Functions/Engine_MaterialFunctions03/Math/WithinRangeFloat2.uasset" 2054
"../../../Engine/Content/Functions/Engine_MaterialFunctions03/Math/WithinRangeFloat2.uexp" 2055
"../../../Engine/Content/EditorLandscapeResources/MaskBrushMaterial.uasset" 2056
"../../../Engine/Content/EditorLandscapeResources/MaskBrushMaterial.uexp" 2057
"../../../Engine/Content/EditorLandscapeResources/MaskBrushMaterial_MaskedRegion.uasset" 2058
"../../../Engine/Content/EditorLandscapeResources/MaskBrushMaterial_MaskedRegion.uexp" 2059
"../../../Engine/Content/EditorLandscapeResources/SelectBrushMaterial.uasset" 2060
"../../../Engine/Content/EditorLandscapeResources/SelectBrushMaterial.uexp" 2061
"../../../Engine/Content/EditorLandscapeResources/SelectBrushMaterial_Selected.uasset" 2062
"../../../Engine/Content/EditorLandscapeResources/SelectBrushMaterial_Selected.uexp" 2063
"../../../Engine/Content/EditorLandscapeResources/SelectBrushMaterial_SelectedRegion.uasset" 2064
"../../../Engine/Content/EditorLandscapeResources/SelectBrushMaterial_SelectedRegion.uexp" 2065
"../../../Engine/Plugins/NNE/NNEDenoiser/Content/NNE_oidn2-3-0_rt_hdr_alb_nrm_small__dyn__fp16_opset11_DenoiseAlpha.uasset" 2066
"../../../Engine/Plugins/NNE/NNEDenoiser/Content/NNE_oidn2-3-0_rt_hdr_alb_nrm_small__dyn__fp16_opset11_DenoiseAlpha.uexp" 2067
"../../../Engine/Plugins/NNE/NNEDenoiser/Content/NNE_oidn2-3-0_rt_hdr_alb_nrm_small__dyn__fp16_opset11_ForwardAlpha.uasset" 2068
"../../../Engine/Plugins/NNE/NNEDenoiser/Content/NNE_oidn2-3-0_rt_hdr_alb_nrm_small__dyn__fp16_opset11_ForwardAlpha.uexp" 2069
"../../../Engine/Plugins/NNE/NNEDenoiser/Content/NNE_oidn2-3-0_rt_hdr_alb_nrm__dyn__fp16_opset11_DenoiseAlpha.uasset" 2070
"../../../Engine/Plugins/NNE/NNEDenoiser/Content/NNE_oidn2-3-0_rt_hdr_alb_nrm__dyn__fp16_opset11_DenoiseAlpha.uexp" 2071
"../../../Engine/Plugins/NNE/NNEDenoiser/Content/NNE_oidn2-3-0_rt_hdr_alb_nrm__dyn__fp16_opset11_ForwardAlpha.uasset" 2072
"../../../Engine/Plugins/NNE/NNEDenoiser/Content/NNE_oidn2-3-0_rt_hdr_alb_nrm__dyn__fp16_opset11_ForwardAlpha.uexp" 2073
"../../../Engine/Plugins/NNE/NNEDenoiser/Content/NNE_oidn2-3-0_rt_hdr_calb_cnrm_large__dyn__fp16_opset11_DenoiseAlpha.uasset" 2074
"../../../Engine/Plugins/NNE/NNEDenoiser/Content/NNE_oidn2-3-0_rt_hdr_calb_cnrm_large__dyn__fp16_opset11_DenoiseAlpha.uexp" 2075
"../../../Engine/Plugins/NNE/NNEDenoiser/Content/NNE_oidn2-3-0_rt_hdr_calb_cnrm_large__dyn__fp16_opset11_ForwardAlpha.uasset" 2076
"../../../Engine/Plugins/NNE/NNEDenoiser/Content/NNE_oidn2-3-0_rt_hdr_calb_cnrm_large__dyn__fp16_opset11_ForwardAlpha.uexp" 2077
"../../../Engine/Plugins/2D/Paper2D/Content/DefaultSpriteMaterial.uasset" 2078
"../../../Engine/Plugins/2D/Paper2D/Content/DefaultSpriteMaterial.uexp" 2079
"../../../Engine/Plugins/2D/Paper2D/Content/MaskedUnlitSpriteMaterial.uasset" 2080
"../../../Engine/Plugins/2D/Paper2D/Content/MaskedUnlitSpriteMaterial.uexp" 2081
"../../../Engine/Plugins/2D/Paper2D/Content/OpaqueUnlitSpriteMaterial.uasset" 2082
"../../../Engine/Plugins/2D/Paper2D/Content/OpaqueUnlitSpriteMaterial.uexp" 2083
"../../../Engine/Plugins/Animation/DeformerGraph/Content/DeformerFunctions/DG_Function_LinearBlendSkin_Morph_Cloth.uasset" 2084
"../../../Engine/Plugins/Animation/DeformerGraph/Content/DeformerFunctions/DG_Function_LinearBlendSkin_Morph_Cloth.uexp" 2085
"../../../Engine/Plugins/Animation/DeformerGraph/Content/Deformers/DG_LinearBlendSkin_Morph_Cloth.uasset" 2086
"../../../Engine/Plugins/Animation/DeformerGraph/Content/Deformers/DG_LinearBlendSkin_Morph_Cloth.uexp" 2087
"../../../Engine/Plugins/Animation/DeformerGraph/Content/DeformerFunctions/DG_Function_LinearBlendSkin_Morph_Cloth_PositionOnly.uasset" 2088
"../../../Engine/Plugins/Animation/DeformerGraph/Content/DeformerFunctions/DG_Function_LinearBlendSkin_Morph_Cloth_PositionOnly.uexp" 2089
"../../../Engine/Plugins/Animation/DeformerGraph/Content/DeformerFunctions/DG_Function_ComputeNormalsTangents.uasset" 2090
"../../../Engine/Plugins/Animation/DeformerGraph/Content/DeformerFunctions/DG_Function_ComputeNormalsTangents.uexp" 2091
"../../../Engine/Plugins/Animation/DeformerGraph/Content/Deformers/DG_LinearBlendSkin_Morph_Cloth_RecomputeNormals.uasset" 2092
"../../../Engine/Plugins/Animation/DeformerGraph/Content/Deformers/DG_LinearBlendSkin_Morph_Cloth_RecomputeNormals.uexp" 2093
"../../../Engine/Plugins/NNE/NNEDenoiser/Content/NNEDT_Oidn2-3_Balanced.uasset" 2094
"../../../Engine/Plugins/NNE/NNEDenoiser/Content/NNEDT_Oidn2-3_Balanced.uexp" 2095
"../../../Engine/Plugins/NNE/NNEDenoiser/Content/NNEDT_Oidn2-3_Balanced_Alpha.uasset" 2096
"../../../Engine/Plugins/NNE/NNEDenoiser/Content/NNEDT_Oidn2-3_Balanced_Alpha.uexp" 2097
"../../../Engine/Plugins/NNE/NNEDenoiser/Content/NNED_Oidn2-3_Balanced.uasset" 2098
"../../../Engine/Plugins/NNE/NNEDenoiser/Content/NNED_Oidn2-3_Balanced.uexp" 2099
"../../../Engine/Plugins/NNE/NNEDenoiser/Content/NNED_Oidn2-3_Balanced_Alpha.uasset" 2100
"../../../Engine/Plugins/NNE/NNEDenoiser/Content/NNED_Oidn2-3_Balanced_Alpha.uexp" 2101
"../../../Engine/Plugins/NNE/NNEDenoiser/Content/NNED_Oidn2-3_Fast.uasset" 2102
"../../../Engine/Plugins/NNE/NNEDenoiser/Content/NNED_Oidn2-3_Fast.uexp" 2103
"../../../Engine/Plugins/NNE/NNEDenoiser/Content/NNED_Oidn2-3_Fast_Alpha.uasset" 2104
"../../../Engine/Plugins/NNE/NNEDenoiser/Content/NNED_Oidn2-3_Fast_Alpha.uexp" 2105
"../../../Engine/Plugins/NNE/NNEDenoiser/Content/NNED_Oidn2-3_HighQuality.uasset" 2106
"../../../Engine/Plugins/NNE/NNEDenoiser/Content/NNED_Oidn2-3_HighQuality.uexp" 2107
"../../../Engine/Plugins/NNE/NNEDenoiser/Content/NNED_Oidn2-3_HighQuality_Alpha.uasset" 2108
"../../../Engine/Plugins/NNE/NNEDenoiser/Content/NNED_Oidn2-3_HighQuality_Alpha.uexp" 2109
"../../../Engine/Content/Maps/Entry_BuiltData.uasset" 2110
"../../../Engine/Content/Maps/Entry_BuiltData.uexp" 2111
"../../../Engine/Content/Maps/Entry.uexp" 2112
"../../../Engine/Content/Maps/Entry.umap" 2113
"E:/Epic Games/UE projects/rpg_project/Content/Input/IMC_MouseLook.uasset" 2114
"E:/Epic Games/UE projects/rpg_project/Content/Input/IMC_MouseLook.uexp" 2115
"../../../Engine/Content/MobileResources/HUD/VirtualJoystick_Thumb.uasset" 2116
"../../../Engine/Content/MobileResources/HUD/VirtualJoystick_Thumb.uexp" 2117
"../../../Engine/Content/MobileResources/HUD/VirtualJoystick_Background.uasset" 2118
"../../../Engine/Content/MobileResources/HUD/VirtualJoystick_Background.uexp" 2119
"E:/Epic Games/UE projects/rpg_project/Content/Input/Touch/UI_Thumbstick.uasset" 2120
"E:/Epic Games/UE projects/rpg_project/Content/Input/Touch/UI_Thumbstick.uexp" 2121
"E:/Epic Games/UE projects/rpg_project/Content/Input/Touch/UI_TouchSimple.uasset" 2122
"E:/Epic Games/UE projects/rpg_project/Content/Input/Touch/UI_TouchSimple.uexp" 2123
"E:/Epic Games/UE projects/rpg_project/Content/ThirdPerson/Blueprints/BP_ThirdPersonPlayerController.uasset" 2124
"E:/Epic Games/UE projects/rpg_project/Content/ThirdPerson/Blueprints/BP_ThirdPersonPlayerController.uexp" 2125
"E:/Epic Games/UE projects/rpg_project/Content/ThirdPerson/Blueprints/BP_ThirdPersonGameMode.uasset" 2126
"E:/Epic Games/UE projects/rpg_project/Content/ThirdPerson/Blueprints/BP_ThirdPersonGameMode.uexp" 2127
"E:/Epic Games/UE projects/rpg_project/Content/ThirdPerson/Lvl_ThirdPerson.uexp" 2128
"E:/Epic Games/UE projects/rpg_project/Content/ThirdPerson/Lvl_ThirdPerson.umap" 2129
