"E:/Epic Games/UE projects/rpg_project/rpg_project.uproject" 1
"../../../Engine/Plugins/AudioInsights/AudioInsights.uplugin" 2
"../../../Engine/Plugins/AudioGameplayVolume/AudioGameplayVolume.uplugin" 3
"../../../Engine/Plugins/Bridge/Bridge.uplugin" 4
"../../../Engine/Plugins/ChaosCloth/ChaosCloth.uplugin" 5
"../../../Engine/Plugins/ChaosClothAssetEditor/ChaosClothAssetEditor.uplugin" 6
"../../../Engine/Plugins/BlueprintFileUtils/BlueprintFileUtils.uplugin" 7
"../../../Engine/Plugins/Chooser/Chooser.uplugin" 8
"../../../Engine/Plugins/ChaosVD/ChaosVD.uplugin" 9
"../../../Engine/Plugins/AudioGameplay/AudioGameplay.uplugin" 10
"../../../Engine/Plugins/CmdLinkServer/CmdLinkServer.uplugin" 11
"../../../Engine/Plugins/DiscoveryBeaconReceiver/DiscoveryBeaconReceiver.uplugin" 12
"../../../Engine/Plugins/EnhancedInput/EnhancedInput.uplugin" 13
"../../../Engine/Plugins/Fab/Fab.uplugin" 14
"../../../Engine/Plugins/FastBuildController/FastBuildController.uplugin" 15
"../../../Engine/Plugins/IoStoreInsights/IoStoreInsights.uplugin" 16
"../../../Engine/Plugins/MassInsights/MassInsights.uplugin" 17
"../../../Engine/Plugins/LightWeightInstancesEditor/LightWeightInstancesEditor.uplugin" 18
"../../../Engine/Plugins/Mutable/Mutable.uplugin" 19
"../../../Engine/Plugins/MeshPainting/MeshPainting.uplugin" 20
"../../../Engine/Plugins/PCG/PCG.uplugin" 21
"../../../Engine/Plugins/RenderGraphInsights/RenderGraphInsights.uplugin" 22
"../../../Engine/Plugins/ScriptPlugin/ScriptPlugin.uplugin" 23
"../../../Engine/Plugins/TextureGraph/TextureGraph.uplugin" 24
"../../../Engine/Plugins/TraceUtilities/TraceUtilities.uplugin" 25
"../../../Engine/Plugins/ChaosInsights/ChaosInsights.uplugin" 26
"../../../Engine/Plugins/JsonBlueprintUtilities/JsonBlueprintUtilities.uplugin" 27
"../../../Engine/Plugins/XGEController/XGEController.uplugin" 28
"../../../Engine/Plugins/AI/AISupport/AISupport.uplugin" 29
"../../../Engine/Plugins/AI/EnvironmentQueryEditor/EnvironmentQueryEditor.uplugin" 30
"../../../Engine/Plugins/AI/HTNPlanner/HTNPlanner.uplugin" 31
"../../../Engine/Plugins/AI/MassAI/MassAI.uplugin" 32
"../../../Engine/Plugins/AI/MLAdapter/MLAdapter.uplugin" 33
"../../../Engine/Plugins/AI/MassCrowd/MassCrowd.uplugin" 34
"../../../Engine/Plugins/UbaController/UbaController.uplugin" 35
"../../../Engine/Plugins/Compositing/Composure/Composure.uplugin" 36
"../../../Engine/Plugins/Compositing/LensDistortion/LensDistortion.uplugin" 37
"../../../Engine/Plugins/Compositing/OpenColorIO/OpenColorIO.uplugin" 38
"../../../Engine/Plugins/Editor/AssetManagerEditor/AssetManagerEditor.uplugin" 39
"../../../Engine/Plugins/Editor/AssetRegistryExport/AssetRegistryExport.uplugin" 40
"../../../Engine/Plugins/Editor/AssetReferenceRestrictions/AssetReferenceRestrictions.uplugin" 41
"../../../Engine/Plugins/Editor/AssetSearch/AssetSearch.uplugin" 42
"../../../Engine/Plugins/Editor/BlueprintHeaderView/BlueprintHeaderView.uplugin" 43
"../../../Engine/Plugins/Editor/BlueprintMaterialTextureNodes/BlueprintMaterialTextureNodes.uplugin" 44
"../../../Engine/Plugins/Editor/ChangelistReview/ChangelistReview.uplugin" 45
"../../../Engine/Plugins/Compositing/OpenCVLensDistortion/OpenCVLensDistortion.uplugin" 46
"../../../Engine/Plugins/Editor/ConsoleVariablesEditor/ConsoleVariables.uplugin" 47
"../../../Engine/Plugins/Editor/ColorGrading/ColorGrading.uplugin" 48
"../../../Engine/Plugins/Editor/CryptoKeys/CryptoKeys.uplugin" 49
"../../../Engine/Plugins/Editor/CurveEditorTools/CurveEditorTools.uplugin" 50
"../../../Engine/Plugins/WorldMetrics/WorldMetrics.uplugin" 51
"../../../Engine/Plugins/MemoryUsageQueries/MemoryUsageQueries.uplugin" 52
"../../../Engine/Plugins/Editor/EditorScriptingUtilities/EditorScriptingUtilities.uplugin" 53
"../../../Engine/Plugins/Editor/EditorSysConfigAssistant/EditorSysConfigAssistant.uplugin" 54
"../../../Engine/Plugins/Editor/EngineAssetDefinitions/EngineAssetDefinitions.uplugin" 55
"../../../Engine/Plugins/Editor/DataValidation/DataValidation.uplugin" 56
"../../../Engine/Plugins/Editor/FacialAnimation/FacialAnimation.uplugin" 57
"../../../Engine/Plugins/Editor/GeometryMode/GeometryMode.uplugin" 58
"../../../Engine/Plugins/Editor/EditorDebugTools/EditorDebugTools.uplugin" 59
"../../../Engine/Plugins/Editor/DisplayClusterLaunch/DisplayClusterLaunch.uplugin" 60
"../../../Engine/Plugins/Editor/MaterialAnalyzer/MaterialAnalyzer.uplugin" 61
"../../../Engine/Plugins/Editor/MakeCookedEditorAsDLC/MakeCookedEditorAsDLC.uplugin" 62
"../../../Engine/Plugins/Editor/MeshLODToolset/MeshLODToolset.uplugin" 63
"../../../Engine/Plugins/Editor/GameplayTagsEditor/GameplayTagsEditor.uplugin" 64
"../../../Engine/Plugins/Editor/GuidedTutorials/GuidedTutorials.uplugin" 65
"../../../Engine/Plugins/Editor/MobileLauncherProfileWizard/MobileLauncherProfileWizard.uplugin" 66
"../../../Engine/Plugins/Editor/ModelViewViewModelPreview/ModelViewViewModelPreview.uplugin" 67
"../../../Engine/Plugins/Editor/PluginBrowser/PluginBrowser.uplugin" 68
"../../../Engine/Plugins/Editor/ScriptableToolsEditorMode/ScriptableToolsEditorMode.uplugin" 69
"../../../Engine/Plugins/Editor/ProxyLODPlugin/ProxyLODPlugin.uplugin" 70
"../../../Engine/Plugins/Editor/SequencerAnimTools/SequencerAnimTools.uplugin" 71
"../../../Engine/Plugins/Editor/SampleToolsEditorMode/SampleToolsEditorMode.uplugin" 72
"../../../Engine/Plugins/Editor/SpeedTreeImporter/SpeedTreeImporter.uplugin" 73
"../../../Engine/Plugins/Editor/StaticMeshEditorModeling/StaticMeshEditorModeling.uplugin" 74
"../../../Engine/Plugins/Editor/UVEditor/UVEditor.uplugin" 75
"../../../Engine/Plugins/Editor/UMGWidgetPreview/UMGWidgetPreview.uplugin" 76
"../../../Engine/Plugins/Editor/ModelingToolsEditorMode/ModelingToolsEditorMode.uplugin" 77
"../../../Engine/Plugins/Experimental/ActorPalette/ActorPalette.uplugin" 78
"../../../Engine/Plugins/Editor/WorldPartitionHLODUtilities/WorldPartitionHLODUtilities.uplugin" 79
"../../../Engine/Plugins/Editor/WaveformEditor/WaveformEditor.uplugin" 80
"../../../Engine/Plugins/Experimental/AdvancedRenamer/AdvancedRenamer.uplugin" 81
"../../../Engine/Plugins/Experimental/AnimNext/AnimNext.uplugin" 82
"../../../Engine/Plugins/Experimental/AnimNextPoseSearch/AnimNextPoseSearch.uplugin" 83
"../../../Engine/Plugins/Experimental/AnimNextStateTree/AnimNextStateTree.uplugin" 84
"../../../Engine/Plugins/ChaosClothAsset/ChaosClothAsset.uplugin" 85
"../../../Engine/Plugins/Experimental/AnimNextWarping/AnimNextWarping.uplugin" 86
"../../../Engine/Plugins/Experimental/AnimNextChooser/AnimNextChooser.uplugin" 87
"../../../Engine/Plugins/Experimental/AsyncMessageSystem/AsyncMessageSystem.uplugin" 88
"../../../Engine/Plugins/Experimental/AvalancheDataLink/AvalancheDataLink.uplugin" 89
"../../../Engine/Plugins/Experimental/AsyncMessageSystemTests/AsyncMessageSystemTests.uplugin" 90
"../../../Engine/Plugins/Experimental/AvalancheDisplayCluster/AvalancheDisplayCluster.uplugin" 91
"../../../Engine/Plugins/Experimental/AnimNextControlRig/AnimNextControlRig.uplugin" 92
"../../../Engine/Plugins/Editor/LiveUpdateForSlate/LiveUpdateForSlate.uplugin" 93
"../../../Engine/Plugins/Experimental/AvalancheSequenceNavigator/AvalancheSequenceNavigator.uplugin" 94
"../../../Engine/Plugins/Experimental/AutomationUtils/AutomationUtils.uplugin" 95
"../../../Engine/Plugins/Editor/MacGraphicsSwitching/MacGraphicsSwitching.uplugin" 96
"../../../Engine/Plugins/Experimental/BlueprintSnapNodes/BlueprintSnapNodes.uplugin" 97
"../../../Engine/Plugins/Experimental/BackChannel/BackChannel.uplugin" 98
"../../../Engine/Plugins/Experimental/AbilitySystemGameFeatureActions/AbilitySystemGameFeatureActions.uplugin" 99
"../../../Engine/Plugins/Experimental/BlueprintStats/BlueprintStats.uplugin" 100
"../../../Engine/Plugins/Experimental/CelestialVault/CelestialVault.uplugin" 101
"../../../Engine/Plugins/Experimental/ChaosCaching/ChaosCaching.uplugin" 102
"../../../Engine/Plugins/Experimental/Buoyancy/Buoyancy.uplugin" 103
"../../../Engine/Plugins/Experimental/ChaosEditor/ChaosEditor.uplugin" 104
"../../../Engine/Plugins/Experimental/ChaosClothEditor/ChaosClothEditor.uplugin" 105
"../../../Engine/Plugins/Experimental/AnimNextAnimGraph/AnimNextAnimGraph.uplugin" 106
"../../../Engine/Plugins/Experimental/ChaosModularVehicleExamples/ChaosModularVehicleExamples.uplugin" 107
"../../../Engine/Plugins/Experimental/ChaosMover/ChaosMover.uplugin" 108
"../../../Engine/Plugins/Experimental/ChaosModularVehicle/ChaosModularVehicle.uplugin" 109
"../../../Engine/Plugins/Experimental/ChaosNiagara/ChaosNiagara.uplugin" 110
"../../../Engine/Plugins/Experimental/ChaosSolverPlugin/ChaosSolverPlugin.uplugin" 111
"../../../Engine/Plugins/Experimental/CharacterAI/CharacterAI.uplugin" 112
"../../../Engine/Plugins/Experimental/CineCameraRigs/CineCameraRigs.uplugin" 113
"../../../Engine/Plugins/Editor/StylusInput/StylusInput.uplugin" 114
"../../../Engine/Plugins/Experimental/CodeEditor/CodeEditor.uplugin" 115
"../../../Engine/Plugins/Experimental/ChaosUserDataPT/ChaosUserDataPT.uplugin" 116
"../../../Engine/Plugins/Experimental/CinematicPrestreaming/CinematicPrestreaming.uplugin" 117
"../../../Engine/Plugins/Experimental/ChaosVehiclesPlugin/ChaosVehiclesPlugin.uplugin" 118
"../../../Engine/Plugins/Experimental/ChaosFlesh/ChaosFlesh.uplugin" 119
"../../../Engine/Plugins/Experimental/ChaosOutfitAsset/ChaosOutfitAsset.uplugin" 120
"../../../Engine/Plugins/Experimental/ColorCorrectRegions/ColorCorrectRegions.uplugin" 121
"../../../Engine/Plugins/Experimental/CommonConversation/CommonConversation.uplugin" 122
"../../../Engine/Plugins/Experimental/ControlFlows/ControlFlows.uplugin" 123
"../../../Engine/Plugins/Experimental/Dataflow/Dataflow.uplugin" 124
"../../../Engine/Plugins/Experimental/DataLinkOAuth/DataLinkOAuth.uplugin" 125
"../../../Engine/Plugins/Experimental/DaySequence/DaySequence.uplugin" 126
"../../../Engine/Plugins/Experimental/DataLink/DataLink.uplugin" 127
"../../../Engine/Plugins/Experimental/DefaultInstallBundleManager/DefaultInstallBundleManager.uplugin" 128
"../../../Engine/Plugins/Experimental/EditorDataStorage/EditorDataStorage.uplugin" 129
"../../../Engine/Plugins/Experimental/DynamicMaterialMediaStreamBridge/DynamicMaterialMediaStreamBridge.uplugin" 130
"../../../Engine/Plugins/Experimental/EditorPerformance/EditorPerformance.uplugin" 131
"../../../Engine/Plugins/Experimental/EditorDataStorageFeatures/EditorDataStorageFeatures.uplugin" 132
"../../../Engine/Plugins/Experimental/EditorTelemetry/EditorTelemetry.uplugin" 133
"../../../Engine/Plugins/Experimental/EvaluationNotifies/EvaluationNotifies.uplugin" 134
"../../../Engine/Plugins/Experimental/FieldSystemPlugin/FieldSystemPlugin.uplugin" 135
"../../../Engine/Plugins/Experimental/Fracture/Fracture.uplugin" 136
"../../../Engine/Plugins/Experimental/FullBodyIK/FullBodyIK.uplugin" 137
"../../../Engine/Plugins/Experimental/FloatingProperties/FloatingProperties.uplugin" 138
"../../../Engine/Plugins/Experimental/GameInputWindows/GameInputWindows.uplugin" 139
"../../../Engine/Plugins/Experimental/GameplayBehaviors/GameplayBehaviors.uplugin" 140
"../../../Engine/Plugins/Experimental/GameplayGraph/GameplayGraph.uplugin" 141
"../../../Engine/Plugins/Experimental/GameplayTargetingSystem/TargetingSystem.uplugin" 142
"../../../Engine/Plugins/Experimental/Gauntlet/Gauntlet.uplugin" 143
"../../../Engine/Plugins/Experimental/AnimToTexture/AnimToTexture.uplugin" 144
"../../../Engine/Plugins/Experimental/GeometryCacheAbcFile/GeometryCacheAbcFile.uplugin" 145
"../../../Engine/Plugins/Experimental/GeometryCollectionPlugin/GeometryCollectionPlugin.uplugin" 146
"../../../Engine/Plugins/Experimental/GeometryCacheLevelSequenceBaker/GeometryCacheLevelSequenceBaker.uplugin" 147
"../../../Engine/Plugins/Experimental/GPULightmass/GPULightmass.uplugin" 148
"../../../Engine/Plugins/Experimental/GeometryFlow/GeometryFlow.uplugin" 149
"../../../Engine/Plugins/Experimental/HairCardGenerator/HairCardGenerator.uplugin" 150
"../../../Engine/Plugins/Experimental/HairStrandsMutable/HairStrandsMutable.uplugin" 151
"../../../Engine/Plugins/Experimental/HairModelingToolset/HairModelingToolset.uplugin" 152
"../../../Engine/Plugins/Experimental/ImagePlate/ImagePlate.uplugin" 153
"../../../Engine/Plugins/Experimental/GizmoEdMode/GizmoEdMode.uplugin" 154
"../../../Engine/Plugins/Experimental/GizmoFramework/GizmoFramework.uplugin" 155
"../../../Engine/Plugins/Experimental/ImageWidgets/ImageWidgets.uplugin" 156
"../../../Engine/Plugins/Experimental/ChaosCachingUSD/ChaosCachingUSD.uplugin" 157
"../../../Engine/Plugins/Experimental/ImpostorBaker/ImpostorBaker.uplugin" 158
"../../../Engine/Plugins/Experimental/Iris/Iris.uplugin" 159
"../../../Engine/Plugins/Experimental/InteractionInterface/InteractionInterface.uplugin" 160
"../../../Engine/Plugins/Experimental/GeometryDataflow/GeometryDataflow.uplugin" 161
"../../../Engine/Plugins/Experimental/CodeView/CodeView.uplugin" 162
"../../../Engine/Plugins/Experimental/FastGeoStreaming/FastGeoStreaming.uplugin" 163
"../../../Engine/Plugins/Experimental/JWT/JWT.uplugin" 164
"../../../Engine/Plugins/Experimental/Landmass/Landmass.uplugin" 165
"../../../Engine/Plugins/Experimental/LearningAgents/LearningAgents.uplugin" 166
"../../../Engine/Plugins/Experimental/LiveLinkControlRig/LiveLinkControlRig.uplugin" 167
"../../../Engine/Plugins/Experimental/InlineMaterialInstance/InlineMaterialInstance.uplugin" 168
"../../../Engine/Plugins/Experimental/LiveLinkOpenVR/LiveLinkOpenVR.uplugin" 169
"../../../Engine/Plugins/Experimental/LevelSequenceNavigatorBridge/LevelSequenceNavigatorBridge.uplugin" 170
"../../../Engine/Plugins/Experimental/InstanceDataObjectFixupTool/InstanceDataObjectFixupTool.uplugin" 171
"../../../Engine/Plugins/Experimental/LowLevelNetTrace/LowLevelNetTrace.uplugin" 172
"../../../Engine/Plugins/Experimental/LocalizableMessage/LocalizableMessage.uplugin" 173
"../../../Engine/Plugins/Experimental/MediaViewer/MediaViewer.uplugin" 174
"../../../Engine/Plugins/Experimental/MediaStream/MediaStream.uplugin" 175
"../../../Engine/Plugins/Experimental/LiveLinkFaceImporter/LiveLinkFaceImporter.uplugin" 176
"../../../Engine/Plugins/Experimental/MeshModelingToolsetExp/MeshModelingToolsetExp.uplugin" 177
"../../../Engine/Plugins/Experimental/MotoSynth/MotoSynth.uplugin" 178
"../../../Engine/Plugins/Experimental/MeshResizing/MeshResizing.uplugin" 179
"../../../Engine/Plugins/Experimental/MetasoundExperimental/MetasoundExperimental.uplugin" 180
"../../../Engine/Plugins/Experimental/MotorSimOutputMotoSynth/MotorSimOutputMotoSynth.uplugin" 181
"../../../Engine/Plugins/Experimental/LandscapePatch/LandscapePatch.uplugin" 182
"../../../Engine/Plugins/Experimental/MLflow/MLflow.uplugin" 183
"../../../Engine/Plugins/Experimental/MoverAnimNext/MoverAnimNext.uplugin" 184
"../../../Engine/Plugins/Experimental/MoverExamples/MoverExamples.uplugin" 185
"../../../Engine/Plugins/Experimental/MoverIntegrations/MoverIntegrations.uplugin" 186
"../../../Engine/Plugins/Experimental/MovieSceneAnimMixer/MovieSceneAnimMixer.uplugin" 187
"../../../Engine/Plugins/Experimental/MoverTests/MoverTests.uplugin" 188
"../../../Engine/Plugins/Experimental/MutableClothing/MutableClothing.uplugin" 189
"../../../Engine/Plugins/Experimental/MovieScenePoseSearchTracks/MovieScenePoseSearchTracks.uplugin" 190
"../../../Engine/Plugins/Experimental/MutablePopulation/MutablePopulation.uplugin" 191
"../../../Engine/Plugins/Experimental/NeuralRendering/NeuralRendering.uplugin" 192
"../../../Engine/Plugins/Experimental/NFORDenoise/NFORDenoise.uplugin" 193
"../../../Engine/Plugins/Experimental/NaniteDisplacedMesh/NaniteDisplacedMesh.uplugin" 194
"../../../Engine/Plugins/Experimental/NNERuntimeBasicCpu/NNERuntimeBasicCpu.uplugin" 195
"../../../Engine/Plugins/Experimental/NNERuntimeIREE/NNERuntimeIREE.uplugin" 196
"../../../Engine/Plugins/Experimental/CineCameraSceneCapture/CineCameraSceneCapture.uplugin" 197
"../../../Engine/Plugins/Experimental/AvalancheSceneState/AvalancheSceneState.uplugin" 198
"../../../Engine/Plugins/Experimental/NNERuntimeRDG/NNERuntimeRDG.uplugin" 199
"../../../Engine/Plugins/Experimental/Mover/Mover.uplugin" 200
"../../../Engine/Plugins/Experimental/OptiXDenoise/OptiXDenoise.uplugin" 201
"../../../Engine/Plugins/Experimental/PixelStreamingPlayer/PixelStreamingPlayer.uplugin" 202
"../../../Engine/Plugins/Experimental/PanoramicCapture/PanoramicCapture.uplugin" 203
"../../../Engine/Plugins/Experimental/PlainProps/PlainProps.uplugin" 204
"../../../Engine/Plugins/Experimental/PCGBiomeSample/PCGBiomeSample.uplugin" 205
"../../../Engine/Plugins/Experimental/PluginReferenceViewer/PluginReferenceViewer.uplugin" 206
"../../../Engine/Plugins/Experimental/OpenImageDenoise/OpenImageDenoise.uplugin" 207
"../../../Engine/Plugins/Experimental/PluginAudit/PluginAudit.uplugin" 208
"../../../Engine/Plugins/Experimental/PhysicsControl/PhysicsControl.uplugin" 209
"../../../Engine/Plugins/Experimental/PluginTemplateTool/PluginTemplateTool.uplugin" 210
"../../../Engine/Plugins/Experimental/PSDImporter/PSDImporter.uplugin" 211
"../../../Engine/Plugins/Experimental/QuicMessaging/QuicMessaging.uplugin" 212
"../../../Engine/Plugins/Experimental/PythonScriptPlugin/PythonScriptPlugin.uplugin" 213
"../../../Engine/Plugins/Experimental/PythonFoundationPackages/PythonFoundationPackages.uplugin" 214
"../../../Engine/Plugins/Experimental/PlatformCrypto/PlatformCrypto.uplugin" 215
"../../../Engine/Plugins/Experimental/RawInput/RawInput.uplugin" 216
"../../../Engine/Plugins/Experimental/RazerChromaDevices/RazerChromaDevices.uplugin" 217
"../../../Engine/Plugins/Experimental/PSDImporterMaterialDesignerBridge/PSDImporterMaterialDesignerBridge.uplugin" 218
"../../../Engine/Plugins/Experimental/RemoteControlComponents/RemoteControlComponents.uplugin" 219
"../../../Engine/Plugins/Experimental/RemoteSession/RemoteSession.uplugin" 220
"../../../Engine/Plugins/Experimental/RenderGrid/RenderGrid.uplugin" 221
"../../../Engine/Plugins/Experimental/SceneState/SceneState.uplugin" 222
"../../../Engine/Plugins/Experimental/RuntimeTelemetry/RuntimeTelemetry.uplugin" 223
"../../../Engine/Plugins/Experimental/SequenceNavigator/SequenceNavigator.uplugin" 224
"../../../Engine/Plugins/Experimental/ScreenReader/ScreenReader.uplugin" 225
"../../../Engine/Plugins/Experimental/PlainPropsUObject/PlainPropsUObject.uplugin" 226
"../../../Engine/Plugins/Experimental/PostProcessMaterialChainGraph/PostProcessMaterialChainGraph.uplugin" 227
"../../../Engine/Plugins/Experimental/SerializationUtils/SerializationUtils.uplugin" 228
"../../../Engine/Plugins/Experimental/Shotgrid/Shotgrid.uplugin" 229
"../../../Engine/Plugins/Experimental/RigLogicAnimNext/RigLogicAnimNext.uplugin" 230
"../../../Engine/Plugins/Experimental/SlateIM/SlateIM.uplugin" 231
"../../../Engine/Plugins/Experimental/SimpleHMD/SimpleHMD.uplugin" 232
"../../../Engine/Plugins/Experimental/SkeletalReduction/SkeletalReduction.uplugin" 233
"../../../Engine/Plugins/Experimental/SlateScreenReader/SlateScreenReader.uplugin" 234
"../../../Engine/Plugins/Experimental/SpatialReadiness/SpatialReadiness.uplugin" 235
"../../../Engine/Plugins/Experimental/StateGraph/StateGraph.uplugin" 236
"../../../Engine/Plugins/Experimental/SubmitToolEditor/SubmitToolEditor.uplugin" 237
"../../../Engine/Plugins/Experimental/SubtitlesAndClosedCaptions/SubtitlesAndClosedCaptions.uplugin" 238
"../../../Engine/Plugins/Experimental/StructUtils/StructUtils.uplugin" 239
"../../../Engine/Plugins/Experimental/SVGImporter/SVGImporter.uplugin" 240
"../../../Engine/Plugins/Experimental/RigLogicMutable/RigLogicMutable.uplugin" 241
"../../../Engine/Plugins/Experimental/TargetDeviceServicesScripting/TargetDeviceServicesScripting.uplugin" 242
"../../../Engine/Plugins/Experimental/TetMeshing/TetMeshing.uplugin" 243
"../../../Engine/Plugins/Experimental/Text3D/Text3D.uplugin" 244
"../../../Engine/Plugins/Experimental/Tensorboard/Tensorboard.uplugin" 245
"../../../Engine/Plugins/Experimental/TextToSpeech/TextToSpeech.uplugin" 246
"../../../Engine/Plugins/Experimental/PlanarCutPlugin/PlanarCut.uplugin" 247
"../../../Engine/Plugins/Experimental/NNERuntimeCoreML/NNERuntimeCoreML.uplugin" 248
"../../../Engine/Plugins/Experimental/ToolPresets/ToolPresets.uplugin" 249
"../../../Engine/Plugins/Experimental/PCGBiomeCore/PCGBiomeCore.uplugin" 250
"../../../Engine/Plugins/Experimental/UIFramework/UIFramework.uplugin" 251
"../../../Engine/Plugins/Experimental/UserToolBoxBasicCommand/UserToolBoxBasicCommand.uplugin" 252
"../../../Engine/Plugins/Experimental/VirtualHeightfieldMesh/VirtualHeightfieldMesh.uplugin" 253
"../../../Engine/Plugins/Experimental/UserToolBoxCore/UserToolBoxCore.uplugin" 254
"../../../Engine/Plugins/Experimental/Water/Water.uplugin" 255
"../../../Engine/Plugins/Experimental/Volumetrics/Volumetrics.uplugin" 256
"../../../Engine/Plugins/Experimental/VirtualProductionUtilities/VirtualProductionUtilities.uplugin" 257
"../../../Engine/Plugins/Experimental/WaveFunctionCollapse/WaveFunctionCollapse.uplugin" 258
"../../../Engine/Plugins/Experimental/WebSocketMessaging/WebSocketMessaging.uplugin" 259
"../../../Engine/Plugins/Experimental/WaterExtras/WaterExtras.uplugin" 260
"../../../Engine/Plugins/Experimental/Workspace/Workspace.uplugin" 261
"../../../Engine/Plugins/Experimental/WebSocketNetworking/WebSocketNetworking.uplugin" 262
"../../../Engine/Plugins/Experimental/SlateModelViewViewModel/SlateModelViewViewModel.uplugin" 263
"../../../Engine/Plugins/Experimental/TextureMediaPlayer/TextureMediaPlayer.uplugin" 264
"../../../Engine/Plugins/Experimental/XRCreativeFramework/XRCreativeFramework.uplugin" 265
"../../../Engine/Plugins/MetaHuman/MetaHumanCalibrationProcessing/MetaHumanCalibrationProcessing.uplugin" 266
"../../../Engine/Plugins/Experimental/WidgetEditorToolPalette/WidgetEditorToolPalette.uplugin" 267
"../../../Engine/Plugins/MetaHuman/MetaHumanCoreTechLib/MetaHumanCoreTech.uplugin" 268
"../../../Engine/Plugins/MetaHuman/MetaHumanLiveLink/MetaHumanLiveLink.uplugin" 269
"../../../Engine/Plugins/MetaHuman/MetaHumanAnimator/MetaHuman.uplugin" 270
"../../../Engine/Plugins/MetaHuman/MetaHumanCharacter/MetaHumanCharacter.uplugin" 271
"../../../Engine/Plugins/NetcodeUnitTest/NetcodeUnitTest/NetcodeUnitTest.uplugin" 272
"../../../Engine/Plugins/NetcodeUnitTest/NUTUnrealEngine/NUTUnrealEngine.uplugin" 273
"../../../Engine/Plugins/PCGInterops/PCGExternalDataInterop/PCGExternalDataInterop.uplugin" 274
"../../../Engine/Plugins/MetaHuman/MetaHumanSDK/MetaHumanSDK.uplugin" 275
"../../../Engine/Plugins/Experimental/SecuritySandbox/SecuritySandbox.uplugin" 276
"../../../Engine/Plugins/Tests/AutomationDriverTests/AutomationDriverTests.uplugin" 277
"../../../Engine/Plugins/PCGInterops/PCGGeometryScriptInterop/PCGGeometryScriptInterop.uplugin" 278
"../../../Engine/Plugins/Tests/CQTestEnhancedInput/CQTestEnhancedInput.uplugin" 279
"../../../Engine/Plugins/Tests/EditorTests/EditorTests.uplugin" 280
"../../../Engine/Plugins/Tests/CQTest/CQTest.uplugin" 281
"../../../Engine/Plugins/Tests/FbxAutomationTestBuilder/FbxAutomationTestBuilder.uplugin" 282
"../../../Engine/Plugins/Tests/FunctionalTestingEditor/FunctionalTestingEditor.uplugin" 283
"../../../Engine/Plugins/Tests/PythonAutomationTest/PythonAutomationTest.uplugin" 284
"../../../Engine/Plugins/Tests/InterchangeTests/InterchangeTests.uplugin" 285
"../../../Engine/Plugins/Tests/RHITests/RHITests.uplugin" 286
"../../../Engine/Plugins/Tests/RuntimeTests/RuntimeTests.uplugin" 287
"../../../Engine/Plugins/Tests/TestFramework/TestFramework.uplugin" 288
"../../../Engine/Plugins/Tests/WidgetAutomationTests/WidgetAutomationTests.uplugin" 289
"../../../Engine/Plugins/Experimental/WaterAdvanced/WaterAdvanced.uplugin" 290
"../../../Engine/Plugins/Animation/ACLPlugin/ACLPlugin.uplugin" 291
"../../../Engine/Plugins/Animation/AnimationData/AnimationData.uplugin" 292
"../../../Engine/Plugins/Animation/AnimationModifierLibrary/AnimationModifierLibrary.uplugin" 293
"../../../Engine/Plugins/Animation/AnimationWarping/AnimationWarping.uplugin" 294
"../../../Engine/Plugins/Animation/AnimatorKit/AnimatorKit.uplugin" 295
"../../../Engine/Plugins/Animation/BlendStack/BlendStack.uplugin" 296
"../../../Engine/Plugins/Tests/TestSamples/TestSamples.uplugin" 297
"../../../Engine/Plugins/Animation/ControlRigModules/ControlRigModules.uplugin" 298
"../../../Engine/Plugins/Animation/AnimationLocomotionLibrary/AnimationLocomotionLibrary.uplugin" 299
"../../../Engine/Plugins/Animation/ControlRigSpline/ControlRigSpline.uplugin" 300
"../../../Engine/Plugins/Animation/GameplayInsights/GameplayInsights.uplugin" 301
"../../../Engine/Plugins/Experimental/SurfaceEffects/SurfaceEffects.uplugin" 302
"../../../Engine/Plugins/Animation/DNACalib/DNACalib.uplugin" 303
"../../../Engine/Plugins/Experimental/TechAudioTools/TechAudioTools.uplugin" 304
"../../../Engine/Plugins/Animation/DeformerGraph/DeformerGraph.uplugin" 305
"../../../Engine/Plugins/Animation/IKRig/IKRig.uplugin" 306
"../../../Engine/Plugins/Animation/LiveLinkCurveDebugUI/LiveLinkCurveDebugUI.uplugin" 307
"../../../Engine/Plugins/Animation/LiveLink/LiveLink.uplugin" 308
"../../../Engine/Plugins/Animation/MotionWarping/MotionWarping.uplugin" 309
"../../../Engine/Plugins/Animation/LiveLinkHub/LiveLinkHub.uplugin" 310
"../../../Engine/Plugins/Animation/PerformanceCaptureCore/PerformanceCaptureCore.uplugin" 311
"../../../Engine/Plugins/Animation/LiveLinkExampleDevice/LiveLinkExampleDevice.uplugin" 312
"../../../Engine/Plugins/Animation/PoseSearch/PoseSearch.uplugin" 313
"../../../Engine/Plugins/Compression/OodleNetwork/OodleNetwork.uplugin" 314
"../../../Engine/Plugins/Animation/RigLogic/RigLogic.uplugin" 315
"../../../Engine/Plugins/Animation/ControlRig/ControlRig.uplugin" 316
"../../../Engine/Plugins/FX/Cascade/Cascade.uplugin" 317
"../../../Engine/Plugins/FX/Niagara/Niagara.uplugin" 318
"../../../Engine/Plugins/FX/CascadeToNiagaraConverter/CascadeToNiagaraConverter.uplugin" 319
"../../../Engine/Plugins/FX/ExampleCustomDataInterface/ExampleCustomDataInterface.uplugin" 320
"../../../Engine/Plugins/FX/NiagaraFluids/NiagaraFluids.uplugin" 321
"../../../Engine/Plugins/FX/NiagaraMRQ/NiagaraMRQ.uplugin" 322
"../../../Engine/Plugins/FX/NiagaraSimCaching/NiagaraSimCaching.uplugin" 323
"../../../Engine/Plugins/Animation/SkeletalMeshModelingTools/SkeletalMeshModelingTools.uplugin" 324
"../../../Engine/Plugins/Media/AjaMedia/AjaMedia.uplugin" 325
"../../../Engine/Plugins/Media/AndroidCamera/AndroidCamera.uplugin" 326
"../../../Engine/Plugins/Media/AndroidMedia/AndroidMedia.uplugin" 327
"../../../Engine/Plugins/Media/AudioCaptureTimecodeProvider/AudioCaptureTimecodeProvider.uplugin" 328
"../../../Engine/Plugins/Media/AppleProResMedia/AppleProResMedia.uplugin" 329
"../../../Engine/Plugins/Media/AvfMedia/AvfMedia.uplugin" 330
"../../../Engine/Plugins/Media/AvidDNxHDDecoderElectra/AvidDNxHDDecoderElectra.uplugin" 331
"../../../Engine/Plugins/Media/AvidDNxMedia/AvidDNxMedia.uplugin" 332
"../../../Engine/Plugins/Media/BinkMedia/BinkMedia.uplugin" 333
"../../../Engine/Plugins/Animation/LiveLinkDevice/LiveLinkDevice.uplugin" 334
"../../../Engine/Plugins/Media/ElectraCodecs/ElectraCodecs.uplugin" 335
"../../../Engine/Plugins/Media/BlackmagicMedia/BlackmagicMedia.uplugin" 336
"../../../Engine/Plugins/Media/ElectraCDM/ElectraCDM.uplugin" 337
"../../../Engine/Plugins/Media/D3D12VideoDecodersElectra/D3D12VideoDecodersElectra.uplugin" 338
"../../../Engine/Plugins/Media/ElectraUtil/ElectraUtil.uplugin" 339
"../../../Engine/Plugins/Media/ElectraSubtitles/ElectraSubtitles.uplugin" 340
"../../../Engine/Plugins/Media/ElectraPlayer/ElectraPlayer.uplugin" 341
"../../../Engine/Plugins/Media/HAPDecoderElectra/HAPDecoderElectra.uplugin" 342
"../../../Engine/Plugins/Media/FlacDecoderElectra/FlacDecoderElectra.uplugin" 343
"../../../Engine/Plugins/Media/ImgMedia/ImgMedia.uplugin" 344
"../../../Engine/Plugins/Media/HAPMedia/HAPMedia.uplugin" 345
"../../../Engine/Plugins/Media/AppleProResDecoderElectra/AppleProResDecoderElectra.uplugin" 346
"../../../Engine/Plugins/Media/HardwareEncoders/HardwareEncoders.uplugin" 347
"../../../Engine/Plugins/Media/LinearTimecode/LinearTimecode.uplugin" 348
"../../../Engine/Plugins/Media/MediaCompositing/MediaCompositing.uplugin" 349
"../../../Engine/Plugins/Media/MediaIOFramework/MediaIOFramework.uplugin" 350
"../../../Engine/Plugins/Media/MediaFrameworkUtilities/MediaFrameworkUtilities.uplugin" 351
"../../../Engine/Plugins/Media/MediaMovieStreamer/MediaMovieStreamer.uplugin" 352
"../../../Engine/Plugins/Media/MediaPlate/MediaPlate.uplugin" 353
"../../../Engine/Plugins/Media/MediaPlayerEditor/MediaPlayerEditor.uplugin" 354
"../../../Engine/Plugins/Media/OpusDecoderElectra/OpusDecoderElectra.uplugin" 355
"../../../Engine/Plugins/Media/PixelStreaming/PixelStreaming.uplugin" 356
"../../../Engine/Plugins/Animation/BlendSpaceMotionAnalysis/BlendSpaceMotionAnalysis.uplugin" 357
"../../../Engine/Plugins/Media/MfMedia/MfMedia.uplugin" 358
"../../../Engine/Plugins/Media/WebMMedia/WebMMedia.uplugin" 359
"../../../Engine/Plugins/Media/PixelStreaming2/PixelStreaming2.uplugin" 360
"../../../Engine/Plugins/Media/TimecodeSynchronizer/TimecodeSynchronizer.uplugin" 361
"../../../Engine/Plugins/Messaging/MessagingDebugger/MessagingDebugger.uplugin" 362
"../../../Engine/Plugins/Messaging/UdpMessaging/UdpMessaging.uplugin" 363
"../../../Engine/Plugins/Media/VPxDecoderElectra/VPxDecoderElectra.uplugin" 364
"../../../Engine/Plugins/Messaging/TcpMessaging/TcpMessaging.uplugin" 365
"../../../Engine/Plugins/Online/EOSOverlayInputProvider/EOSOverlayInputProvider.uplugin" 366
"../../../Engine/Plugins/Online/EOSShared/EOSShared.uplugin" 367
"../../../Engine/Plugins/Online/OnlineFramework/OnlineFramework.uplugin" 368
"../../../Engine/Plugins/Animation/GeneSplicer/GeneSplicer.uplugin" 369
"../../../Engine/Plugins/Online/OnlineServices/OnlineServices.uplugin" 370
"../../../Engine/Plugins/Online/OnlineBase/OnlineBase.uplugin" 371
"../../../Engine/Plugins/Online/OnlineServicesEOS/OnlineServicesEOS.uplugin" 372
"../../../Engine/Plugins/Online/OnlineServicesEOSGS/OnlineServicesEOSGS.uplugin" 373
"../../../Engine/Plugins/Media/NDIMedia/NDIMedia.uplugin" 374
"../../../Engine/Plugins/Online/OnlineServicesOSSAdapter/OnlineServicesOSSAdapter.uplugin" 375
"../../../Engine/Plugins/Media/WmfMedia/WmfMedia.uplugin" 376
"../../../Engine/Plugins/Online/OnlineServicesEpicCommon/OnlineServicesEpicCommon.uplugin" 377
"../../../Engine/Plugins/Online/OnlineSubsystemAmazon/OnlineSubsystemAmazon.uplugin" 378
"../../../Engine/Plugins/Online/OnlineSubsystemEOS/OnlineSubsystemEOS.uplugin" 379
"../../../Engine/Plugins/Online/OnlineSubsystem/OnlineSubsystem.uplugin" 380
"../../../Engine/Plugins/Online/OnlineSubsystemFacebook/OnlineSubsystemFacebook.uplugin" 381
"../../../Engine/Plugins/Animation/TweeningUtils/TweeningUtils.uplugin" 382
"../../../Engine/Plugins/Online/OnlineSubsystemSteam/OnlineSubsystemSteam.uplugin" 383
"../../../Engine/Plugins/Online/OnlineSubsystemGoogle/OnlineSubsystemGoogle.uplugin" 384
"../../../Engine/Plugins/Online/OnlineSubsystemNull/OnlineSubsystemNull.uplugin" 385
"../../../Engine/Plugins/Online/OnlineSubsystemTencent/OnlineSubsystemTencent.uplugin" 386
"../../../Engine/Plugins/Online/OnlineSubsystemUtils/OnlineSubsystemUtils.uplugin" 387
"../../../Engine/Plugins/Online/OnlineServicesNull/OnlineServicesNull.uplugin" 388
"../../../Engine/Plugins/Protocols/MQTT/MQTT.uplugin" 389
"../../../Engine/Plugins/Slate/SlateInsights/SlateInsights.uplugin" 390
"../../../Engine/Plugins/Slate/SlateScripting/SlateScripting.uplugin" 391
"../../../Engine/Plugins/Web/HttpBlueprint/HttpBlueprint.uplugin" 392
"../../../Engine/Plugins/Enterprise/AxFImporter/AxFImporter.uplugin" 393
"../../../Engine/Plugins/Enterprise/DatasmithC4DImporter/DatasmithC4DImporter.uplugin" 394
"../../../Engine/Plugins/Enterprise/DataprepEditor/DataprepEditor.uplugin" 395
"../../../Engine/Plugins/Enterprise/DatasmithContent/DatasmithContent.uplugin" 396
"../../../Engine/Plugins/Online/OnlineSubsystemApple/OnlineSubsystemApple.uplugin" 397
"../../../Engine/Plugins/Enterprise/LidarPointCloud/LidarPointCloud.uplugin" 398
"../../../Engine/Plugins/Media/PixelCapture/PixelCapture.uplugin" 399
"../../../Engine/Plugins/Enterprise/MDLImporter/MDLImporter.uplugin" 400
"../../../Engine/Plugins/Enterprise/GLTFExporter/GLTFExporter.uplugin" 401
"../../../Engine/Plugins/Enterprise/DatasmithImporter/DatasmithImporter.uplugin" 402
"../../../Engine/Plugins/Enterprise/VariantManager/VariantManager.uplugin" 403
"../../../Engine/Plugins/Interchange/Assets/InterchangeAssets.uplugin" 404
"../../../Engine/Plugins/Interchange/Editor/InterchangeEditor.uplugin" 405
"../../../Engine/Plugins/Online/WebAuth/WebAuth.uplugin" 406
"../../../Engine/Plugins/Runtime/ActorLayerUtilities/ActorLayerUtilities.uplugin" 407
"../../../Engine/Plugins/Interchange/Runtime/Interchange.uplugin" 408
"../../../Engine/Plugins/Online/SocketSubsystemSteamIP/SocketSubsystemSteamIP.uplugin" 409
"../../../Engine/Plugins/Runtime/ADM/ADM.uplugin" 410
"../../../Engine/Plugins/Enterprise/DatasmithCADImporter/DatasmithCADImporter.uplugin" 411
"../../../Engine/Plugins/Portal/LauncherChunkInstaller/LauncherChunkInstaller.uplugin" 412
"../../../Engine/Plugins/Enterprise/DatasmithFBXImporter/DatasmithFBXImporter.uplugin" 413
"../../../Engine/Plugins/Runtime/AndroidBackgroundService/AndroidBackgroundService.uplugin" 414
"../../../Engine/Plugins/Runtime/AndroidMoviePlayer/AndroidMoviePlayer.uplugin" 415
"../../../Engine/Plugins/Runtime/AppleImageUtils/AppleImageUtils.uplugin" 416
"../../../Engine/Plugins/Runtime/ApexDestruction/ApexDestruction.uplugin" 417
"../../../Engine/Plugins/Runtime/ArchVisCharacter/ArchVisCharacter.uplugin" 418
"../../../Engine/Plugins/Runtime/AssetTags/AssetTags.uplugin" 419
"../../../Engine/Plugins/Runtime/AndroidPermission/AndroidPermission.uplugin" 420
"../../../Engine/Plugins/Online/SocketSubsystemEOS/SocketSubsystemEOS.uplugin" 421
"../../../Engine/Plugins/Runtime/AnimationBudgetAllocator/AnimationBudgetAllocator.uplugin" 422
"../../../Engine/Plugins/Runtime/AudioCapture/AudioCapture.uplugin" 423
"../../../Engine/Plugins/Runtime/AudioSynesthesia/AudioSynesthesia.uplugin" 424
"../../../Engine/Plugins/Runtime/AudioModulation/AudioModulation.uplugin" 425
"../../../Engine/Plugins/Runtime/AudioWidgets/AudioWidgets.uplugin" 426
"../../../Engine/Plugins/Runtime/ChunkDownloader/ChunkDownloader.uplugin" 427
"../../../Engine/Plugins/Runtime/CommonUI/CommonUI.uplugin" 428
"../../../Engine/Plugins/Runtime/CableComponent/CableComponent.uplugin" 429
"../../../Engine/Plugins/Runtime/DataRegistry/DataRegistry.uplugin" 430
"../../../Engine/Plugins/Runtime/AppleMoviePlayer/AppleMoviePlayer.uplugin" 431
"../../../Engine/Plugins/Runtime/ComputeFramework/ComputeFramework.uplugin" 432
"../../../Engine/Plugins/Runtime/ExampleDeviceProfileSelector/ExampleDeviceProfileSelector.uplugin" 433
"../../../Engine/Plugins/Runtime/Firebase/Firebase.uplugin" 434
"../../../Engine/Plugins/Runtime/CustomMeshComponent/CustomMeshComponent.uplugin" 435
"../../../Engine/Plugins/Runtime/GameplayAbilities/GameplayAbilities.uplugin" 436
"../../../Engine/Plugins/Runtime/GameplayInteractions/GameplayInteractions.uplugin" 437
"../../../Engine/Plugins/Runtime/GameInput/GameInput.uplugin" 438
"../../../Engine/Plugins/Runtime/GeometryCache/GeometryCache.uplugin" 439
"../../../Engine/Plugins/Runtime/GameplayStateTree/GameplayStateTree.uplugin" 440
"../../../Engine/Plugins/Runtime/GeometryScripting/GeometryScripting.uplugin" 441
"../../../Engine/Plugins/Runtime/AndroidFileServer/AndroidFileServer.uplugin" 442
"../../../Engine/Plugins/Runtime/GeometryProcessing/GeometryProcessing.uplugin" 443
"../../../Engine/Plugins/Runtime/GeoReferencing/GeoReferencing.uplugin" 444
"../../../Engine/Plugins/Runtime/GoogleCloudMessaging/GoogleCloudMessaging.uplugin" 445
"../../../Engine/Plugins/Runtime/GooglePAD/GooglePAD.uplugin" 446
"../../../Engine/Plugins/Runtime/Harmonix/Harmonix.uplugin" 447
"../../../Engine/Plugins/Runtime/HPMotionController/HPMotionController.uplugin" 448
"../../../Engine/Plugins/Runtime/HairStrands/HairStrands.uplugin" 449
"../../../Engine/Plugins/Enterprise/VariantManagerContent/VariantManagerContent.uplugin" 450
"../../../Engine/Plugins/Runtime/HTTPChunkInstaller/HTTPChunkInstaller.uplugin" 451
"../../../Engine/Plugins/Runtime/IOSDeviceProfileSelector/IOSDeviceProfileSelector.uplugin" 452
"../../../Engine/Plugins/Runtime/InstancedActors/InstancedActors.uplugin" 453
"../../../Engine/Plugins/Runtime/InputDebugging/InputDebugging.uplugin" 454
"../../../Engine/Plugins/Runtime/IOSReplayKit/IOSReplayKit.uplugin" 455
"../../../Engine/Plugins/Runtime/LinuxDeviceProfileSelector/LinuxDeviceProfileSelector.uplugin" 456
"../../../Engine/Plugins/Runtime/LocationServicesAndroidImpl/LocationServicesAndroidImpl.uplugin" 457
"../../../Engine/Plugins/Runtime/LevelStreamingPersistence/LevelStreamingPersistence.uplugin" 458
"../../../Engine/Plugins/Runtime/GameFeatures/GameFeatures.uplugin" 459
"../../../Engine/Plugins/Runtime/LocationServicesBPLibrary/LocationServicesBPLibrary.uplugin" 460
"../../../Engine/Plugins/Runtime/AndroidDeviceProfileSelector/AndroidDeviceProfileSelector.uplugin" 461
"../../../Engine/Plugins/Runtime/LocationServicesIOSImpl/LocationServicesIOSImpl.uplugin" 462
"../../../Engine/Plugins/Runtime/MassEntity/MassEntity.uplugin" 463
"../../../Engine/Plugins/Runtime/Metasound/Metasound.uplugin" 464
"../../../Engine/Plugins/Runtime/MIDIDevice/MIDIDevice.uplugin" 465
"../../../Engine/Plugins/Runtime/MobileFSR/MobileFSR.uplugin" 466
"../../../Engine/Plugins/Runtime/MixedRealityCaptureFramework/MixedRealityCaptureFramework.uplugin" 467
"../../../Engine/Plugins/Runtime/MobilePatchingUtils/MobilePatchingUtils.uplugin" 468
"../../../Engine/Plugins/Runtime/ModelViewViewModel/ModelViewViewModel.uplugin" 469
"../../../Engine/Plugins/Runtime/MeshModelingToolset/MeshModelingToolset.uplugin" 470
"../../../Engine/Plugins/Runtime/ModularGameplay/ModularGameplay.uplugin" 471
"../../../Engine/Plugins/Runtime/MsQuic/MsQuic.uplugin" 472
"../../../Engine/Plugins/Runtime/MultiServerReplication/MultiServerReplication.uplugin" 473
"../../../Engine/Plugins/Runtime/MusicEnvironment/MusicEnvironment.uplugin" 474
"../../../Engine/Plugins/Runtime/NavCorridor/NavCorridor.uplugin" 475
"../../../Engine/Plugins/Runtime/MicrosoftSpatialAudio/MicroSoftSpatialSound.uplugin" 476
"../../../Engine/Plugins/Runtime/nDisplayModularFeatures/nDisplayModularFeatures.uplugin" 477
"../../../Engine/Plugins/Runtime/nDisplay/nDisplay.uplugin" 478
"../../../Engine/Plugins/Runtime/NetworkPrediction/NetworkPrediction.uplugin" 479
"../../../Engine/Plugins/Runtime/NetworkPredictionExtras/NetworkPredictionExtras.uplugin" 480
"../../../Engine/Plugins/Runtime/NetworkPredictionInsights/NetworkPredictionInsights.uplugin" 481
"../../../Engine/Plugins/Runtime/HDRIBackdrop/HDRIBackdrop.uplugin" 482
"../../../Engine/Plugins/Runtime/OpenXR/OpenXR.uplugin" 483
"../../../Engine/Plugins/Runtime/OpenXRHandTracking/OpenXRHandTracking.uplugin" 484
"../../../Engine/Plugins/Runtime/OpenXREyeTracker/OpenXREyeTracker.uplugin" 485
"../../../Engine/Plugins/Runtime/OpenXRViveTracker/OpenXRViveTracker.uplugin" 486
"../../../Engine/Plugins/Runtime/OptionalMobileFeaturesBPLibrary/OptionalMobileFeaturesBPLibrary.uplugin" 487
"../../../Engine/Plugins/Runtime/AudioMotorSim/AudioMotorSim.uplugin" 488
"../../../Engine/Plugins/Runtime/OSC/OSC.uplugin" 489
"../../../Engine/Plugins/Runtime/MassGameplay/MassGameplay.uplugin" 490
"../../../Engine/Plugins/Runtime/OpenXRMsftHandInteraction/OpenXRMsftHandInteraction.uplugin" 491
"../../../Engine/Plugins/Runtime/GameplayBehaviorSmartObjects/GameplayBehaviorSmartObjects.uplugin" 492
"../../../Engine/Plugins/Runtime/PropertyAccess/PropertyAccessEditor.uplugin" 493
"../../../Engine/Plugins/Runtime/RenderTrace/RenderTrace.uplugin" 494
"../../../Engine/Plugins/Runtime/LiveLinkOvernDisplay/LiveLinkOverNDisplay.uplugin" 495
"../../../Engine/Plugins/Runtime/ResonanceAudio/ResonanceAudio.uplugin" 496
"../../../Engine/Plugins/Runtime/ReplicationSystemTestPlugin/ReplicationSystemTestPlugin.uplugin" 497
"../../../Engine/Plugins/Runtime/ReplicationGraph/ReplicationGraph.uplugin" 498
"../../../Engine/Plugins/Runtime/PreLoadScreenMoviePlayer/PreLoadScreenMoviePlayer.uplugin" 499
"../../../Engine/Plugins/Runtime/ProceduralMeshComponent/ProceduralMeshComponent.uplugin" 500
"../../../Engine/Plugins/Runtime/OpenCV/OpenCV.uplugin" 501
"../../../Engine/Plugins/Runtime/PropertyBindingUtils/PropertyBindingUtils.uplugin" 502
"../../../Engine/Plugins/Runtime/RigVM/RigVM.uplugin" 503
"../../../Engine/Plugins/Runtime/ScriptableToolsFramework/ScriptableToolsFramework.uplugin" 504
"../../../Engine/Plugins/Runtime/SoundCueTemplates/SoundCueTemplates.uplugin" 505
"../../../Engine/Plugins/Runtime/SignificanceManager/SignificanceManager.uplugin" 506
"../../../Engine/Plugins/Runtime/SkeletalMerging/SkeletalMerging.uplugin" 507
"../../../Engine/Plugins/Runtime/SoundUtilities/SoundUtilities.uplugin" 508
"../../../Engine/Plugins/Runtime/SoundMod/SoundMod.uplugin" 509
"../../../Engine/Plugins/Runtime/Soundscape/Soundscape.uplugin" 510
"../../../Engine/Plugins/Runtime/Spatialization/Spatialization.uplugin" 511
"../../../Engine/Plugins/Runtime/Synthesis/Synthesis.uplugin" 512
"../../../Engine/Plugins/Runtime/SunPosition/SunPosition.uplugin" 513
"../../../Engine/Plugins/Runtime/USDCore/USDCore.uplugin" 514
"../../../Engine/Plugins/Runtime/WaveTable/WaveTable.uplugin" 515
"../../../Engine/Plugins/Runtime/StateTree/StateTree.uplugin" 516
"../../../Engine/Plugins/Runtime/WarpUtils/WarpUtils.uplugin" 517
"../../../Engine/Plugins/Runtime/WebBrowserWidget/WebBrowserWidget.uplugin" 518
"../../../Engine/Plugins/Runtime/WebMMoviePlayer/WebMMoviePlayer.uplugin" 519
"../../../Engine/Plugins/Runtime/WindowsMoviePlayer/WindowsMoviePlayer.uplugin" 520
"../../../Engine/Plugins/Runtime/WorldConditions/WorldConditions.uplugin" 521
"../../../Engine/Plugins/Runtime/XRBase/XRBase.uplugin" 522
"../../../Engine/Plugins/Runtime/WindowsDeviceProfileSelector/WindowsDeviceProfileSelector.uplugin" 523
"../../../Engine/Plugins/Runtime/ZoneGraphAnnotations/ZoneGraphAnnotations.uplugin" 524
"../../../Engine/Plugins/Runtime/ZoneGraph/ZoneGraph.uplugin" 525
"../../../Engine/Plugins/VirtualProduction/ActorModifierCore/ActorModifierCore.uplugin" 526
"../../../Engine/Plugins/VirtualProduction/ActorModifier/ActorModifier.uplugin" 527
"../../../Engine/Plugins/Runtime/SmartObjects/SmartObjects.uplugin" 528
"../../../Engine/Plugins/VirtualProduction/CameraCalibration/CameraCalibration.uplugin" 529
"../../../Engine/Plugins/VirtualProduction/CameraCalibrationCore/CameraCalibrationCore.uplugin" 530
"../../../Engine/Plugins/VirtualProduction/CaptureData/CaptureData.uplugin" 531
"../../../Engine/Plugins/VirtualProduction/CameraCalibrationML/CameraCalibrationML.uplugin" 532
"../../../Engine/Plugins/VirtualProduction/ClonerEffector/ClonerEffector.uplugin" 533
"../../../Engine/Plugins/VirtualProduction/CompositePlane/CompositePlane.uplugin" 534
"../../../Engine/Plugins/VirtualProduction/CinematicAssemblyTools/CinematicAssemblyTools.uplugin" 535
"../../../Engine/Plugins/VirtualProduction/CustomDetailsView/CustomDetailsView.uplugin" 536
"../../../Engine/Plugins/VirtualProduction/DataCharts/DataCharts.uplugin" 537
"../../../Engine/Plugins/Runtime/WebBrowserNativeProxy/WebBrowserNativeProxy.uplugin" 538
"../../../Engine/Plugins/VirtualProduction/GeometryMask/GeometryMask.uplugin" 539
"../../../Engine/Plugins/VirtualProduction/DynamicMaterial/DynamicMaterial.uplugin" 540
"../../../Engine/Plugins/VirtualProduction/EpicStageApp/EpicStageApp.uplugin" 541
"../../../Engine/Plugins/VirtualProduction/ICVFX/ICVFX.uplugin" 542
"../../../Engine/Plugins/VirtualProduction/ICVFXTesting/ICVFXTesting.uplugin" 543
"../../../Engine/Plugins/VirtualProduction/Avalanche/Avalanche.uplugin" 544
"../../../Engine/Plugins/VirtualProduction/LiveLinkFreeD/LiveLinkFreeD.uplugin" 545
"../../../Engine/Plugins/VirtualProduction/LevelSnapshots/LevelSnapshots.uplugin" 546
"../../../Engine/Plugins/VirtualProduction/LiveLinkCamera/LiveLinkCamera.uplugin" 547
"../../../Engine/Plugins/VirtualProduction/LiveLinkInputDevice/LiveLinkInputDevice.uplugin" 548
"../../../Engine/Plugins/VirtualProduction/LiveLinkLens/LiveLinkLens.uplugin" 549
"../../../Engine/Plugins/VirtualProduction/LiveLinkMasterLockit/LiveLinkMasterLockit.uplugin" 550
"../../../Engine/Plugins/VirtualProduction/LiveLinkOpenTrackIO/LiveLinkOpenTrackIO.uplugin" 551
"../../../Engine/Plugins/VirtualProduction/LiveLinkXR/LiveLinkXR.uplugin" 552
"../../../Engine/Plugins/VirtualProduction/LiveLinkPrestonMDR/LiveLinkPrestonMDR.uplugin" 553
"../../../Engine/Plugins/VirtualProduction/MultiUserTakes/MultiUserTakes.uplugin" 554
"../../../Engine/Plugins/VirtualProduction/LiveLinkVRPN/LiveLinkVRPN.uplugin" 555
"../../../Engine/Plugins/VirtualProduction/OperatorStack/OperatorStack.uplugin" 556
"../../../Engine/Plugins/VirtualProduction/PropertyAnimator/PropertyAnimator.uplugin" 557
"../../../Engine/Plugins/VirtualProduction/PerformanceCaptureWorkflow/PerformanceCaptureWorkflow.uplugin" 558
"../../../Engine/Plugins/VirtualProduction/PropertyAnimatorCore/PropertyAnimatorCore.uplugin" 559
"../../../Engine/Plugins/VirtualProduction/RemoteControl/RemoteControl.uplugin" 560
"../../../Engine/Plugins/VirtualProduction/RemoteControlProtocolDMX/RemoteControlProtocolDMX.uplugin" 561
"../../../Engine/Plugins/VirtualProduction/RemoteControlProtocolMIDI/RemoteControlProtocolMIDI.uplugin" 562
"../../../Engine/Plugins/VirtualProduction/RemoteControlInterception/RemoteControlInterception.uplugin" 563
"../../../Engine/Plugins/VirtualProduction/RemoteControlProtocolOSC/RemoteControlProtocolOSC.uplugin" 564
"../../../Engine/Plugins/VirtualProduction/RemoteControlWebInterface/RemoteControlWebInterface.uplugin" 565
"../../../Engine/Plugins/VirtualProduction/SequencerPlaylists/SequencerPlaylists.uplugin" 566
"../../../Engine/Plugins/VirtualProduction/StormSync/StormSync.uplugin" 567
"../../../Engine/Plugins/VirtualProduction/StageMonitoring/StageMonitoring.uplugin" 568
"../../../Engine/Plugins/VirtualProduction/StormSyncAvalancheBridge/StormSyncAvalancheBridge.uplugin" 569
"../../../Engine/Plugins/VirtualProduction/Switchboard/Switchboard.uplugin" 570
"../../../Engine/Plugins/VirtualProduction/Takes/Takes.uplugin" 571
"../../../Engine/Plugins/VirtualProduction/TextureShare/TextureShare.uplugin" 572
"../../../Engine/Plugins/VirtualProduction/TimedDataMonitor/TimedDataMonitor.uplugin" 573
"../../../Engine/Plugins/VirtualProduction/VirtualCamera/VirtualCamera.uplugin" 574
"../../../Engine/Plugins/VirtualProduction/VirtualCameraCore/VirtualCameraCore.uplugin" 575
"../../../Engine/Plugins/VirtualProduction/VirtualScouting/VirtualScouting.uplugin" 576
"../../../Engine/Plugins/Cameras/CameraShakePreviewer/CameraShakePreviewer.uplugin" 577
"../../../Engine/Plugins/Cameras/GameplayCameras/GameplayCameras.uplugin" 578
"../../../Engine/Plugins/Cameras/EngineCameras/EngineCameras.uplugin" 579
"../../../Engine/Plugins/VirtualProduction/LensComponent/LensComponent.uplugin" 580
"../../../Engine/Plugins/Developer/DirectoryPlaceholder/DirectoryPlaceholder.uplugin" 581
"../../../Engine/Plugins/2D/Paper2D/Paper2D.uplugin" 582
"../../../Engine/Plugins/Developer/BlankPlugin/BlankPlugin.uplugin" 583
"../../../Engine/Plugins/Developer/AnimationSharing/AnimationSharing.uplugin" 584
"../../../Engine/Plugins/Runtime/SoundFields/SoundFields.uplugin" 585
"../../../Engine/Plugins/Developer/CodeLiteSourceCodeAccess/CodeLiteSourceCodeAccess.uplugin" 586
"../../../Engine/Plugins/Developer/FieldNotificationTrace/FieldNotificationTrace.uplugin" 587
"../../../Engine/Plugins/Developer/KDevelopSourceCodeAccess/KDevelopSourceCodeAccess.uplugin" 588
"../../../Engine/Plugins/Developer/NamingTokens/NamingTokens.uplugin" 589
"../../../Engine/Plugins/Developer/N10XSourceCodeAccess/N10XSourceCodeAccess.uplugin" 590
"../../../Engine/Plugins/Developer/DumpGPUServices/DumpGPUServices.uplugin" 591
"../../../Engine/Plugins/Developer/PixWinPlugin/PixWinPlugin.uplugin" 592
"../../../Engine/Plugins/Developer/PlasticSourceControl/PlasticSourceControl.uplugin" 593
"../../../Engine/Plugins/Developer/GitSourceControl/GitSourceControl.uplugin" 594
"../../../Engine/Plugins/Developer/ProjectLauncher/ProjectLauncher.uplugin" 595
"../../../Engine/Plugins/Developer/PerforceSourceControl/PerforceSourceControl.uplugin" 596
"../../../Engine/Plugins/Developer/NullSourceCodeAccess/NullSourceCodeAccess.uplugin" 597
"../../../Engine/Plugins/Developer/PropertyAccessNode/PropertyAccessNode.uplugin" 598
"../../../Engine/Plugins/Developer/SubversionSourceControl/SubversionSourceControl.uplugin" 599
"../../../Engine/Plugins/Developer/RiderSourceCodeAccess/RiderSourceCodeAccess.uplugin" 600
"../../../Engine/Plugins/Developer/TextureFormatOodle/TextureFormatOodle.uplugin" 601
"../../../Engine/Plugins/Developer/RenderDocPlugin/RenderDocPlugin.uplugin" 602
"../../../Engine/Plugins/Importers/AlembicHairImporter/AlembicHairImporter.uplugin" 603
"../../../Engine/Plugins/Developer/TraceDataFiltering/TraceDataFilters.uplugin" 604
"../../../Engine/Plugins/Developer/XCodeSourceCodeAccess/XCodeSourceCodeAccess.uplugin" 605
"../../../Engine/Plugins/Developer/VisualStudioSourceCodeAccess/VisualStudioSourceCodeAccess.uplugin" 606
"../../../Engine/Plugins/Developer/OneSkyLocalizationService/OneSkyLocalizationService.uplugin" 607
"../../../Engine/Plugins/Developer/XcodeGPUDebuggerPlugin/XcodeGPUDebuggerPlugin.uplugin" 608
"../../../Engine/Plugins/Developer/VisualStudioCodeSourceCodeAccess/VisualStudioCodeSourceCodeAccess.uplugin" 609
"../../../Engine/Plugins/Developer/CLionSourceCodeAccess/CLionSourceCodeAccess.uplugin" 610
"../../../Engine/Plugins/Importers/USDImporter/USDImporter.uplugin" 611
"../../../Engine/Plugins/Importers/USDMultiUser/USDMultiUser.uplugin" 612
"../../../Engine/Plugins/Developer/UObjectPlugin/UObjectPlugin.uplugin" 613
"../../../Engine/Plugins/Developer/TraceSourceFiltering/TraceSourceFilters.uplugin" 614
"../../../Engine/Plugins/MovieScene/LevelSequenceEditor/LevelSequenceEditor.uplugin" 615
"../../../Engine/Plugins/MovieScene/CustomizableSequencerTracks/CustomizableSequencerTracks.uplugin" 616
"../../../Engine/Plugins/MovieScene/MovieRenderPipeline/MovieRenderPipeline.uplugin" 617
"../../../Engine/Plugins/MovieScene/MovieSceneTextTrack/MovieSceneTextTrack.uplugin" 618
"../../../Engine/Plugins/MovieScene/ReplayTracks/ReplayTracks.uplugin" 619
"../../../Engine/Plugins/MovieScene/SequencerScripting/SequencerScripting.uplugin" 620
"../../../Engine/Plugins/MovieScene/TemplateSequence/TemplateSequence.uplugin" 621
"../../../Engine/Plugins/NNE/NNEDenoiser/NNEDenoiser.uplugin" 622
"../../../Engine/Plugins/Performance/AutomatedPerfTesting/AutomatedPerfTesting.uplugin" 623
"../../../Engine/Plugins/NNE/NNERuntimeORT/NNERuntimeORT.uplugin" 624
"../../../Engine/Plugins/Performance/PerformanceMonitor/PerformanceMonitor.uplugin" 625
"../../../Engine/Plugins/MovieScene/MoviePipelineMaskRenderPass/MoviePipelineMaskRenderPass.uplugin" 626
"../../../Engine/Plugins/Editor/Localization/PortableObjectFileDataSource/PortableObjectFileDataSource.uplugin" 627
"../../../Engine/Plugins/Experimental/AVCodecs/AMFCodecs/AMFCodecs.uplugin" 628
"../../../Engine/Plugins/Experimental/AVCodecs/LibVpxCodecs/LibVpxCodecs.uplugin" 629
"../../../Engine/Plugins/Experimental/AVCodecs/AVCodecsCore/AVCodecsCore.uplugin" 630
"../../../Engine/Plugins/Experimental/AVCodecs/NVCodecs/NVCodecs.uplugin" 631
"../../../Engine/Plugins/Experimental/AVCodecs/WMFCodecs/WMFCodecs.uplugin" 632
"../../../Engine/Plugins/Experimental/AVCodecs/VTCodecs/VTCodecs.uplugin" 633
"../../../Engine/Plugins/Runtime/Database/ADOSupport/ADOSupport.uplugin" 634
"../../../Engine/Plugins/Importers/USDImporterMDL/USDImporterMDL.uplugin" 635
"../../../Engine/Plugins/Runtime/Database/DatabaseSupport/DatabaseSupport.uplugin" 636
"../../../Engine/Plugins/Runtime/MeshReconstruction/DummyMeshReconstructor/DummyMeshReconstructor.uplugin" 637
"../../../Engine/Plugins/MovieScene/ActorSequence/ActorSequence.uplugin" 638
"../../../Engine/Plugins/Runtime/Database/SQLiteSupport/SQLiteSupport.uplugin" 639
"../../../Engine/Plugins/VirtualProduction/DMX/DMXControlConsole/DMXControlConsole.uplugin" 640
"../../../Engine/Plugins/VirtualProduction/DMX/DatasmithMVR/DatasmithMVR.uplugin" 641
"../../../Engine/Plugins/VirtualProduction/DMX/DMXGDTF/DMXGDTF.uplugin" 642
"../../../Engine/Plugins/Developer/PluginUtils/PluginUtils.uplugin" 643
"../../../Engine/Plugins/VirtualProduction/DMX/DMXDisplayCluster/DMXDisplayCluster.uplugin" 644
"../../../Engine/Plugins/VirtualProduction/DMX/DMXEngine/DMXEngine.uplugin" 645
"../../../Engine/Plugins/VirtualProduction/DMX/DMXFixtures/DMXFixtures.uplugin" 646
"../../../Engine/Plugins/VirtualProduction/DMX/DMXModularFeatures/DMXModularFeatures.uplugin" 647
"../../../Engine/Plugins/Runtime/Database/SQLiteCore/SQLiteCore.uplugin" 648
"../../../Engine/Plugins/VirtualProduction/DMX/DMXProtocol/DMXProtocol.uplugin" 649
"../../../Engine/Plugins/Experimental/Animation/ContextualAnimation/ContextualAnimation.uplugin" 650
"../../../Engine/Plugins/VirtualProduction/DMX/DMXPixelMapping/DMXPixelMapping.uplugin" 651
"../../../Engine/Plugins/Experimental/Animation/HierarchyTable/HierarchyTable.uplugin" 652
"../../../Engine/Plugins/Experimental/Animation/HierarchyTableAnimation/HierarchyTableAnimation.uplugin" 653
"../../../Engine/Plugins/Experimental/Animation/Locomotor/Locomotor.uplugin" 654
"../../../Engine/Plugins/Experimental/Animation/MotionTrajectory/MotionTrajectory.uplugin" 655
"../../../Engine/Plugins/Experimental/Animation/RigMapper/RigMapper.uplugin" 656
"../../../Engine/Plugins/Experimental/Animation/PackedAttributes/PackedAttributes.uplugin" 657
"../../../Engine/Plugins/Runtime/Database/RemoteDatabaseSupport/RemoteDatabaseSupport.uplugin" 658
"../../../Engine/Plugins/Experimental/Animation/SkeletalMeshMorphTargetEditingTools/SkeletalMeshMorphTargetEditingTools.uplugin" 659
"../../../Engine/Plugins/Experimental/Animation/SkeletonTemplateFramework/SkeletonTemplateFramework.uplugin" 660
"../../../Engine/Plugins/Experimental/Animation/Optimus/Optimus.uplugin" 661
"../../../Engine/Plugins/Experimental/Animation/TrajectoryTools/TrajectoryTools.uplugin" 662
"../../../Engine/Plugins/Online/IOS/OnlineSubsystemIOS/OnlineSubsystemIOS.uplugin" 663
"../../../Engine/Plugins/Experimental/MetaHuman/MetaHumanRuntime/MetaHumanRuntime.uplugin" 664
"../../../Engine/Plugins/Experimental/Web/WebAPI/WebAPI.uplugin" 665
"../../../Engine/Plugins/Experimental/Compositing/HoldoutComposite/HoldoutComposite.uplugin" 666
"../../../Engine/Plugins/Experimental/Enterprise/DatasmithInterchange/DatasmithInterchange.uplugin" 667
"../../../Engine/Plugins/Experimental/Enterprise/DatasmithRuntime/DatasmithRuntime.uplugin" 668
"../../../Engine/Plugins/Experimental/Enterprise/DataprepGeometryOperations/DataprepGeometryOperations.uplugin" 669
"../../../Engine/Plugins/Animation/MLDeformer/ChaosFleshGenerator/ChaosFleshGenerator.uplugin" 670
"../../../Engine/Plugins/Animation/MLDeformer/ChaosClothGenerator/ChaosClothGenerator.uplugin" 671
"../../../Engine/Plugins/Animation/MLDeformer/MLDeformerFramework/MLDeformerFramework.uplugin" 672
"../../../Engine/Plugins/Animation/MLDeformer/NeuralMorphModel/NeuralMorphModel.uplugin" 673
"../../../Engine/Plugins/Animation/MLDeformer/VertexDeltaModel/VertexDeltaModel.uplugin" 674
"../../../Engine/Plugins/Editor/ObjectMixer/LightMixer/LightMixer.uplugin" 675
"../../../Engine/Plugins/Experimental/Animation/CurveExpression/CurveExpression.uplugin" 676
"../../../Engine/Plugins/Experimental/CharacterFXEditor/BaseCharacterFXEditor/BaseCharacterFXEditor.uplugin" 677
"../../../Engine/Plugins/Experimental/PCGInterops/PCGInstancedActorsInterop/PCGInstancedActorsInterop.uplugin" 678
"../../../Engine/Plugins/Importers/AlembicImporter/AlembicImporter.uplugin" 679
"../../../Engine/Plugins/Editor/ObjectMixer/ObjectMixer/ObjectMixer.uplugin" 680
"../../../Engine/Plugins/Experimental/CharacterFXEditor/ExampleCharacterFXEditor/ExampleCharacterFXEditor.uplugin" 681
"../../../Engine/Plugins/Experimental/PCGInterops/PCGNiagaraInterop/PCGNiagaraInterop.uplugin" 682
"../../../Engine/Plugins/Runtime/Advertising/IOSTapJoy/IOSTapJoy.uplugin" 683
"../../../Engine/Plugins/VirtualProduction/CaptureManager/CaptureManagerApp/CaptureManagerApp.uplugin" 684
"../../../Engine/Plugins/VirtualProduction/CaptureManager/CaptureManagerCore/CaptureManagerCore.uplugin" 685
"../../../Engine/Plugins/VirtualProduction/CaptureManager/CaptureManagerEditor/CaptureManagerEditor.uplugin" 686
"../../../Engine/Plugins/Experimental/PCGInterops/PCGWaterInterop/PCGWaterInterop.uplugin" 687
"../../../Engine/Plugins/Experimental/VirtualProduction/VPRoles/VPRoles.uplugin" 688
"../../../Engine/Plugins/Experimental/VirtualProduction/VPSettings/VPSettings.uplugin" 689
"../../../Engine/Plugins/Experimental/VirtualProduction/LedWallCalibration/LedWallCalibration.uplugin" 690
"../../../Engine/Plugins/Online/Android/OnlineSubsystemGooglePlay/OnlineSubsystemGooglePlay.uplugin" 691
"../../../Engine/Plugins/Experimental/Compositing/CompositeCore/CompositeCore.uplugin" 692
"../../../Engine/Plugins/Interchange/Extensions/OpenUSD/InterchangeOpenUSD.uplugin" 693
"../../../Engine/Plugins/Interchange/Extensions/OpenVDB/InterchangeOpenVDB.uplugin" 694
"../../../Engine/Plugins/Runtime/Analytics/FileLogging/FileLogging.uplugin" 695
"../../../Engine/Plugins/Runtime/Analytics/AnalyticsMulticast/AnalyticsMulticast.uplugin" 696
"../../../Engine/Plugins/Runtime/Nvidia/GeForceNOWWrapper/GeForceNOWWrapper.uplugin" 697
"../../../Engine/Plugins/Online/VoiceChat/EOSVoiceChat/EOSVoiceChat.uplugin" 698
"../../../Engine/Plugins/Runtime/AR/ARUtilities/ARUtilities.uplugin" 699
"../../../Engine/Plugins/Runtime/XR/XRVisualization/XRVisualization.uplugin" 700
"../../../Engine/Plugins/Runtime/XR/XRScribe/XRScribe.uplugin" 701
"../../../Engine/Plugins/Runtime/Analytics/AnalyticsBlueprintLibrary/AnalyticsBlueprintLibrary.uplugin" 702
"../../../Engine/Plugins/VirtualProduction/Rivermax/RivermaxMedia/RivermaxMedia.uplugin" 703
"../../../Engine/Plugins/VirtualProduction/Rivermax/RivermaxCore/RivermaxCore.uplugin" 704
"../../../Engine/Plugins/Runtime/Nvidia/Reflex/Reflex.uplugin" 705
"../../../Engine/Plugins/VirtualProduction/Rivermax/RivermaxSync/RivermaxSync.uplugin" 706
"../../../Engine/Plugins/Runtime/PacketHandlers/AESGCMHandlerComponent/AESGCMHandlerComponent.uplugin" 707
"../../../Engine/Plugins/VirtualProduction/CaptureManager/CaptureManagerDevices/CaptureManagerDevices.uplugin" 708
"../../../Engine/Plugins/Runtime/PacketHandlers/AESHandlerComponent/AESHandlerComponent.uplugin" 709
"../../../Engine/Plugins/Runtime/Steam/SteamController/SteamController.uplugin" 710
"../../../Engine/Plugins/Runtime/PacketHandlers/DTLSHandlerComponent/DTLSHandlerComponent.uplugin" 711
"../../../Engine/Plugins/Runtime/Steam/SteamShared/SteamShared.uplugin" 712
"../../../Engine/Plugins/Runtime/Steam/SteamSockets/SteamSockets.uplugin" 713
"../../../Engine/Plugins/Runtime/Steam/SteamAudio/SteamAudio.uplugin" 714
"../../../Engine/Plugins/Online/VoiceChat/VoiceChat/VoiceChat.uplugin" 715
"../../../Engine/Plugins/Runtime/Analytics/Adjust/Adjust.uplugin" 716
"../../../Engine/Plugins/Editor/ContentBrowser/ContentBrowserAssetDataSource/ContentBrowserAssetDataSource.uplugin" 717
"../../../Engine/Plugins/Editor/ContentBrowser/ContentBrowserAliasDataSource/ContentBrowserAliasDataSource.uplugin" 718
"../../../Engine/Plugins/Editor/ContentBrowser/ContentBrowserClassDataSource/ContentBrowserClassDataSource.uplugin" 719
"../../../Engine/Plugins/Runtime/Windows/WinDualShock/WinDualShock.uplugin" 720
"../../../Engine/Plugins/Editor/ContentBrowser/ContentBrowserFileDataSource/ContentBrowserFileDataSource.uplugin" 721
"../../../Engine/Plugins/Runtime/Windows/XInputDevice/XInputDevice.uplugin" 722
"../../../Engine/Plugins/Animation/MLDeformer/NearestNeighborModel/NearestNeighborModel.uplugin" 723
"../../../Engine/Plugins/Developer/Concert/ConcertSync/ConcertSyncClient/ConcertSyncClient.uplugin" 724
"../../../Engine/Plugins/Developer/Concert/ConcertSync/ConcertSyncCore/ConcertSyncCore.uplugin" 725
"../../../Engine/Plugins/Developer/Concert/ConcertApp/DisasterRecoveryClient/DisasterRecoveryClient.uplugin" 726
"../../../Engine/Plugins/Developer/Concert/ConcertSync/ConcertSyncServer/ConcertSyncServer.uplugin" 727
"../../../Engine/Plugins/Developer/Concert/ConcertApp/MultiUserServer/MultiUserServer.uplugin" 728
"../../../Engine/Plugins/Experimental/Animation/MLDeformer/DetailPoseModel/DetailPoseModel.uplugin" 729
"../../../Engine/Plugins/Runtime/AR/Google/GoogleARCore/GoogleARCore.uplugin" 730
"../../../Engine/Plugins/Runtime/AR/Google/GoogleARCoreServices/GoogleARCoreServices.uplugin" 731
"../../../Engine/Plugins/Developer/Concert/ConcertInsights/ConcertInsightsCore/ConcertInsightsCore.uplugin" 732
"../../../Engine/Plugins/Online/Android/AndroidFetchBackgroundDownload/AndroidFetchBackgroundDownload.uplugin" 733
"../../../Engine/Plugins/Developer/Concert/ConcertInsights/ConcertInsightsServer/ConcertInsightsServer.uplugin" 734
"../../../Engine/Plugins/Developer/Concert/ConcertUI/ConcertClientSharedSlate/ConcertClientSharedSlate.uplugin" 735
"../../../Engine/Plugins/Developer/Concert/ConcertUI/ConcertSharedSlate/ConcertSharedSlate.uplugin" 736
"../../../Engine/Plugins/Runtime/AR/AppleAR/AppleARKit/AppleARKit.uplugin" 737
"../../../Engine/Plugins/Runtime/AR/AppleAR/AppleARKitFaceSupport/AppleARKitFaceSupport.uplugin" 738
"../../../Engine/Plugins/Developer/Concert/ConcertApp/MultiUserClient/MultiUserClient.uplugin" 739
"../../../Engine/Plugins/Developer/Concert/ConcertInsights/ConcertInsightsVisualizer/ConcertInsightsVisualizer.uplugin" 740
"../../../Engine/Plugins/Developer/Concert/ConcertScripting/ConcertReplicationScripting/ConcertReplicationScripting.uplugin" 741
"../../../Engine/Plugins/Developer/Concert/ConcertInsights/ConcertInsightsClient/ConcertInsightsClient.uplugin" 742
"../../../Engine/Plugins/Developer/Concert/ConcertSync/ConcertSyncTest/ConcertSyncTest.uplugin" 743
"../../../Engine/Plugins/Developer/Concert/ConcertMain/ConcertMain.uplugin" 744
"../../../Engine/Platforms/Android/Plugins/RigLogic/RigLogic_Android.uplugin" 745
"../../../Engine/Platforms/Android/Plugins/Animation/ACLPlugin/ACLPlugin_Android.uplugin" 746
"../../../Engine/Platforms/IOS/Plugins/RigLogic/RigLogic_IOS.uplugin" 747
"../../../Engine/Content/Internationalization/icudt64l/cnvalias.icu" 748
"../../../Engine/Content/Internationalization/icudt64l/res_index.res" 749
"../../../Engine/Content/Internationalization/icudt64l/plurals.res" 750
"../../../Engine/Content/Internationalization/icudt64l/lang/en_GB.res" 751
"../../../Engine/Content/Internationalization/icudt64l/lang/pool.res" 752
"../../../Engine/Content/Internationalization/icudt64l/lang/en_001.res" 753
"../../../Engine/Content/Internationalization/icudt64l/lang/en.res" 754
"../../../Engine/Content/Internationalization/icudt64l/lang/root.res" 755
"../../../Engine/Content/Internationalization/icudt64l/region/en_GB.res" 756
"../../../Engine/Content/Internationalization/icudt64l/region/pool.res" 757
"../../../Engine/Content/Internationalization/icudt64l/region/en.res" 758
"../../../Engine/Content/Internationalization/icudt64l/region/root.res" 759
"../../../Engine/Content/Internationalization/icudt64l/windowsZones.res" 760
"../../../Engine/Content/Internationalization/icudt64l/zoneinfo64.res" 761
"../../../Engine/Content/Internationalization/icudt64l/keyTypeData.res" 762
"../../../Engine/Content/Internationalization/icudt64l/timezoneTypes.res" 763
"../../../Engine/Content/Internationalization/icudt64l/likelySubtags.res" 764
"../../../Engine/Content/Internationalization/icudt64l/en_GB.res" 765
"../../../Engine/Content/Internationalization/icudt64l/pool.res" 766
"../../../Engine/Content/Internationalization/icudt64l/en_001.res" 767
"../../../Engine/Content/Internationalization/icudt64l/en.res" 768
"../../../Engine/Content/Internationalization/icudt64l/root.res" 769
"../../../Engine/Content/Internationalization/icudt64l/supplementalData.res" 770
"../../../Engine/Config/ConfigRedirects.ini" 771
"C:/Users/NDLinh/AppData/Local/UnrealEngine/5.6/Saved/Config/WindowsEditor/Manifest.ini" 772
"../../../Engine/Config/BaseEngine.ini" 773
"../../../Engine/Config/Windows/BaseWindowsEngine.ini" 774
"../../../../UE projects/rpg_project/Config/DefaultEngine.ini" 775
"../../../Engine/Config/BaseGame.ini" 776
"../../../../UE projects/rpg_project/Config/DefaultGame.ini" 777
"../../../Engine/Config/Windows/WindowsGame.ini" 778
"E:/Epic Games/UE projects/rpg_project/Saved/Config/WindowsEditor/Game.ini" 779
"../../../Engine/Config/BaseInput.ini" 780
"../../../Engine/Config/Windows/BaseWindowsInput.ini" 781
"../../../../UE projects/rpg_project/Config/DefaultInput.ini" 782
"../../../Engine/Config/Windows/WindowsInput.ini" 783
"../../../Engine/Config/BaseDeviceProfiles.ini" 784
"../../../Engine/Config/BaseGameUserSettings.ini" 785
"E:/Epic Games/UE projects/rpg_project/Saved/Config/WindowsEditor/GameUserSettings.ini" 786
"../../../Engine/Config/BaseScalability.ini" 787
"../../../Engine/Config/BaseRuntimeOptions.ini" 788
"../../../Engine/Config/BaseInstallBundle.ini" 789
"../../../Engine/Config/BaseHardware.ini" 790
"../../../../UE projects/rpg_project/Config/DefaultGameplayTags.ini" 791
"../../../Engine/Config/BaseCompat.ini" 792
"../../../Engine/Config/BaseLightmass.ini" 793
"../../../Engine/Config/BaseEditor.ini" 794
"../../../../UE projects/rpg_project/Config/DefaultEditor.ini" 795
"E:/Epic Games/UE projects/rpg_project/Saved/Config/WindowsEditor/Editor.ini" 796
"../../../Engine/Config/BaseMaterialExpressions.ini" 797
"../../../Engine/Config/BaseEditorPerProjectUserSettings.ini" 798
"../../../../UE projects/rpg_project/Config/DefaultEditorPerProjectUserSettings.ini" 799
"../../../Engine/Config/Windows/WindowsEditorPerProjectUserSettings.ini" 800
"E:/Epic Games/UE projects/rpg_project/Saved/Config/WindowsEditor/EditorPerProjectUserSettings.ini" 801
"../../../Engine/Config/BaseEditorSettings.ini" 802
"../../../Engine/Config/Windows/WindowsEditorSettings.ini" 803
"C:/Users/NDLinh/AppData/Local/UnrealEngine/5.6/Saved/Config/WindowsEditor/EditorSettings.ini" 804
"../../../Engine/Config/BaseEditorKeyBindings.ini" 805
"C:/Users/NDLinh/AppData/Local/UnrealEngine/5.6/Saved/Config/WindowsEditor/EditorLayout.ini" 806
"../../../../UE projects/rpg_project/Binaries/Win64/rpg_project.target" 807
"../../../Engine/Config/IOS/BaseIOSEngine.ini" 808
"../../../Engine/Config/Mac/BaseMacEngine.ini" 809
"../../../Engine/Config/TVOS/TVOSEngine.ini" 810
"../../../Engine/Config/Linux/BaseLinuxEngine.ini" 811
"../../../Engine/Config/Android/BaseAndroidEngine.ini" 812
"../../../Engine/Binaries/Win64/BootstrapPackagedGame-Win64-Shipping.target" 813
"../../../Engine/Binaries/Win64/BuildPatchTool-Win64-Shipping.target" 814
"../../../Engine/Binaries/Win64/CrashReportClient-Win64-Shipping.target" 815
"../../../Engine/Config/Android/AndroidEngine.ini" 816
"../../../Engine/Binaries/Win64/CrashReportClientEditor-Win64-Shipping.target" 817
"../../../Engine/Config/Unix/UnixEngine.ini" 818
"../../../Engine/Config/Linux/LinuxEngine.ini" 819
"../../../Engine/Config/Mac/MacGame.ini" 820
"../../../Engine/Binaries/Win64/DatasmithCADWorker.target" 821
"../../../Engine/Binaries/Win64/EpicWebHelper-Win64-Shipping.target" 822
"../../../Engine/Binaries/Win64/InterchangeWorker.target" 823
"../../../Engine/Binaries/Win64/LiveCodingConsole.target" 824
"../../../Engine/Binaries/Win64/LiveLinkHub.target" 825
"../../../Engine/Config/IOS/BaseIOSGame.ini" 826
"../../../Engine/Config/Mac/BaseMacInput.ini" 827
"../../../Engine/Config/IOS/IOSGame.ini" 828
"../../../Engine/Config/Android/BaseAndroidGame.ini" 829
"../../../Engine/Config/Linux/LinuxGame.ini" 830
"../../../Engine/Config/IOS/BaseIOSInput.ini" 831
"../../../Engine/Config/Android/BaseAndroidInput.ini" 832
"../../../Engine/Config/Android/AndroidScalability.ini" 833
"../../../Engine/Config/IOS/IOSScalability.ini" 834
"../../../Engine/Config/Android/BaseAndroidInstallBundle.ini" 835
"../../../Engine/Config/IOS/BaseIOSInstallBundle.ini" 836
"../../../Engine/Platforms/VisionOS/Config/BaseVisionOSEngine.ini" 837
"../../../Engine/Platforms/VisionOS/Config/VisionOSEngine.ini" 838
"../../../Engine/Binaries/Win64/ShaderCompileWorker.target" 839
"../../../Engine/Binaries/Win64/SwitchboardListener.target" 840
"../../../Engine/Binaries/Win64/SwitchboardListenerHelper.target" 841
"../../../Engine/Binaries/Win64/UnrealEditor-Win64-DebugGame.target" 842
"../../../Engine/Binaries/Win64/UnrealEditor.target" 843
"../../../Engine/Config/PluginBase.ini" 844
"../../../Engine/Plugins/ChaosVD/Config/DefaultChaosVD.ini" 845
"../../../Engine/Plugins/EnhancedInput/Config/BaseEnhancedInput.ini" 846
"../../../Engine/Plugins/Fab/Config/BaseFab.ini" 847
"../../../Engine/Plugins/TraceUtilities/Config/BaseTraceUtilities.ini" 848
"../../../Engine/Plugins/Editor/EditorScriptingUtilities/Config/BaseEditorScriptingUtilities.ini" 849
"../../../Engine/Plugins/Experimental/FullBodyIK/Config/BaseFullBodyIK.ini" 850
"../../../Engine/Plugins/Experimental/ToolPresets/Config/BaseToolPresets.ini" 851
"../../../Engine/Plugins/MetaHuman/MetaHumanSDK/Config/BaseMetaHumanSDK.ini" 852
"../../../Engine/Plugins/Animation/ControlRig/Config/BaseControlRig.ini" 853
"../../../Engine/Plugins/Animation/DeformerGraph/Config/BaseDeformerGraph.ini" 854
"../../../Engine/Plugins/Animation/IKRig/Config/BaseIKRig.ini" 855
"../../../Engine/Plugins/FX/Niagara/Config/BaseNiagara.ini" 856
"../../../Engine/Plugins/Enterprise/DatasmithContent/Config/BaseDatasmithContent.ini" 857
"../../../Engine/Plugins/Enterprise/GLTFExporter/Config/BaseGLTFExporter.ini" 858
"../../../Engine/Plugins/Enterprise/GLTFExporter/Config/DefaultGLTFExporter.ini" 859
"../../../Engine/Plugins/Interchange/Assets/Config/BaseInterchangeAssets.ini" 860
"../../../Engine/Plugins/Enterprise/VariantManagerContent/Config/BaseVariantManagerContent.ini" 861
"../../../Engine/Plugins/Interchange/Runtime/Config/BaseInterchange.ini" 862
"../../../Engine/Plugins/Runtime/GameplayAbilities/Config/BaseGameplayAbilities.ini" 863
"../../../Engine/Plugins/Runtime/GameplayStateTree/Config/BaseGameplayStateTree.ini" 864
"../../../Engine/Plugins/Runtime/HairStrands/Config/BaseHairStrands.ini" 865
"../../../Engine/Plugins/Runtime/Metasound/Config/BaseMetasound.ini" 866
"../../../Engine/Plugins/Runtime/Metasound/Config/DefaultMetasound.ini" 867
"../../../Engine/Plugins/Runtime/PropertyBindingUtils/Config/BasePropertyBindingUtils.ini" 868
"../../../Engine/Plugins/Runtime/RigVM/Config/BaseRigVM.ini" 869
"../../../Engine/Plugins/Runtime/Synthesis/Config/BaseSynthesis.ini" 870
"../../../Engine/Plugins/Runtime/StateTree/Config/BaseStateTree.ini" 871
"../../../Engine/Plugins/VirtualProduction/CameraCalibrationCore/Config/BaseCameraCalibrationCore.ini" 872
"../../../Engine/Plugins/VirtualProduction/Takes/Config/BaseTakes.ini" 873
"../../../Engine/Plugins/2D/Paper2D/Config/BasePaper2D.ini" 874
"../../../Engine/Plugins/Cameras/GameplayCameras/Config/BaseGameplayCameras.ini" 875
"../../../Engine/Plugins/Experimental/Compositing/CompositeCore/Config/BaseCompositeCore.ini" 876
"../../../Engine/Plugins/ChaosVD/Config/Engine.ini" 877
"../../../Engine/Plugins/EnhancedInput/Config/Input.ini" 878
"../../../Engine/Plugins/Runtime/GameplayAbilities/Config/Input.ini" 879
"../../../Engine/Plugins/Runtime/InputDebugging/Config/Input.ini" 880
"../../../Engine/Plugins/Runtime/Windows/XInputDevice/Config/Input.ini" 881
"../../../Engine/Plugins/Online/OnlineSubsystemUtils/Config/Editor.ini" 882
"../../../Engine/Plugins/Runtime/RigVM/Config/Editor.ini" 883
"../../../Engine/Plugins/NNE/NNEDenoiser/Config/Game.ini" 884
"../../../Engine/Plugins/Editor/ModelingToolsEditorMode/Binaries/Win64/UnrealEditor.modules" 885
"../../../Engine/Plugins/Runtime/MeshModelingToolset/Binaries/Win64/UnrealEditor.modules" 886
"../../../Engine/Plugins/Experimental/MeshModelingToolsetExp/Binaries/Win64/UnrealEditor.modules" 887
"../../../Engine/Plugins/Editor/MeshLODToolset/Binaries/Win64/UnrealEditor.modules" 888
"../../../Engine/Plugins/Experimental/ToolPresets/Binaries/Win64/UnrealEditor.modules" 889
"../../../Engine/Plugins/Editor/StylusInput/Binaries/Win64/UnrealEditor.modules" 890
"../../../Engine/Plugins/Runtime/GeometryProcessing/Binaries/Win64/UnrealEditor.modules" 891
"../../../Engine/Plugins/Editor/ProxyLODPlugin/Binaries/Win64/UnrealEditor.modules" 892
"../../../Engine/Plugins/Experimental/PlanarCutPlugin/Binaries/Win64/UnrealEditor.modules" 893
"../../../Engine/Plugins/Runtime/GeometryCache/Binaries/Win64/UnrealEditor.modules" 894
"../../../Engine/Plugins/Experimental/GeometryFlow/Binaries/Win64/UnrealEditor.modules" 895
"../../../Engine/Plugins/Editor/EditorScriptingUtilities/Binaries/Win64/UnrealEditor.modules" 896
"../../../Engine/Plugins/FX/Niagara/Binaries/Win64/UnrealEditor.modules" 897
"../../../Engine/Plugins/Experimental/PythonScriptPlugin/Binaries/Win64/UnrealEditor.modules" 898
"../../../Engine/Plugins/Editor/ContentBrowser/ContentBrowserFileDataSource/Binaries/Win64/UnrealEditor.modules" 899
"../../../Engine/Plugins/Runtime/GameplayStateTree/Binaries/Win64/UnrealEditor.modules" 900
"../../../Engine/Plugins/Runtime/StateTree/Binaries/Win64/UnrealEditor.modules" 901
"../../../Engine/Plugins/Animation/GameplayInsights/Binaries/Win64/UnrealEditor.modules" 902
"../../../Engine/Plugins/Runtime/PropertyAccess/Binaries/Win64/UnrealEditor.modules" 903
"../../../Engine/Plugins/Runtime/PropertyBindingUtils/Binaries/Win64/UnrealEditor.modules" 904
"../../../Engine/Plugins/Runtime/GameplayAbilities/Binaries/Win64/UnrealEditor.modules" 905
"../../../Engine/Plugins/Editor/GameplayTagsEditor/Binaries/Win64/UnrealEditor.modules" 906
"../../../Engine/Plugins/Runtime/DataRegistry/Binaries/Win64/UnrealEditor.modules" 907
"../../../Engine/Plugins/Bridge/Binaries/Win64/UnrealEditor.modules" 908
"../../../Engine/Plugins/MetaHuman/MetaHumanSDK/Binaries/Win64/UnrealEditor.modules" 909
"../../../Engine/Plugins/Animation/ControlRig/Binaries/Win64/UnrealEditor.modules" 910
"../../../Engine/Plugins/Runtime/HairStrands/Binaries/Win64/UnrealEditor.modules" 911
"../../../Engine/Plugins/Animation/RigLogic/Binaries/Win64/UnrealEditor.modules" 912
"../../../Engine/Plugins/Online/EOSShared/Binaries/Win64/UnrealEditor.modules" 913
"../../../Engine/Plugins/Runtime/RigVM/Binaries/Win64/UnrealEditor.modules" 914
"../../../Engine/Plugins/MovieScene/LevelSequenceEditor/Binaries/Win64/UnrealEditor.modules" 915
"../../../Engine/Plugins/MovieScene/SequencerScripting/Binaries/Win64/UnrealEditor.modules" 916
"../../../Engine/Plugins/Animation/TweeningUtils/Binaries/Win64/UnrealEditor.modules" 917
"../../../Engine/Plugins/Animation/DeformerGraph/Binaries/Win64/UnrealEditor.modules" 918
"../../../Engine/Plugins/Experimental/Dataflow/Binaries/Win64/UnrealEditor.modules" 919
"../../../Engine/Plugins/Runtime/ComputeFramework/Binaries/Win64/UnrealEditor.modules" 920
"../../../Engine/Plugins/Experimental/CharacterFXEditor/BaseCharacterFXEditor/Binaries/Win64/UnrealEditor.modules" 921
"../../../Engine/Plugins/Runtime/ProceduralMeshComponent/Binaries/Win64/UnrealEditor.modules" 922
"../../../Engine/Plugins/Experimental/ChaosCaching/Binaries/Win64/UnrealEditor.modules" 923
"../../../Engine/Plugins/Experimental/EditorDataStorage/Binaries/Win64/UnrealEditor.modules" 924
"../../../Engine/Plugins/Experimental/EditorDataStorageFeatures/Binaries/Win64/UnrealEditor.modules" 925
"../../../Engine/Plugins/VirtualProduction/Takes/Binaries/Win64/UnrealEditor.modules" 926
"../../../Engine/Plugins/Runtime/AudioCapture/Binaries/Win64/UnrealEditor.modules" 927
"../../../Engine/Plugins/Developer/NamingTokens/Binaries/Win64/UnrealEditor.modules" 928
"../../../Engine/Plugins/Editor/EngineAssetDefinitions/Binaries/Win64/UnrealEditor.modules" 929
"../../../Engine/Plugins/ChaosCloth/Binaries/Win64/UnrealEditor.modules" 930
"../../../Engine/Plugins/ChaosInsights/Binaries/Win64/UnrealEditor.modules" 931
"../../../Engine/Plugins/ChaosVD/Binaries/Win64/UnrealEditor.modules" 932
"../../../Engine/Plugins/CmdLinkServer/Binaries/Win64/UnrealEditor.modules" 933
"../../../Engine/Plugins/EnhancedInput/Binaries/Win64/UnrealEditor.modules" 934
"../../../Engine/Plugins/Editor/DataValidation/Binaries/Win64/UnrealEditor.modules" 935
"../../../Engine/Plugins/Fab/Binaries/Win64/UnrealEditor.modules" 936
"../../../Engine/Plugins/Interchange/Runtime/Binaries/Win64/UnrealEditor.modules" 937
"../../../Engine/Plugins/Enterprise/VariantManagerContent/Binaries/Win64/UnrealEditor.modules" 938
"../../../Engine/Plugins/Enterprise/VariantManager/Binaries/Win64/UnrealEditor.modules" 939
"../../../Engine/Plugins/Interchange/Assets/Binaries/Win64/UnrealEditor.modules" 940
"../../../Engine/Plugins/FastBuildController/Binaries/Win64/UnrealEditor.modules" 941
"../../../Engine/Plugins/IoStoreInsights/Binaries/Win64/UnrealEditor.modules" 942
"../../../Engine/Plugins/MassInsights/Binaries/Win64/UnrealEditor.modules" 943
"../../../Engine/Plugins/MeshPainting/Binaries/Win64/UnrealEditor.modules" 944
"../../../Engine/Plugins/Interchange/Editor/Binaries/Win64/UnrealEditor.modules" 945
"../../../Engine/Plugins/RenderGraphInsights/Binaries/Win64/UnrealEditor.modules" 946
"../../../Engine/Plugins/TraceUtilities/Binaries/Win64/UnrealEditor.modules" 947
"../../../Engine/Plugins/UbaController/Binaries/Win64/UnrealEditor.modules" 948
"../../../Engine/Plugins/WorldMetrics/Binaries/Win64/UnrealEditor.modules" 949
"../../../Engine/Plugins/XGEController/Binaries/Win64/UnrealEditor.modules" 950
"../../../Engine/Plugins/AI/AISupport/Binaries/Win64/UnrealEditor.modules" 951
"../../../Engine/Plugins/AI/EnvironmentQueryEditor/Binaries/Win64/UnrealEditor.modules" 952
"../../../Engine/Plugins/Editor/AssetManagerEditor/Binaries/Win64/UnrealEditor.modules" 953
"../../../Engine/Plugins/Editor/ContentBrowser/ContentBrowserAssetDataSource/Binaries/Win64/UnrealEditor.modules" 954
"../../../Engine/Plugins/Editor/BlueprintHeaderView/Binaries/Win64/UnrealEditor.modules" 955
"../../../Engine/Plugins/Editor/ChangelistReview/Binaries/Win64/UnrealEditor.modules" 956
"../../../Engine/Plugins/Editor/ColorGrading/Binaries/Win64/UnrealEditor.modules" 957
"../../../Engine/Plugins/Editor/ObjectMixer/ObjectMixer/Binaries/Win64/UnrealEditor.modules" 958
"../../../Engine/Plugins/Editor/CryptoKeys/Binaries/Win64/UnrealEditor.modules" 959
"../../../Engine/Plugins/Editor/CurveEditorTools/Binaries/Win64/UnrealEditor.modules" 960
"../../../Engine/Plugins/Editor/EditorDebugTools/Binaries/Win64/UnrealEditor.modules" 961
"../../../Engine/Plugins/Editor/FacialAnimation/Binaries/Win64/UnrealEditor.modules" 962
"../../../Engine/Plugins/Editor/GeometryMode/Binaries/Win64/UnrealEditor.modules" 963
"../../../Engine/Plugins/Editor/MaterialAnalyzer/Binaries/Win64/UnrealEditor.modules" 964
"../../../Engine/Plugins/Editor/MobileLauncherProfileWizard/Binaries/Win64/UnrealEditor.modules" 965
"../../../Engine/Plugins/Editor/PluginBrowser/Binaries/Win64/UnrealEditor.modules" 966
"../../../Engine/Plugins/Developer/PluginUtils/Binaries/Win64/UnrealEditor.modules" 967
"../../../Engine/Plugins/Editor/SequencerAnimTools/Binaries/Win64/UnrealEditor.modules" 968
"../../../Engine/Plugins/Editor/SpeedTreeImporter/Binaries/Win64/UnrealEditor.modules" 969
"../../../Engine/Plugins/Editor/UMGWidgetPreview/Binaries/Win64/UnrealEditor.modules" 970
"../../../Engine/Plugins/Editor/UVEditor/Binaries/Win64/UnrealEditor.modules" 971
"../../../Engine/Plugins/Editor/WorldPartitionHLODUtilities/Binaries/Win64/UnrealEditor.modules" 972
"../../../Engine/Plugins/Experimental/AdvancedRenamer/Binaries/Win64/UnrealEditor.modules" 973
"../../../Engine/Plugins/Experimental/AutomationUtils/Binaries/Win64/UnrealEditor.modules" 974
"../../../Engine/Plugins/Experimental/BackChannel/Binaries/Win64/UnrealEditor.modules" 975
"../../../Engine/Plugins/Experimental/ChaosEditor/Binaries/Win64/UnrealEditor.modules" 976
"../../../Engine/Plugins/Experimental/GeometryCollectionPlugin/Binaries/Win64/UnrealEditor.modules" 977
"../../../Engine/Plugins/Experimental/Fracture/Binaries/Win64/UnrealEditor.modules" 978
"../../../Engine/Plugins/Experimental/ChaosSolverPlugin/Binaries/Win64/UnrealEditor.modules" 979
"../../../Engine/Plugins/Experimental/GeometryDataflow/Binaries/Win64/UnrealEditor.modules" 980
"../../../Engine/Plugins/Experimental/ChaosNiagara/Binaries/Win64/UnrealEditor.modules" 981
"../../../Engine/Plugins/Experimental/ChaosUserDataPT/Binaries/Win64/UnrealEditor.modules" 982
"../../../Engine/Plugins/Experimental/CharacterAI/Binaries/Win64/UnrealEditor.modules" 983
"../../../Engine/Plugins/Experimental/EditorPerformance/Binaries/Win64/UnrealEditor.modules" 984
"../../../Engine/Plugins/Experimental/EditorTelemetry/Binaries/Win64/UnrealEditor.modules" 985
"../../../Engine/Plugins/Experimental/LevelSequenceNavigatorBridge/Binaries/Win64/UnrealEditor.modules" 986
"../../../Engine/Plugins/Experimental/SequenceNavigator/Binaries/Win64/UnrealEditor.modules" 987
"../../../Engine/Plugins/Experimental/LocalizableMessage/Binaries/Win64/UnrealEditor.modules" 988
"../../../Engine/Plugins/Experimental/NFORDenoise/Binaries/Win64/UnrealEditor.modules" 989
"../../../Engine/Plugins/Experimental/PlatformCrypto/Binaries/Win64/UnrealEditor.modules" 990
"../../../Engine/Plugins/Experimental/RuntimeTelemetry/Binaries/Win64/UnrealEditor.modules" 991
"../../../Engine/Plugins/Experimental/SkeletalReduction/Binaries/Win64/UnrealEditor.modules" 992
"../../../Engine/Plugins/Tests/InterchangeTests/Binaries/Win64/UnrealEditor.modules" 993
"../../../Engine/Plugins/Animation/AnimationData/Binaries/Win64/UnrealEditor.modules" 994
"../../../Engine/Plugins/Animation/ACLPlugin/Binaries/Win64/UnrealEditor.modules" 995
"../../../Engine/Plugins/Animation/AnimationModifierLibrary/Binaries/Win64/UnrealEditor.modules" 996
"../../../Engine/Plugins/Animation/BlendSpaceMotionAnalysis/Binaries/Win64/UnrealEditor.modules" 997
"../../../Engine/Plugins/Animation/ControlRigSpline/Binaries/Win64/UnrealEditor.modules" 998
"../../../Engine/Plugins/Animation/IKRig/Binaries/Win64/UnrealEditor.modules" 999
"../../../Engine/Plugins/Experimental/FullBodyIK/Binaries/Win64/UnrealEditor.modules" 1000
"../../../Engine/Plugins/Compression/OodleNetwork/Binaries/Win64/UnrealEditor.modules" 1001
"../../../Engine/Plugins/FX/Cascade/Binaries/Win64/UnrealEditor.modules" 1002
"../../../Engine/Plugins/FX/NiagaraSimCaching/Binaries/Win64/UnrealEditor.modules" 1003
"../../../Engine/Plugins/Animation/SkeletalMeshModelingTools/Binaries/Win64/UnrealEditor.modules" 1004
"../../../Engine/Plugins/Media/AndroidMedia/Binaries/Win64/UnrealEditor.modules" 1005
"../../../Engine/Plugins/Media/AvfMedia/Binaries/Win64/UnrealEditor.modules" 1006
"../../../Engine/Plugins/Media/ImgMedia/Binaries/Win64/UnrealEditor.modules" 1007
"../../../Engine/Plugins/Media/MediaPlayerEditor/Binaries/Win64/UnrealEditor.modules" 1008
"../../../Engine/Plugins/Media/MediaCompositing/Binaries/Win64/UnrealEditor.modules" 1009
"../../../Engine/Plugins/Media/MediaPlate/Binaries/Win64/UnrealEditor.modules" 1010
"../../../Engine/Plugins/Experimental/Compositing/CompositeCore/Binaries/Win64/UnrealEditor.modules" 1011
"../../../Engine/Plugins/Media/WmfMedia/Binaries/Win64/UnrealEditor.modules" 1012
"../../../Engine/Plugins/Messaging/UdpMessaging/Binaries/Win64/UnrealEditor.modules" 1013
"../../../Engine/Plugins/Messaging/TcpMessaging/Binaries/Win64/UnrealEditor.modules" 1014
"../../../Engine/Plugins/Online/OnlineBase/Binaries/Win64/UnrealEditor.modules" 1015
"../../../Engine/Plugins/Online/OnlineSubsystem/Binaries/Win64/UnrealEditor.modules" 1016
"../../../Engine/Plugins/Online/OnlineSubsystemNull/Binaries/Win64/UnrealEditor.modules" 1017
"../../../Engine/Plugins/Online/OnlineSubsystemUtils/Binaries/Win64/UnrealEditor.modules" 1018
"../../../Engine/Plugins/Online/OnlineServices/Binaries/Win64/UnrealEditor.modules" 1019
"../../../Engine/Plugins/Enterprise/DatasmithContent/Binaries/Win64/UnrealEditor.modules" 1020
"../../../Engine/Plugins/Enterprise/GLTFExporter/Binaries/Win64/UnrealEditor.modules" 1021
"../../../Engine/Plugins/Runtime/ActorLayerUtilities/Binaries/Win64/UnrealEditor.modules" 1022
"../../../Engine/Plugins/Portal/LauncherChunkInstaller/Binaries/Win64/UnrealEditor.modules" 1023
"../../../Engine/Plugins/Runtime/AndroidDeviceProfileSelector/Binaries/Win64/UnrealEditor.modules" 1024
"../../../Engine/Plugins/Runtime/AndroidFileServer/Binaries/Win64/UnrealEditor.modules" 1025
"../../../Engine/Plugins/Runtime/AppleImageUtils/Binaries/Win64/UnrealEditor.modules" 1026
"../../../Engine/Plugins/Runtime/AssetTags/Binaries/Win64/UnrealEditor.modules" 1027
"../../../Engine/Plugins/Runtime/ArchVisCharacter/Binaries/Win64/UnrealEditor.modules" 1028
"../../../Engine/Plugins/Runtime/AndroidPermission/Binaries/Win64/UnrealEditor.modules" 1029
"../../../Engine/Plugins/Runtime/ChunkDownloader/Binaries/Win64/UnrealEditor.modules" 1030
"../../../Engine/Plugins/Runtime/CableComponent/Binaries/Win64/UnrealEditor.modules" 1031
"../../../Engine/Plugins/Runtime/ExampleDeviceProfileSelector/Binaries/Win64/UnrealEditor.modules" 1032
"../../../Engine/Plugins/Runtime/CustomMeshComponent/Binaries/Win64/UnrealEditor.modules" 1033
"../../../Engine/Plugins/Runtime/GooglePAD/Binaries/Win64/UnrealEditor.modules" 1034
"../../../Engine/Plugins/Runtime/InputDebugging/Binaries/Win64/UnrealEditor.modules" 1035
"../../../Engine/Plugins/Runtime/LocationServicesBPLibrary/Binaries/Win64/UnrealEditor.modules" 1036
"../../../Engine/Plugins/Runtime/Metasound/Binaries/Win64/UnrealEditor.modules" 1037
"../../../Engine/Plugins/Runtime/AudioWidgets/Binaries/Win64/UnrealEditor.modules" 1038
"../../../Engine/Plugins/Runtime/AudioSynesthesia/Binaries/Win64/UnrealEditor.modules" 1039
"../../../Engine/Plugins/Runtime/WaveTable/Binaries/Win64/UnrealEditor.modules" 1040
"../../../Engine/Plugins/Runtime/MobilePatchingUtils/Binaries/Win64/UnrealEditor.modules" 1041
"../../../Engine/Plugins/Runtime/MsQuic/Binaries/Win64/UnrealEditor.modules" 1042
"../../../Engine/Plugins/Runtime/ResonanceAudio/Binaries/Win64/UnrealEditor.modules" 1043
"../../../Engine/Plugins/Runtime/SoundFields/Binaries/Win64/UnrealEditor.modules" 1044
"../../../Engine/Plugins/Runtime/Synthesis/Binaries/Win64/UnrealEditor.modules" 1045
"../../../Engine/Plugins/Runtime/WebMMoviePlayer/Binaries/Win64/UnrealEditor.modules" 1046
"../../../Engine/Plugins/Media/WebMMedia/Binaries/Win64/UnrealEditor.modules" 1047
"../../../Engine/Plugins/Runtime/WindowsMoviePlayer/Binaries/Win64/UnrealEditor.modules" 1048
"../../../Engine/Plugins/Runtime/WindowsDeviceProfileSelector/Binaries/Win64/UnrealEditor.modules" 1049
"../../../Engine/Plugins/2D/Paper2D/Binaries/Win64/UnrealEditor.modules" 1050
"../../../Engine/Plugins/Cameras/CameraShakePreviewer/Binaries/Win64/UnrealEditor.modules" 1051
"../../../Engine/Plugins/Cameras/GameplayCameras/Binaries/Win64/UnrealEditor.modules" 1052
"../../../Engine/Plugins/VirtualProduction/CameraCalibrationCore/Binaries/Win64/UnrealEditor.modules" 1053
"../../../Engine/Plugins/MovieScene/TemplateSequence/Binaries/Win64/UnrealEditor.modules" 1054
"../../../Engine/Plugins/Cameras/EngineCameras/Binaries/Win64/UnrealEditor.modules" 1055
"../../../Engine/Plugins/Developer/AnimationSharing/Binaries/Win64/UnrealEditor.modules" 1056
"../../../Engine/Plugins/Runtime/SignificanceManager/Binaries/Win64/UnrealEditor.modules" 1057
"../../../Engine/Plugins/Developer/CLionSourceCodeAccess/Binaries/Win64/UnrealEditor.modules" 1058
"../../../Engine/Plugins/Developer/DumpGPUServices/Binaries/Win64/UnrealEditor.modules" 1059
"../../../Engine/Plugins/Developer/N10XSourceCodeAccess/Binaries/Win64/UnrealEditor.modules" 1060
"../../../Engine/Plugins/Developer/GitSourceControl/Binaries/Win64/UnrealEditor.modules" 1061
"../../../Engine/Plugins/Developer/PixWinPlugin/Binaries/Win64/UnrealEditor.modules" 1062
"../../../Engine/Plugins/Developer/PlasticSourceControl/Binaries/Win64/UnrealEditor.modules" 1063
"../../../Engine/Plugins/Developer/ProjectLauncher/Binaries/Win64/UnrealEditor.modules" 1064
"../../../Engine/Plugins/Developer/PerforceSourceControl/Binaries/Win64/UnrealEditor.modules" 1065
"../../../Engine/Plugins/Developer/PropertyAccessNode/Binaries/Win64/UnrealEditor.modules" 1066
"../../../Engine/Plugins/Developer/SubversionSourceControl/Binaries/Win64/UnrealEditor.modules" 1067
"../../../Engine/Plugins/Developer/RiderSourceCodeAccess/Binaries/Win64/UnrealEditor.modules" 1068
"../../../Engine/Plugins/Developer/TextureFormatOodle/Binaries/Win64/UnrealEditor.modules" 1069
"../../../Engine/Plugins/Developer/RenderDocPlugin/Binaries/Win64/UnrealEditor.modules" 1070
"../../../Engine/Plugins/Developer/VisualStudioSourceCodeAccess/Binaries/Win64/UnrealEditor.modules" 1071
"../../../Engine/Plugins/Developer/UObjectPlugin/Binaries/Win64/UnrealEditor.modules" 1072
"../../../Engine/Plugins/Developer/VisualStudioCodeSourceCodeAccess/Binaries/Win64/UnrealEditor.modules" 1073
"../../../Engine/Plugins/MovieScene/ActorSequence/Binaries/Win64/UnrealEditor.modules" 1074
"../../../Engine/Plugins/Importers/AlembicImporter/Binaries/Win64/UnrealEditor.modules" 1075
"../../../Engine/Plugins/NNE/NNEDenoiser/Binaries/Win64/UnrealEditor.modules" 1076
"../../../Engine/Plugins/NNE/NNERuntimeORT/Binaries/Win64/UnrealEditor.modules" 1077
"../../../Engine/Plugins/Editor/Localization/PortableObjectFileDataSource/Binaries/Win64/UnrealEditor.modules" 1078
"../../../Engine/Plugins/Editor/ObjectMixer/LightMixer/Binaries/Win64/UnrealEditor.modules" 1079
"../../../Engine/Plugins/Editor/ContentBrowser/ContentBrowserClassDataSource/Binaries/Win64/UnrealEditor.modules" 1080
"../../../Engine/Plugins/Runtime/Windows/XInputDevice/Binaries/Win64/UnrealEditor.modules" 1081
"../../../Engine/Config/BaseSourceControlSettings.ini" 1082
"C:/Users/NDLinh/AppData/Local/UnrealEngine/5.6/Saved/Config/WindowsEditor/SourceControlSettings.ini" 1083
"E:/Epic Games/UE projects/rpg_project/Saved/Config/WindowsEditor/SourceControlSettings.ini" 1084
"../../../Engine/Content/Internationalization/icudt64l/coll/ucadata.icu" 1085
"../../../Engine/Content/Internationalization/icudt64l/coll/en.res" 1086
"../../../Engine/Content/Internationalization/icudt64l/coll/root.res" 1087
"../../../Engine/Content/Certificates/ThirdParty/cacert.pem" 1088
"../../../Engine/Config/ConsoleVariables.ini" 1089
"../../../Engine/Binaries/Win64/Android/UnrealEditor.modules" 1090
"../../../Engine/Binaries/Win64/IOS/UnrealEditor.modules" 1091
"../../../Engine/Binaries/Win64/Linux/UnrealEditor.modules" 1092
"../../../Engine/Content/Localization/Editor/en/Editor.locres" 1093
"../../../Engine/Content/Localization/EditorTutorials/en/EditorTutorials.locres" 1094
"../../../Engine/Content/Localization/Keywords/en/Keywords.locres" 1095
"../../../Engine/Content/Localization/Category/en/Category.locres" 1096
"../../../Engine/Content/Localization/ToolTips/en/ToolTips.locres" 1097
"../../../Engine/Content/Localization/PropertyNames/en/PropertyNames.locres" 1098
"../../../Engine/Content/Localization/Engine/en/Engine.locres" 1099
"../../../Engine/Plugins/MetaHuman/MetaHumanSDK/Content/Localization/MetaHumanSDK/en/MetaHumanSDK.locres" 1100
"../../../Engine/Plugins/Online/OnlineSubsystem/Content/Localization/OnlineSubsystem/en/OnlineSubsystem.locres" 1101
"../../../Engine/Plugins/Online/OnlineSubsystemUtils/Content/Localization/OnlineSubsystemUtils/en/OnlineSubsystemUtils.locres" 1102
"../../../Engine/Plugins/Online/IOS/OnlineSubsystemIOS/Content/Localization/OnlineSubsystemIOS/en/OnlineSubsystemIOS.locres" 1103
"../../../Engine/Plugins/Online/Android/OnlineSubsystemGooglePlay/Content/Localization/OnlineSubsystemGooglePlay/en/OnlineSubsystemGooglePlay.locres" 1104
"../../../Engine/Content/Internationalization/icudt64l/numberingSystems.res" 1105
"../../../Engine/Content/Internationalization/icudt64l/curr/supplementalData.res" 1106
"../../../Engine/Content/Internationalization/icudt64l/curr/en_GB.res" 1107
"../../../Engine/Content/Internationalization/icudt64l/curr/pool.res" 1108
"../../../Engine/Content/Internationalization/icudt64l/curr/en_001.res" 1109
"../../../Engine/Content/Internationalization/icudt64l/curr/en.res" 1110
"../../../Engine/Content/Internationalization/icudt64l/curr/root.res" 1111
"../../../Engine/Content/Internationalization/icudt64l/lang/af.res" 1112
"../../../Engine/Content/Internationalization/icudt64l/region/af.res" 1113
"../../../Engine/Content/Internationalization/icudt64l/lang/agq.res" 1114
"../../../Engine/Content/Internationalization/icudt64l/region/agq.res" 1115
"../../../Engine/Content/Internationalization/icudt64l/lang/ak.res" 1116
"../../../Engine/Content/Internationalization/icudt64l/region/ak.res" 1117
"../../../Engine/Content/Internationalization/icudt64l/lang/am.res" 1118
"../../../Engine/Content/Internationalization/icudt64l/region/am.res" 1119
"../../../Engine/Content/Internationalization/icudt64l/lang/ar.res" 1120
"../../../Engine/Content/Internationalization/icudt64l/region/ar.res" 1121
"../../../Engine/Content/Internationalization/icudt64l/region/ar_AE.res" 1122
"../../../Engine/Content/Internationalization/icudt64l/lang/ar_EG.res" 1123
"../../../Engine/Content/Internationalization/icudt64l/lang/ar_LY.res" 1124
"../../../Engine/Content/Internationalization/icudt64l/region/ar_LY.res" 1125
"../../../Engine/Content/Internationalization/icudt64l/lang/ar_SA.res" 1126
"../../../Engine/Content/Internationalization/icudt64l/region/ar_SA.res" 1127
"../../../Engine/Content/Internationalization/icudt64l/lang/as.res" 1128
"../../../Engine/Content/Internationalization/icudt64l/region/as.res" 1129
"../../../Engine/Content/Internationalization/icudt64l/lang/asa.res" 1130
"../../../Engine/Content/Internationalization/icudt64l/region/asa.res" 1131
"../../../Engine/Content/Internationalization/icudt64l/lang/ast.res" 1132
"../../../Engine/Content/Internationalization/icudt64l/region/ast.res" 1133
"../../../Engine/Content/Internationalization/icudt64l/lang/az.res" 1134
"../../../Engine/Content/Internationalization/icudt64l/lang/az_Cyrl.res" 1135
"../../../Engine/Content/Internationalization/icudt64l/lang/az_AZ.res" 1136
"../../../Engine/Content/Internationalization/icudt64l/lang/az_Latn_AZ.res" 1137
"../../../Engine/Content/Internationalization/icudt64l/lang/az_Latn.res" 1138
"../../../Engine/Content/Internationalization/icudt64l/region/az_AZ.res" 1139
"../../../Engine/Content/Internationalization/icudt64l/region/az_Latn_AZ.res" 1140
"../../../Engine/Content/Internationalization/icudt64l/region/az_Latn.res" 1141
"../../../Engine/Content/Internationalization/icudt64l/region/az.res" 1142
"../../../Engine/Content/Internationalization/icudt64l/region/az_Cyrl.res" 1143
"../../../Engine/Content/Internationalization/icudt64l/lang/bas.res" 1144
"../../../Engine/Content/Internationalization/icudt64l/region/bas.res" 1145
"../../../Engine/Content/Internationalization/icudt64l/lang/be.res" 1146
"../../../Engine/Content/Internationalization/icudt64l/region/be.res" 1147
"../../../Engine/Content/Internationalization/icudt64l/lang/bem.res" 1148
"../../../Engine/Content/Internationalization/icudt64l/region/bem.res" 1149
"../../../Engine/Content/Internationalization/icudt64l/lang/bez.res" 1150
"../../../Engine/Content/Internationalization/icudt64l/region/bez.res" 1151
"../../../Engine/Content/Internationalization/icudt64l/lang/bg.res" 1152
"../../../Engine/Content/Internationalization/icudt64l/region/bg.res" 1153
"../../../Engine/Content/Internationalization/icudt64l/lang/bm.res" 1154
"../../../Engine/Content/Internationalization/icudt64l/region/bm.res" 1155
"../../../Engine/Content/Internationalization/icudt64l/lang/bn.res" 1156
"../../../Engine/Content/Internationalization/icudt64l/region/bn.res" 1157
"../../../Engine/Content/Internationalization/icudt64l/lang/bn_IN.res" 1158
"../../../Engine/Content/Internationalization/icudt64l/region/bn_IN.res" 1159
"../../../Engine/Content/Internationalization/icudt64l/lang/bo.res" 1160
"../../../Engine/Content/Internationalization/icudt64l/region/bo.res" 1161
"../../../Engine/Content/Internationalization/icudt64l/region/bo_IN.res" 1162
"../../../Engine/Content/Internationalization/icudt64l/lang/br.res" 1163
"../../../Engine/Content/Internationalization/icudt64l/region/br.res" 1164
"../../../Engine/Content/Internationalization/icudt64l/lang/brx.res" 1165
"../../../Engine/Content/Internationalization/icudt64l/region/brx.res" 1166
"../../../Engine/Content/Internationalization/icudt64l/lang/bs.res" 1167
"../../../Engine/Content/Internationalization/icudt64l/lang/bs_Cyrl.res" 1168
"../../../Engine/Content/Internationalization/icudt64l/lang/bs_BA.res" 1169
"../../../Engine/Content/Internationalization/icudt64l/lang/bs_Latn_BA.res" 1170
"../../../Engine/Content/Internationalization/icudt64l/lang/bs_Latn.res" 1171
"../../../Engine/Content/Internationalization/icudt64l/region/bs_BA.res" 1172
"../../../Engine/Content/Internationalization/icudt64l/region/bs_Latn_BA.res" 1173
"../../../Engine/Content/Internationalization/icudt64l/region/bs_Latn.res" 1174
"../../../Engine/Content/Internationalization/icudt64l/region/bs.res" 1175
"../../../Engine/Content/Internationalization/icudt64l/region/bs_Cyrl.res" 1176
"../../../Engine/Content/Internationalization/icudt64l/lang/ca.res" 1177
"../../../Engine/Content/Internationalization/icudt64l/region/ca.res" 1178
"../../../Engine/Content/Internationalization/icudt64l/lang/ccp.res" 1179
"../../../Engine/Content/Internationalization/icudt64l/region/ccp.res" 1180
"../../../Engine/Content/Internationalization/icudt64l/lang/ce.res" 1181
"../../../Engine/Content/Internationalization/icudt64l/region/ce.res" 1182
"../../../Engine/Content/Internationalization/icudt64l/lang/ceb.res" 1183
"../../../Engine/Content/Internationalization/icudt64l/region/ceb.res" 1184
"../../../Engine/Content/Internationalization/icudt64l/lang/cgg.res" 1185
"../../../Engine/Content/Internationalization/icudt64l/region/cgg.res" 1186
"../../../Engine/Content/Internationalization/icudt64l/lang/chr.res" 1187
"../../../Engine/Content/Internationalization/icudt64l/region/chr.res" 1188
"../../../Engine/Content/Internationalization/icudt64l/lang/ckb.res" 1189
"../../../Engine/Content/Internationalization/icudt64l/region/ckb.res" 1190
"../../../Engine/Content/Internationalization/icudt64l/lang/cs.res" 1191
"../../../Engine/Content/Internationalization/icudt64l/region/cs.res" 1192
"../../../Engine/Content/Internationalization/icudt64l/lang/cy.res" 1193
"../../../Engine/Content/Internationalization/icudt64l/region/cy.res" 1194
"../../../Engine/Content/Internationalization/icudt64l/lang/da.res" 1195
"../../../Engine/Content/Internationalization/icudt64l/region/da.res" 1196
"../../../Engine/Content/Internationalization/icudt64l/lang/dav.res" 1197
"../../../Engine/Content/Internationalization/icudt64l/region/dav.res" 1198
"../../../Engine/Content/Internationalization/icudt64l/lang/de.res" 1199
"../../../Engine/Content/Internationalization/icudt64l/lang/de_AT.res" 1200
"../../../Engine/Content/Internationalization/icudt64l/region/de_AT.res" 1201
"../../../Engine/Content/Internationalization/icudt64l/region/de.res" 1202
"../../../Engine/Content/Internationalization/icudt64l/lang/de_CH.res" 1203
"../../../Engine/Content/Internationalization/icudt64l/region/de_CH.res" 1204
"../../../Engine/Content/Internationalization/icudt64l/lang/de_LU.res" 1205
"../../../Engine/Content/Internationalization/icudt64l/lang/dje.res" 1206
"../../../Engine/Content/Internationalization/icudt64l/region/dje.res" 1207
"../../../Engine/Content/Internationalization/icudt64l/lang/dsb.res" 1208
"../../../Engine/Content/Internationalization/icudt64l/region/dsb.res" 1209
"../../../Engine/Content/Internationalization/icudt64l/lang/dua.res" 1210
"../../../Engine/Content/Internationalization/icudt64l/region/dua.res" 1211
"../../../Engine/Content/Internationalization/icudt64l/lang/dyo.res" 1212
"../../../Engine/Content/Internationalization/icudt64l/region/dyo.res" 1213
"../../../Engine/Content/Internationalization/icudt64l/lang/dz.res" 1214
"../../../Engine/Content/Internationalization/icudt64l/region/dz.res" 1215
"../../../Engine/Content/Internationalization/icudt64l/lang/ebu.res" 1216
"../../../Engine/Content/Internationalization/icudt64l/region/ebu.res" 1217
"../../../Engine/Content/Internationalization/icudt64l/lang/ee.res" 1218
"../../../Engine/Content/Internationalization/icudt64l/region/ee.res" 1219
"../../../Engine/Content/Internationalization/icudt64l/lang/el.res" 1220
"../../../Engine/Content/Internationalization/icudt64l/region/el.res" 1221
"../../../Engine/Content/Internationalization/icudt64l/lang/en_150.res" 1222
"../../../Engine/Content/Internationalization/icudt64l/region/en_150.res" 1223
"../../../Engine/Content/Internationalization/icudt64l/lang/en_AG.res" 1224
"../../../Engine/Content/Internationalization/icudt64l/region/en_AG.res" 1225
"../../../Engine/Content/Internationalization/icudt64l/lang/en_AI.res" 1226
"../../../Engine/Content/Internationalization/icudt64l/region/en_AI.res" 1227
"../../../Engine/Content/Internationalization/icudt64l/lang/en_AT.res" 1228
"../../../Engine/Content/Internationalization/icudt64l/region/en_AT.res" 1229
"../../../Engine/Content/Internationalization/icudt64l/lang/en_AU.res" 1230
"../../../Engine/Content/Internationalization/icudt64l/region/en_AU.res" 1231
"../../../Engine/Content/Internationalization/icudt64l/lang/en_BB.res" 1232
"../../../Engine/Content/Internationalization/icudt64l/region/en_BB.res" 1233
"../../../Engine/Content/Internationalization/icudt64l/lang/en_BE.res" 1234
"../../../Engine/Content/Internationalization/icudt64l/region/en_BE.res" 1235
"../../../Engine/Content/Internationalization/icudt64l/lang/en_BM.res" 1236
"../../../Engine/Content/Internationalization/icudt64l/region/en_BM.res" 1237
"../../../Engine/Content/Internationalization/icudt64l/lang/en_BS.res" 1238
"../../../Engine/Content/Internationalization/icudt64l/region/en_BS.res" 1239
"../../../Engine/Content/Internationalization/icudt64l/lang/en_BW.res" 1240
"../../../Engine/Content/Internationalization/icudt64l/region/en_BW.res" 1241
"../../../Engine/Content/Internationalization/icudt64l/lang/en_BZ.res" 1242
"../../../Engine/Content/Internationalization/icudt64l/region/en_BZ.res" 1243
"../../../Engine/Content/Internationalization/icudt64l/lang/en_CA.res" 1244
"../../../Engine/Content/Internationalization/icudt64l/region/en_CA.res" 1245
"../../../Engine/Content/Internationalization/icudt64l/lang/en_CC.res" 1246
"../../../Engine/Content/Internationalization/icudt64l/region/en_CC.res" 1247
"../../../Engine/Content/Internationalization/icudt64l/lang/en_CH.res" 1248
"../../../Engine/Content/Internationalization/icudt64l/region/en_CH.res" 1249
"../../../Engine/Content/Internationalization/icudt64l/lang/en_CK.res" 1250
"../../../Engine/Content/Internationalization/icudt64l/region/en_CK.res" 1251
"../../../Engine/Content/Internationalization/icudt64l/lang/en_CM.res" 1252
"../../../Engine/Content/Internationalization/icudt64l/region/en_CM.res" 1253
"../../../Engine/Content/Internationalization/icudt64l/lang/en_CX.res" 1254
"../../../Engine/Content/Internationalization/icudt64l/region/en_CX.res" 1255
"../../../Engine/Content/Internationalization/icudt64l/lang/en_CY.res" 1256
"../../../Engine/Content/Internationalization/icudt64l/region/en_CY.res" 1257
"../../../Engine/Content/Internationalization/icudt64l/lang/en_DE.res" 1258
"../../../Engine/Content/Internationalization/icudt64l/region/en_DE.res" 1259
"../../../Engine/Content/Internationalization/icudt64l/lang/en_DG.res" 1260
"../../../Engine/Content/Internationalization/icudt64l/region/en_DG.res" 1261
"../../../Engine/Content/Internationalization/icudt64l/lang/en_DK.res" 1262
"../../../Engine/Content/Internationalization/icudt64l/region/en_DK.res" 1263
"../../../Engine/Content/Internationalization/icudt64l/lang/en_DM.res" 1264
"../../../Engine/Content/Internationalization/icudt64l/region/en_DM.res" 1265
"../../../Engine/Content/Internationalization/icudt64l/lang/en_ER.res" 1266
"../../../Engine/Content/Internationalization/icudt64l/region/en_ER.res" 1267
"../../../Engine/Content/Internationalization/icudt64l/lang/en_FI.res" 1268
"../../../Engine/Content/Internationalization/icudt64l/region/en_FI.res" 1269
"../../../Engine/Content/Internationalization/icudt64l/lang/en_FJ.res" 1270
"../../../Engine/Content/Internationalization/icudt64l/region/en_FJ.res" 1271
"../../../Engine/Content/Internationalization/icudt64l/lang/en_FK.res" 1272
"../../../Engine/Content/Internationalization/icudt64l/region/en_FK.res" 1273
"../../../Engine/Content/Internationalization/icudt64l/lang/en_FM.res" 1274
"../../../Engine/Content/Internationalization/icudt64l/region/en_FM.res" 1275
"../../../Engine/Content/Internationalization/icudt64l/lang/en_GD.res" 1276
"../../../Engine/Content/Internationalization/icudt64l/region/en_GD.res" 1277
"../../../Engine/Content/Internationalization/icudt64l/lang/en_GG.res" 1278
"../../../Engine/Content/Internationalization/icudt64l/region/en_GG.res" 1279
"../../../Engine/Content/Internationalization/icudt64l/lang/en_GH.res" 1280
"../../../Engine/Content/Internationalization/icudt64l/region/en_GH.res" 1281
"../../../Engine/Content/Internationalization/icudt64l/lang/en_GI.res" 1282
"../../../Engine/Content/Internationalization/icudt64l/region/en_GI.res" 1283
"../../../Engine/Content/Internationalization/icudt64l/lang/en_GM.res" 1284
"../../../Engine/Content/Internationalization/icudt64l/region/en_GM.res" 1285
"../../../Engine/Content/Internationalization/icudt64l/lang/en_GY.res" 1286
"../../../Engine/Content/Internationalization/icudt64l/region/en_GY.res" 1287
"../../../Engine/Content/Internationalization/icudt64l/lang/en_HK.res" 1288
"../../../Engine/Content/Internationalization/icudt64l/region/en_HK.res" 1289
"../../../Engine/Content/Internationalization/icudt64l/lang/en_IE.res" 1290
"../../../Engine/Content/Internationalization/icudt64l/region/en_IE.res" 1291
"../../../Engine/Content/Internationalization/icudt64l/lang/en_IL.res" 1292
"../../../Engine/Content/Internationalization/icudt64l/region/en_IL.res" 1293
"../../../Engine/Content/Internationalization/icudt64l/lang/en_IM.res" 1294
"../../../Engine/Content/Internationalization/icudt64l/region/en_IM.res" 1295
"../../../Engine/Content/Internationalization/icudt64l/lang/en_IN.res" 1296
"../../../Engine/Content/Internationalization/icudt64l/region/en_IN.res" 1297
"../../../Engine/Content/Internationalization/icudt64l/lang/en_IO.res" 1298
"../../../Engine/Content/Internationalization/icudt64l/region/en_IO.res" 1299
"../../../Engine/Content/Internationalization/icudt64l/lang/en_JE.res" 1300
"../../../Engine/Content/Internationalization/icudt64l/region/en_JE.res" 1301
"../../../Engine/Content/Internationalization/icudt64l/lang/en_JM.res" 1302
"../../../Engine/Content/Internationalization/icudt64l/region/en_JM.res" 1303
"../../../Engine/Content/Internationalization/icudt64l/lang/en_KE.res" 1304
"../../../Engine/Content/Internationalization/icudt64l/region/en_KE.res" 1305
"../../../Engine/Content/Internationalization/icudt64l/lang/en_KI.res" 1306
"../../../Engine/Content/Internationalization/icudt64l/region/en_KI.res" 1307
"../../../Engine/Content/Internationalization/icudt64l/lang/en_KN.res" 1308
"../../../Engine/Content/Internationalization/icudt64l/region/en_KN.res" 1309
"../../../Engine/Content/Internationalization/icudt64l/lang/en_KY.res" 1310
"../../../Engine/Content/Internationalization/icudt64l/region/en_KY.res" 1311
"../../../Engine/Content/Internationalization/icudt64l/lang/en_LC.res" 1312
"../../../Engine/Content/Internationalization/icudt64l/region/en_LC.res" 1313
"../../../Engine/Content/Internationalization/icudt64l/lang/en_LR.res" 1314
"../../../Engine/Content/Internationalization/icudt64l/region/en_LR.res" 1315
"../../../Engine/Content/Internationalization/icudt64l/lang/en_LS.res" 1316
"../../../Engine/Content/Internationalization/icudt64l/region/en_LS.res" 1317
"../../../Engine/Content/Internationalization/icudt64l/lang/en_MG.res" 1318
"../../../Engine/Content/Internationalization/icudt64l/region/en_MG.res" 1319
"../../../Engine/Content/Internationalization/icudt64l/lang/en_MO.res" 1320
"../../../Engine/Content/Internationalization/icudt64l/region/en_MO.res" 1321
"../../../Engine/Content/Internationalization/icudt64l/lang/en_MS.res" 1322
"../../../Engine/Content/Internationalization/icudt64l/region/en_MS.res" 1323
"../../../Engine/Content/Internationalization/icudt64l/lang/en_MT.res" 1324
"../../../Engine/Content/Internationalization/icudt64l/region/en_MT.res" 1325
"../../../Engine/Content/Internationalization/icudt64l/lang/en_MU.res" 1326
"../../../Engine/Content/Internationalization/icudt64l/region/en_MU.res" 1327
"../../../Engine/Content/Internationalization/icudt64l/lang/en_MW.res" 1328
"../../../Engine/Content/Internationalization/icudt64l/region/en_MW.res" 1329
"../../../Engine/Content/Internationalization/icudt64l/lang/en_MY.res" 1330
"../../../Engine/Content/Internationalization/icudt64l/region/en_MY.res" 1331
"../../../Engine/Content/Internationalization/icudt64l/lang/en_NA.res" 1332
"../../../Engine/Content/Internationalization/icudt64l/region/en_NA.res" 1333
"../../../Engine/Content/Internationalization/icudt64l/lang/en_NF.res" 1334
"../../../Engine/Content/Internationalization/icudt64l/region/en_NF.res" 1335
"../../../Engine/Content/Internationalization/icudt64l/lang/en_NG.res" 1336
"../../../Engine/Content/Internationalization/icudt64l/region/en_NG.res" 1337
"../../../Engine/Content/Internationalization/icudt64l/lang/en_NL.res" 1338
"../../../Engine/Content/Internationalization/icudt64l/region/en_NL.res" 1339
"../../../Engine/Content/Internationalization/icudt64l/lang/en_NR.res" 1340
"../../../Engine/Content/Internationalization/icudt64l/region/en_NR.res" 1341
"../../../Engine/Content/Internationalization/icudt64l/lang/en_NU.res" 1342
"../../../Engine/Content/Internationalization/icudt64l/region/en_NU.res" 1343
"../../../Engine/Content/Internationalization/icudt64l/lang/en_NZ.res" 1344
"../../../Engine/Content/Internationalization/icudt64l/region/en_NZ.res" 1345
"../../../Engine/Content/Internationalization/icudt64l/lang/en_PG.res" 1346
"../../../Engine/Content/Internationalization/icudt64l/region/en_PG.res" 1347
"../../../Engine/Content/Internationalization/icudt64l/lang/en_PH.res" 1348
"../../../Engine/Content/Internationalization/icudt64l/region/en_PH.res" 1349
"../../../Engine/Content/Internationalization/icudt64l/lang/en_PK.res" 1350
"../../../Engine/Content/Internationalization/icudt64l/region/en_PK.res" 1351
"../../../Engine/Content/Internationalization/icudt64l/lang/en_PN.res" 1352
"../../../Engine/Content/Internationalization/icudt64l/region/en_PN.res" 1353
"../../../Engine/Content/Internationalization/icudt64l/lang/en_PW.res" 1354
"../../../Engine/Content/Internationalization/icudt64l/region/en_PW.res" 1355
"../../../Engine/Content/Internationalization/icudt64l/lang/en_RW.res" 1356
"../../../Engine/Content/Internationalization/icudt64l/region/en_RW.res" 1357
"../../../Engine/Content/Internationalization/icudt64l/lang/en_SB.res" 1358
"../../../Engine/Content/Internationalization/icudt64l/region/en_SB.res" 1359
"../../../Engine/Content/Internationalization/icudt64l/lang/en_SC.res" 1360
"../../../Engine/Content/Internationalization/icudt64l/region/en_SC.res" 1361
"../../../Engine/Content/Internationalization/icudt64l/lang/en_SD.res" 1362
"../../../Engine/Content/Internationalization/icudt64l/region/en_SD.res" 1363
"../../../Engine/Content/Internationalization/icudt64l/lang/en_SE.res" 1364
"../../../Engine/Content/Internationalization/icudt64l/region/en_SE.res" 1365
"../../../Engine/Content/Internationalization/icudt64l/lang/en_SG.res" 1366
"../../../Engine/Content/Internationalization/icudt64l/region/en_SG.res" 1367
"../../../Engine/Content/Internationalization/icudt64l/lang/en_SH.res" 1368
"../../../Engine/Content/Internationalization/icudt64l/region/en_SH.res" 1369
"../../../Engine/Content/Internationalization/icudt64l/lang/en_SI.res" 1370
"../../../Engine/Content/Internationalization/icudt64l/region/en_SI.res" 1371
"../../../Engine/Content/Internationalization/icudt64l/lang/en_SL.res" 1372
"../../../Engine/Content/Internationalization/icudt64l/region/en_SL.res" 1373
"../../../Engine/Content/Internationalization/icudt64l/lang/en_SS.res" 1374
"../../../Engine/Content/Internationalization/icudt64l/region/en_SS.res" 1375
"../../../Engine/Content/Internationalization/icudt64l/lang/en_SX.res" 1376
"../../../Engine/Content/Internationalization/icudt64l/region/en_SX.res" 1377
"../../../Engine/Content/Internationalization/icudt64l/lang/en_SZ.res" 1378
"../../../Engine/Content/Internationalization/icudt64l/region/en_SZ.res" 1379
"../../../Engine/Content/Internationalization/icudt64l/lang/en_TC.res" 1380
"../../../Engine/Content/Internationalization/icudt64l/region/en_TC.res" 1381
"../../../Engine/Content/Internationalization/icudt64l/lang/en_TK.res" 1382
"../../../Engine/Content/Internationalization/icudt64l/region/en_TK.res" 1383
"../../../Engine/Content/Internationalization/icudt64l/lang/en_TO.res" 1384
"../../../Engine/Content/Internationalization/icudt64l/region/en_TO.res" 1385
"../../../Engine/Content/Internationalization/icudt64l/lang/en_TT.res" 1386
"../../../Engine/Content/Internationalization/icudt64l/region/en_TT.res" 1387
"../../../Engine/Content/Internationalization/icudt64l/lang/en_TV.res" 1388
"../../../Engine/Content/Internationalization/icudt64l/region/en_TV.res" 1389
"../../../Engine/Content/Internationalization/icudt64l/lang/en_TZ.res" 1390
"../../../Engine/Content/Internationalization/icudt64l/region/en_TZ.res" 1391
"../../../Engine/Content/Internationalization/icudt64l/lang/en_UG.res" 1392
"../../../Engine/Content/Internationalization/icudt64l/region/en_UG.res" 1393
"../../../Engine/Content/Internationalization/icudt64l/lang/en_VC.res" 1394
"../../../Engine/Content/Internationalization/icudt64l/region/en_VC.res" 1395
"../../../Engine/Content/Internationalization/icudt64l/lang/en_VG.res" 1396
"../../../Engine/Content/Internationalization/icudt64l/region/en_VG.res" 1397
"../../../Engine/Content/Internationalization/icudt64l/lang/en_VU.res" 1398
"../../../Engine/Content/Internationalization/icudt64l/region/en_VU.res" 1399
"../../../Engine/Content/Internationalization/icudt64l/lang/en_WS.res" 1400
"../../../Engine/Content/Internationalization/icudt64l/region/en_WS.res" 1401
"../../../Engine/Content/Internationalization/icudt64l/lang/en_ZA.res" 1402
"../../../Engine/Content/Internationalization/icudt64l/region/en_ZA.res" 1403
"../../../Engine/Content/Internationalization/icudt64l/lang/en_ZM.res" 1404
"../../../Engine/Content/Internationalization/icudt64l/region/en_ZM.res" 1405
"../../../Engine/Content/Internationalization/icudt64l/lang/en_ZW.res" 1406
"../../../Engine/Content/Internationalization/icudt64l/region/en_ZW.res" 1407
"../../../Engine/Content/Internationalization/icudt64l/lang/eo.res" 1408
"../../../Engine/Content/Internationalization/icudt64l/region/eo.res" 1409
"../../../Engine/Content/Internationalization/icudt64l/lang/es.res" 1410
"../../../Engine/Content/Internationalization/icudt64l/lang/es_419.res" 1411
"../../../Engine/Content/Internationalization/icudt64l/region/es_419.res" 1412
"../../../Engine/Content/Internationalization/icudt64l/region/es.res" 1413
"../../../Engine/Content/Internationalization/icudt64l/lang/es_AR.res" 1414
"../../../Engine/Content/Internationalization/icudt64l/region/es_AR.res" 1415
"../../../Engine/Content/Internationalization/icudt64l/lang/es_BO.res" 1416
"../../../Engine/Content/Internationalization/icudt64l/region/es_BO.res" 1417
"../../../Engine/Content/Internationalization/icudt64l/lang/es_BR.res" 1418
"../../../Engine/Content/Internationalization/icudt64l/region/es_BR.res" 1419
"../../../Engine/Content/Internationalization/icudt64l/lang/es_BZ.res" 1420
"../../../Engine/Content/Internationalization/icudt64l/region/es_BZ.res" 1421
"../../../Engine/Content/Internationalization/icudt64l/lang/es_CL.res" 1422
"../../../Engine/Content/Internationalization/icudt64l/region/es_CL.res" 1423
"../../../Engine/Content/Internationalization/icudt64l/lang/es_CO.res" 1424
"../../../Engine/Content/Internationalization/icudt64l/region/es_CO.res" 1425
"../../../Engine/Content/Internationalization/icudt64l/lang/es_CR.res" 1426
"../../../Engine/Content/Internationalization/icudt64l/region/es_CR.res" 1427
"../../../Engine/Content/Internationalization/icudt64l/lang/es_CU.res" 1428
"../../../Engine/Content/Internationalization/icudt64l/region/es_CU.res" 1429
"../../../Engine/Content/Internationalization/icudt64l/lang/es_DO.res" 1430
"../../../Engine/Content/Internationalization/icudt64l/region/es_DO.res" 1431
"../../../Engine/Content/Internationalization/icudt64l/lang/es_EC.res" 1432
"../../../Engine/Content/Internationalization/icudt64l/region/es_EC.res" 1433
"../../../Engine/Content/Internationalization/icudt64l/lang/es_GT.res" 1434
"../../../Engine/Content/Internationalization/icudt64l/region/es_GT.res" 1435
"../../../Engine/Content/Internationalization/icudt64l/lang/es_HN.res" 1436
"../../../Engine/Content/Internationalization/icudt64l/region/es_HN.res" 1437
"../../../Engine/Content/Internationalization/icudt64l/lang/es_MX.res" 1438
"../../../Engine/Content/Internationalization/icudt64l/region/es_MX.res" 1439
"../../../Engine/Content/Internationalization/icudt64l/lang/es_NI.res" 1440
"../../../Engine/Content/Internationalization/icudt64l/region/es_NI.res" 1441
"../../../Engine/Content/Internationalization/icudt64l/lang/es_PA.res" 1442
"../../../Engine/Content/Internationalization/icudt64l/region/es_PA.res" 1443
"../../../Engine/Content/Internationalization/icudt64l/lang/es_PE.res" 1444
"../../../Engine/Content/Internationalization/icudt64l/region/es_PE.res" 1445
"../../../Engine/Content/Internationalization/icudt64l/lang/es_PR.res" 1446
"../../../Engine/Content/Internationalization/icudt64l/region/es_PR.res" 1447
"../../../Engine/Content/Internationalization/icudt64l/lang/es_PY.res" 1448
"../../../Engine/Content/Internationalization/icudt64l/region/es_PY.res" 1449
"../../../Engine/Content/Internationalization/icudt64l/lang/es_SV.res" 1450
"../../../Engine/Content/Internationalization/icudt64l/region/es_SV.res" 1451
"../../../Engine/Content/Internationalization/icudt64l/lang/es_US.res" 1452
"../../../Engine/Content/Internationalization/icudt64l/region/es_US.res" 1453
"../../../Engine/Content/Internationalization/icudt64l/lang/es_UY.res" 1454
"../../../Engine/Content/Internationalization/icudt64l/region/es_UY.res" 1455
"../../../Engine/Content/Internationalization/icudt64l/lang/es_VE.res" 1456
"../../../Engine/Content/Internationalization/icudt64l/region/es_VE.res" 1457
"../../../Engine/Content/Internationalization/icudt64l/lang/et.res" 1458
"../../../Engine/Content/Internationalization/icudt64l/region/et.res" 1459
"../../../Engine/Content/Internationalization/icudt64l/lang/eu.res" 1460
"../../../Engine/Content/Internationalization/icudt64l/region/eu.res" 1461
"../../../Engine/Content/Internationalization/icudt64l/lang/ewo.res" 1462
"../../../Engine/Content/Internationalization/icudt64l/region/ewo.res" 1463
"../../../Engine/Content/Internationalization/icudt64l/lang/fa.res" 1464
"../../../Engine/Content/Internationalization/icudt64l/lang/fa_AF.res" 1465
"../../../Engine/Content/Internationalization/icudt64l/region/fa_AF.res" 1466
"../../../Engine/Content/Internationalization/icudt64l/region/fa.res" 1467
"../../../Engine/Content/Internationalization/icudt64l/lang/ff.res" 1468
"../../../Engine/Content/Internationalization/icudt64l/lang/ff_Latn.res" 1469
"../../../Engine/Content/Internationalization/icudt64l/region/ff.res" 1470
"../../../Engine/Content/Internationalization/icudt64l/region/ff_Latn.res" 1471
"../../../Engine/Content/Internationalization/icudt64l/lang/ff_CM.res" 1472
"../../../Engine/Content/Internationalization/icudt64l/lang/ff_Latn_CM.res" 1473
"../../../Engine/Content/Internationalization/icudt64l/region/ff_CM.res" 1474
"../../../Engine/Content/Internationalization/icudt64l/region/ff_Latn_CM.res" 1475
"../../../Engine/Content/Internationalization/icudt64l/lang/ff_GN.res" 1476
"../../../Engine/Content/Internationalization/icudt64l/lang/ff_Latn_GN.res" 1477
"../../../Engine/Content/Internationalization/icudt64l/region/ff_GN.res" 1478
"../../../Engine/Content/Internationalization/icudt64l/region/ff_Latn_GN.res" 1479
"../../../Engine/Content/Internationalization/icudt64l/lang/ff_MR.res" 1480
"../../../Engine/Content/Internationalization/icudt64l/lang/ff_Latn_MR.res" 1481
"../../../Engine/Content/Internationalization/icudt64l/region/ff_MR.res" 1482
"../../../Engine/Content/Internationalization/icudt64l/region/ff_Latn_MR.res" 1483
"../../../Engine/Content/Internationalization/icudt64l/lang/ff_SN.res" 1484
"../../../Engine/Content/Internationalization/icudt64l/lang/ff_Latn_SN.res" 1485
"../../../Engine/Content/Internationalization/icudt64l/region/ff_SN.res" 1486
"../../../Engine/Content/Internationalization/icudt64l/region/ff_Latn_SN.res" 1487
"../../../Engine/Content/Internationalization/icudt64l/lang/fi.res" 1488
"../../../Engine/Content/Internationalization/icudt64l/region/fi.res" 1489
"../../../Engine/Content/Internationalization/icudt64l/lang/fil.res" 1490
"../../../Engine/Content/Internationalization/icudt64l/lang/fil_PH.res" 1491
"../../../Engine/Content/Internationalization/icudt64l/region/fil_PH.res" 1492
"../../../Engine/Content/Internationalization/icudt64l/region/fil.res" 1493
"../../../Engine/Content/Internationalization/icudt64l/lang/fo.res" 1494
"../../../Engine/Content/Internationalization/icudt64l/region/fo.res" 1495
"../../../Engine/Content/Internationalization/icudt64l/lang/fr.res" 1496
"../../../Engine/Content/Internationalization/icudt64l/lang/fr_BE.res" 1497
"../../../Engine/Content/Internationalization/icudt64l/region/fr_BE.res" 1498
"../../../Engine/Content/Internationalization/icudt64l/region/fr.res" 1499
"../../../Engine/Content/Internationalization/icudt64l/lang/fr_CA.res" 1500
"../../../Engine/Content/Internationalization/icudt64l/region/fr_CA.res" 1501
"../../../Engine/Content/Internationalization/icudt64l/lang/fr_CH.res" 1502
"../../../Engine/Content/Internationalization/icudt64l/lang/fur.res" 1503
"../../../Engine/Content/Internationalization/icudt64l/region/fur.res" 1504
"../../../Engine/Content/Internationalization/icudt64l/lang/fy.res" 1505
"../../../Engine/Content/Internationalization/icudt64l/region/fy.res" 1506
"../../../Engine/Content/Internationalization/icudt64l/lang/ga.res" 1507
"../../../Engine/Content/Internationalization/icudt64l/region/ga.res" 1508
"../../../Engine/Content/Internationalization/icudt64l/lang/gd.res" 1509
"../../../Engine/Content/Internationalization/icudt64l/region/gd.res" 1510
"../../../Engine/Content/Internationalization/icudt64l/lang/gl.res" 1511
"../../../Engine/Content/Internationalization/icudt64l/region/gl.res" 1512
"../../../Engine/Content/Internationalization/icudt64l/lang/gsw.res" 1513
"../../../Engine/Content/Internationalization/icudt64l/region/gsw.res" 1514
"../../../Engine/Content/Internationalization/icudt64l/lang/gu.res" 1515
"../../../Engine/Content/Internationalization/icudt64l/region/gu.res" 1516
"../../../Engine/Content/Internationalization/icudt64l/lang/guz.res" 1517
"../../../Engine/Content/Internationalization/icudt64l/region/guz.res" 1518
"../../../Engine/Content/Internationalization/icudt64l/lang/gv.res" 1519
"../../../Engine/Content/Internationalization/icudt64l/region/gv.res" 1520
"../../../Engine/Content/Internationalization/icudt64l/lang/ha.res" 1521
"../../../Engine/Content/Internationalization/icudt64l/region/ha.res" 1522
"../../../Engine/Content/Internationalization/icudt64l/lang/ha_NE.res" 1523
"../../../Engine/Content/Internationalization/icudt64l/region/ha_NE.res" 1524
"../../../Engine/Content/Internationalization/icudt64l/lang/haw.res" 1525
"../../../Engine/Content/Internationalization/icudt64l/region/haw.res" 1526
"../../../Engine/Content/Internationalization/icudt64l/lang/he.res" 1527
"../../../Engine/Content/Internationalization/icudt64l/lang/he_IL.res" 1528
"../../../Engine/Content/Internationalization/icudt64l/region/he_IL.res" 1529
"../../../Engine/Content/Internationalization/icudt64l/region/he.res" 1530
"../../../Engine/Content/Internationalization/icudt64l/lang/hi.res" 1531
"../../../Engine/Content/Internationalization/icudt64l/region/hi.res" 1532
"../../../Engine/Content/Internationalization/icudt64l/lang/hr.res" 1533
"../../../Engine/Content/Internationalization/icudt64l/region/hr.res" 1534
"../../../Engine/Content/Internationalization/icudt64l/lang/hsb.res" 1535
"../../../Engine/Content/Internationalization/icudt64l/region/hsb.res" 1536
"../../../Engine/Content/Internationalization/icudt64l/lang/hu.res" 1537
"../../../Engine/Content/Internationalization/icudt64l/region/hu.res" 1538
"../../../Engine/Content/Internationalization/icudt64l/lang/hy.res" 1539
"../../../Engine/Content/Internationalization/icudt64l/region/hy.res" 1540
"../../../Engine/Content/Internationalization/icudt64l/lang/ia.res" 1541
"../../../Engine/Content/Internationalization/icudt64l/region/ia.res" 1542
"../../../Engine/Content/Internationalization/icudt64l/lang/id.res" 1543
"../../../Engine/Content/Internationalization/icudt64l/lang/id_ID.res" 1544
"../../../Engine/Content/Internationalization/icudt64l/region/id_ID.res" 1545
"../../../Engine/Content/Internationalization/icudt64l/region/id.res" 1546
"../../../Engine/Content/Internationalization/icudt64l/lang/ig.res" 1547
"../../../Engine/Content/Internationalization/icudt64l/region/ig.res" 1548
"../../../Engine/Content/Internationalization/icudt64l/lang/ii.res" 1549
"../../../Engine/Content/Internationalization/icudt64l/region/ii.res" 1550
"../../../Engine/Content/Internationalization/icudt64l/lang/is.res" 1551
"../../../Engine/Content/Internationalization/icudt64l/region/is.res" 1552
"../../../Engine/Content/Internationalization/icudt64l/lang/it.res" 1553
"../../../Engine/Content/Internationalization/icudt64l/region/it.res" 1554
"../../../Engine/Content/Internationalization/icudt64l/lang/ja.res" 1555
"../../../Engine/Content/Internationalization/icudt64l/lang/ja_JP.res" 1556
"../../../Engine/Content/Internationalization/icudt64l/region/ja_JP.res" 1557
"../../../Engine/Content/Internationalization/icudt64l/region/ja.res" 1558
"../../../Engine/Content/Internationalization/icudt64l/lang/jgo.res" 1559
"../../../Engine/Content/Internationalization/icudt64l/region/jgo.res" 1560
"../../../Engine/Content/Internationalization/icudt64l/lang/jmc.res" 1561
"../../../Engine/Content/Internationalization/icudt64l/region/jmc.res" 1562
"../../../Engine/Content/Internationalization/icudt64l/lang/jv.res" 1563
"../../../Engine/Content/Internationalization/icudt64l/region/jv.res" 1564
"../../../Engine/Content/Internationalization/icudt64l/lang/ka.res" 1565
"../../../Engine/Content/Internationalization/icudt64l/region/ka.res" 1566
"../../../Engine/Content/Internationalization/icudt64l/lang/kab.res" 1567
"../../../Engine/Content/Internationalization/icudt64l/region/kab.res" 1568
"../../../Engine/Content/Internationalization/icudt64l/lang/kam.res" 1569
"../../../Engine/Content/Internationalization/icudt64l/region/kam.res" 1570
"../../../Engine/Content/Internationalization/icudt64l/lang/kde.res" 1571
"../../../Engine/Content/Internationalization/icudt64l/region/kde.res" 1572
"../../../Engine/Content/Internationalization/icudt64l/lang/kea.res" 1573
"../../../Engine/Content/Internationalization/icudt64l/region/kea.res" 1574
"../../../Engine/Content/Internationalization/icudt64l/lang/khq.res" 1575
"../../../Engine/Content/Internationalization/icudt64l/region/khq.res" 1576
"../../../Engine/Content/Internationalization/icudt64l/lang/ki.res" 1577
"../../../Engine/Content/Internationalization/icudt64l/region/ki.res" 1578
"../../../Engine/Content/Internationalization/icudt64l/lang/kk.res" 1579
"../../../Engine/Content/Internationalization/icudt64l/region/kk.res" 1580
"../../../Engine/Content/Internationalization/icudt64l/lang/kkj.res" 1581
"../../../Engine/Content/Internationalization/icudt64l/region/kkj.res" 1582
"../../../Engine/Content/Internationalization/icudt64l/lang/kl.res" 1583
"../../../Engine/Content/Internationalization/icudt64l/region/kl.res" 1584
"../../../Engine/Content/Internationalization/icudt64l/lang/kln.res" 1585
"../../../Engine/Content/Internationalization/icudt64l/region/kln.res" 1586
"../../../Engine/Content/Internationalization/icudt64l/lang/km.res" 1587
"../../../Engine/Content/Internationalization/icudt64l/region/km.res" 1588
"../../../Engine/Content/Internationalization/icudt64l/lang/kn.res" 1589
"../../../Engine/Content/Internationalization/icudt64l/region/kn.res" 1590
"../../../Engine/Content/Internationalization/icudt64l/lang/ko.res" 1591
"../../../Engine/Content/Internationalization/icudt64l/region/ko_KP.res" 1592
"../../../Engine/Content/Internationalization/icudt64l/region/ko.res" 1593
"../../../Engine/Content/Internationalization/icudt64l/lang/kok.res" 1594
"../../../Engine/Content/Internationalization/icudt64l/region/kok.res" 1595
"../../../Engine/Content/Internationalization/icudt64l/lang/ks.res" 1596
"../../../Engine/Content/Internationalization/icudt64l/region/ks.res" 1597
"../../../Engine/Content/Internationalization/icudt64l/lang/ksb.res" 1598
"../../../Engine/Content/Internationalization/icudt64l/region/ksb.res" 1599
"../../../Engine/Content/Internationalization/icudt64l/lang/ksf.res" 1600
"../../../Engine/Content/Internationalization/icudt64l/region/ksf.res" 1601
"../../../Engine/Content/Internationalization/icudt64l/lang/ksh.res" 1602
"../../../Engine/Content/Internationalization/icudt64l/region/ksh.res" 1603
"../../../Engine/Content/Internationalization/icudt64l/lang/ku.res" 1604
"../../../Engine/Content/Internationalization/icudt64l/region/ku.res" 1605
"../../../Engine/Content/Internationalization/icudt64l/lang/kw.res" 1606
"../../../Engine/Content/Internationalization/icudt64l/region/kw.res" 1607
"../../../Engine/Content/Internationalization/icudt64l/lang/ky.res" 1608
"../../../Engine/Content/Internationalization/icudt64l/region/ky.res" 1609
"../../../Engine/Content/Internationalization/icudt64l/lang/lag.res" 1610
"../../../Engine/Content/Internationalization/icudt64l/region/lag.res" 1611
"../../../Engine/Content/Internationalization/icudt64l/lang/lb.res" 1612
"../../../Engine/Content/Internationalization/icudt64l/region/lb.res" 1613
"../../../Engine/Content/Internationalization/icudt64l/lang/lg.res" 1614
"../../../Engine/Content/Internationalization/icudt64l/region/lg.res" 1615
"../../../Engine/Content/Internationalization/icudt64l/lang/lkt.res" 1616
"../../../Engine/Content/Internationalization/icudt64l/region/lkt.res" 1617
"../../../Engine/Content/Internationalization/icudt64l/lang/ln.res" 1618
"../../../Engine/Content/Internationalization/icudt64l/region/ln.res" 1619
"../../../Engine/Content/Internationalization/icudt64l/lang/lo.res" 1620
"../../../Engine/Content/Internationalization/icudt64l/region/lo.res" 1621
"../../../Engine/Content/Internationalization/icudt64l/lang/lrc.res" 1622
"../../../Engine/Content/Internationalization/icudt64l/region/lrc.res" 1623
"../../../Engine/Content/Internationalization/icudt64l/lang/lt.res" 1624
"../../../Engine/Content/Internationalization/icudt64l/region/lt.res" 1625
"../../../Engine/Content/Internationalization/icudt64l/lang/lu.res" 1626
"../../../Engine/Content/Internationalization/icudt64l/region/lu.res" 1627
"../../../Engine/Content/Internationalization/icudt64l/lang/luo.res" 1628
"../../../Engine/Content/Internationalization/icudt64l/region/luo.res" 1629
"../../../Engine/Content/Internationalization/icudt64l/lang/luy.res" 1630
"../../../Engine/Content/Internationalization/icudt64l/region/luy.res" 1631
"../../../Engine/Content/Internationalization/icudt64l/lang/lv.res" 1632
"../../../Engine/Content/Internationalization/icudt64l/region/lv.res" 1633
"../../../Engine/Content/Internationalization/icudt64l/lang/mas.res" 1634
"../../../Engine/Content/Internationalization/icudt64l/region/mas.res" 1635
"../../../Engine/Content/Internationalization/icudt64l/lang/mer.res" 1636
"../../../Engine/Content/Internationalization/icudt64l/region/mer.res" 1637
"../../../Engine/Content/Internationalization/icudt64l/lang/mfe.res" 1638
"../../../Engine/Content/Internationalization/icudt64l/region/mfe.res" 1639
"../../../Engine/Content/Internationalization/icudt64l/lang/mg.res" 1640
"../../../Engine/Content/Internationalization/icudt64l/region/mg.res" 1641
"../../../Engine/Content/Internationalization/icudt64l/lang/mgh.res" 1642
"../../../Engine/Content/Internationalization/icudt64l/region/mgh.res" 1643
"../../../Engine/Content/Internationalization/icudt64l/lang/mgo.res" 1644
"../../../Engine/Content/Internationalization/icudt64l/region/mgo.res" 1645
"../../../Engine/Content/Internationalization/icudt64l/lang/mi.res" 1646
"../../../Engine/Content/Internationalization/icudt64l/region/mi.res" 1647
"../../../Engine/Content/Internationalization/icudt64l/lang/mk.res" 1648
"../../../Engine/Content/Internationalization/icudt64l/region/mk.res" 1649
"../../../Engine/Content/Internationalization/icudt64l/lang/ml.res" 1650
"../../../Engine/Content/Internationalization/icudt64l/region/ml.res" 1651
"../../../Engine/Content/Internationalization/icudt64l/lang/mn.res" 1652
"../../../Engine/Content/Internationalization/icudt64l/region/mn.res" 1653
"../../../Engine/Content/Internationalization/icudt64l/lang/mr.res" 1654
"../../../Engine/Content/Internationalization/icudt64l/region/mr.res" 1655
"../../../Engine/Content/Internationalization/icudt64l/lang/ms.res" 1656
"../../../Engine/Content/Internationalization/icudt64l/region/ms.res" 1657
"../../../Engine/Content/Internationalization/icudt64l/lang/mt.res" 1658
"../../../Engine/Content/Internationalization/icudt64l/region/mt.res" 1659
"../../../Engine/Content/Internationalization/icudt64l/lang/mua.res" 1660
"../../../Engine/Content/Internationalization/icudt64l/region/mua.res" 1661
"../../../Engine/Content/Internationalization/icudt64l/lang/my.res" 1662
"../../../Engine/Content/Internationalization/icudt64l/region/my.res" 1663
"../../../Engine/Content/Internationalization/icudt64l/lang/mzn.res" 1664
"../../../Engine/Content/Internationalization/icudt64l/region/mzn.res" 1665
"../../../Engine/Content/Internationalization/icudt64l/lang/naq.res" 1666
"../../../Engine/Content/Internationalization/icudt64l/region/naq.res" 1667
"../../../Engine/Content/Internationalization/icudt64l/lang/nb.res" 1668
"../../../Engine/Content/Internationalization/icudt64l/lang/nb_NO.res" 1669
"../../../Engine/Content/Internationalization/icudt64l/region/nb_NO.res" 1670
"../../../Engine/Content/Internationalization/icudt64l/region/nb.res" 1671
"../../../Engine/Content/Internationalization/icudt64l/lang/nd.res" 1672
"../../../Engine/Content/Internationalization/icudt64l/region/nd.res" 1673
"../../../Engine/Content/Internationalization/icudt64l/lang/nds.res" 1674
"../../../Engine/Content/Internationalization/icudt64l/region/nds.res" 1675
"../../../Engine/Content/Internationalization/icudt64l/lang/ne.res" 1676
"../../../Engine/Content/Internationalization/icudt64l/region/ne.res" 1677
"../../../Engine/Content/Internationalization/icudt64l/lang/nl.res" 1678
"../../../Engine/Content/Internationalization/icudt64l/region/nl.res" 1679
"../../../Engine/Content/Internationalization/icudt64l/lang/nmg.res" 1680
"../../../Engine/Content/Internationalization/icudt64l/region/nmg.res" 1681
"../../../Engine/Content/Internationalization/icudt64l/lang/nn.res" 1682
"../../../Engine/Content/Internationalization/icudt64l/lang/nn_NO.res" 1683
"../../../Engine/Content/Internationalization/icudt64l/region/nn_NO.res" 1684
"../../../Engine/Content/Internationalization/icudt64l/region/nn.res" 1685
"../../../Engine/Content/Internationalization/icudt64l/lang/nnh.res" 1686
"../../../Engine/Content/Internationalization/icudt64l/region/nnh.res" 1687
"../../../Engine/Content/Internationalization/icudt64l/lang/nus.res" 1688
"../../../Engine/Content/Internationalization/icudt64l/region/nus.res" 1689
"../../../Engine/Content/Internationalization/icudt64l/lang/nyn.res" 1690
"../../../Engine/Content/Internationalization/icudt64l/region/nyn.res" 1691
"../../../Engine/Content/Internationalization/icudt64l/lang/om.res" 1692
"../../../Engine/Content/Internationalization/icudt64l/region/om.res" 1693
"../../../Engine/Content/Internationalization/icudt64l/lang/or.res" 1694
"../../../Engine/Content/Internationalization/icudt64l/region/or.res" 1695
"../../../Engine/Content/Internationalization/icudt64l/lang/os.res" 1696
"../../../Engine/Content/Internationalization/icudt64l/region/os.res" 1697
"../../../Engine/Content/Internationalization/icudt64l/lang/pa.res" 1698
"../../../Engine/Content/Internationalization/icudt64l/lang/pa_Arab.res" 1699
"../../../Engine/Content/Internationalization/icudt64l/lang/pa_PK.res" 1700
"../../../Engine/Content/Internationalization/icudt64l/lang/pa_Arab_PK.res" 1701
"../../../Engine/Content/Internationalization/icudt64l/region/pa_PK.res" 1702
"../../../Engine/Content/Internationalization/icudt64l/region/pa_Arab_PK.res" 1703
"../../../Engine/Content/Internationalization/icudt64l/region/pa_Arab.res" 1704
"../../../Engine/Content/Internationalization/icudt64l/lang/pa_Guru.res" 1705
"../../../Engine/Content/Internationalization/icudt64l/lang/pa_IN.res" 1706
"../../../Engine/Content/Internationalization/icudt64l/lang/pa_Guru_IN.res" 1707
"../../../Engine/Content/Internationalization/icudt64l/region/pa_IN.res" 1708
"../../../Engine/Content/Internationalization/icudt64l/region/pa_Guru_IN.res" 1709
"../../../Engine/Content/Internationalization/icudt64l/region/pa_Guru.res" 1710
"../../../Engine/Content/Internationalization/icudt64l/region/pa.res" 1711
"../../../Engine/Content/Internationalization/icudt64l/lang/pl.res" 1712
"../../../Engine/Content/Internationalization/icudt64l/region/pl.res" 1713
"../../../Engine/Content/Internationalization/icudt64l/lang/ps.res" 1714
"../../../Engine/Content/Internationalization/icudt64l/region/ps.res" 1715
"../../../Engine/Content/Internationalization/icudt64l/lang/ps_PK.res" 1716
"../../../Engine/Content/Internationalization/icudt64l/region/ps_PK.res" 1717
"../../../Engine/Content/Internationalization/icudt64l/lang/pt.res" 1718
"../../../Engine/Content/Internationalization/icudt64l/lang/pt_AO.res" 1719
"../../../Engine/Content/Internationalization/icudt64l/lang/pt_PT.res" 1720
"../../../Engine/Content/Internationalization/icudt64l/region/pt_AO.res" 1721
"../../../Engine/Content/Internationalization/icudt64l/region/pt_PT.res" 1722
"../../../Engine/Content/Internationalization/icudt64l/region/pt.res" 1723
"../../../Engine/Content/Internationalization/icudt64l/lang/pt_CH.res" 1724
"../../../Engine/Content/Internationalization/icudt64l/region/pt_CH.res" 1725
"../../../Engine/Content/Internationalization/icudt64l/lang/pt_CV.res" 1726
"../../../Engine/Content/Internationalization/icudt64l/region/pt_CV.res" 1727
"../../../Engine/Content/Internationalization/icudt64l/lang/pt_GQ.res" 1728
"../../../Engine/Content/Internationalization/icudt64l/region/pt_GQ.res" 1729
"../../../Engine/Content/Internationalization/icudt64l/lang/pt_GW.res" 1730
"../../../Engine/Content/Internationalization/icudt64l/region/pt_GW.res" 1731
"../../../Engine/Content/Internationalization/icudt64l/lang/pt_LU.res" 1732
"../../../Engine/Content/Internationalization/icudt64l/region/pt_LU.res" 1733
"../../../Engine/Content/Internationalization/icudt64l/lang/pt_MO.res" 1734
"../../../Engine/Content/Internationalization/icudt64l/region/pt_MO.res" 1735
"../../../Engine/Content/Internationalization/icudt64l/lang/pt_MZ.res" 1736
"../../../Engine/Content/Internationalization/icudt64l/region/pt_MZ.res" 1737
"../../../Engine/Content/Internationalization/icudt64l/lang/pt_ST.res" 1738
"../../../Engine/Content/Internationalization/icudt64l/region/pt_ST.res" 1739
"../../../Engine/Content/Internationalization/icudt64l/lang/pt_TL.res" 1740
"../../../Engine/Content/Internationalization/icudt64l/region/pt_TL.res" 1741
"../../../Engine/Content/Internationalization/icudt64l/lang/qu.res" 1742
"../../../Engine/Content/Internationalization/icudt64l/region/qu.res" 1743
"../../../Engine/Content/Internationalization/icudt64l/lang/rm.res" 1744
"../../../Engine/Content/Internationalization/icudt64l/region/rm.res" 1745
"../../../Engine/Content/Internationalization/icudt64l/lang/rn.res" 1746
"../../../Engine/Content/Internationalization/icudt64l/region/rn.res" 1747
"../../../Engine/Content/Internationalization/icudt64l/lang/ro.res" 1748
"../../../Engine/Content/Internationalization/icudt64l/lang/ro_MD.res" 1749
"../../../Engine/Content/Internationalization/icudt64l/region/ro_MD.res" 1750
"../../../Engine/Content/Internationalization/icudt64l/region/ro.res" 1751
"../../../Engine/Content/Internationalization/icudt64l/lang/rof.res" 1752
"../../../Engine/Content/Internationalization/icudt64l/region/rof.res" 1753
"../../../Engine/Content/Internationalization/icudt64l/lang/ru.res" 1754
"../../../Engine/Content/Internationalization/icudt64l/region/ru.res" 1755
"../../../Engine/Content/Internationalization/icudt64l/region/ru_UA.res" 1756
"../../../Engine/Content/Internationalization/icudt64l/lang/rw.res" 1757
"../../../Engine/Content/Internationalization/icudt64l/region/rw.res" 1758
"../../../Engine/Content/Internationalization/icudt64l/lang/rwk.res" 1759
"../../../Engine/Content/Internationalization/icudt64l/region/rwk.res" 1760
"../../../Engine/Content/Internationalization/icudt64l/lang/sah.res" 1761
"../../../Engine/Content/Internationalization/icudt64l/region/sah.res" 1762
"../../../Engine/Content/Internationalization/icudt64l/lang/saq.res" 1763
"../../../Engine/Content/Internationalization/icudt64l/region/saq.res" 1764
"../../../Engine/Content/Internationalization/icudt64l/lang/sbp.res" 1765
"../../../Engine/Content/Internationalization/icudt64l/region/sbp.res" 1766
"../../../Engine/Content/Internationalization/icudt64l/lang/sd.res" 1767
"../../../Engine/Content/Internationalization/icudt64l/region/sd.res" 1768
"../../../Engine/Content/Internationalization/icudt64l/lang/se.res" 1769
"../../../Engine/Content/Internationalization/icudt64l/lang/se_FI.res" 1770
"../../../Engine/Content/Internationalization/icudt64l/region/se_FI.res" 1771
"../../../Engine/Content/Internationalization/icudt64l/region/se.res" 1772
"../../../Engine/Content/Internationalization/icudt64l/lang/seh.res" 1773
"../../../Engine/Content/Internationalization/icudt64l/region/seh.res" 1774
"../../../Engine/Content/Internationalization/icudt64l/lang/ses.res" 1775
"../../../Engine/Content/Internationalization/icudt64l/region/ses.res" 1776
"../../../Engine/Content/Internationalization/icudt64l/lang/sg.res" 1777
"../../../Engine/Content/Internationalization/icudt64l/region/sg.res" 1778
"../../../Engine/Content/Internationalization/icudt64l/lang/shi.res" 1779
"../../../Engine/Content/Internationalization/icudt64l/lang/shi_Latn.res" 1780
"../../../Engine/Content/Internationalization/icudt64l/lang/shi_MA.res" 1781
"../../../Engine/Content/Internationalization/icudt64l/lang/shi_Tfng_MA.res" 1782
"../../../Engine/Content/Internationalization/icudt64l/lang/shi_Tfng.res" 1783
"../../../Engine/Content/Internationalization/icudt64l/region/shi_MA.res" 1784
"../../../Engine/Content/Internationalization/icudt64l/region/shi_Tfng_MA.res" 1785
"../../../Engine/Content/Internationalization/icudt64l/region/shi_Tfng.res" 1786
"../../../Engine/Content/Internationalization/icudt64l/region/shi.res" 1787
"../../../Engine/Content/Internationalization/icudt64l/region/shi_Latn.res" 1788
"../../../Engine/Content/Internationalization/icudt64l/lang/si.res" 1789
"../../../Engine/Content/Internationalization/icudt64l/region/si.res" 1790
"../../../Engine/Content/Internationalization/icudt64l/lang/sk.res" 1791
"../../../Engine/Content/Internationalization/icudt64l/region/sk.res" 1792
"../../../Engine/Content/Internationalization/icudt64l/lang/sl.res" 1793
"../../../Engine/Content/Internationalization/icudt64l/region/sl.res" 1794
"../../../Engine/Content/Internationalization/icudt64l/lang/smn.res" 1795
"../../../Engine/Content/Internationalization/icudt64l/region/smn.res" 1796
"../../../Engine/Content/Internationalization/icudt64l/lang/sn.res" 1797
"../../../Engine/Content/Internationalization/icudt64l/region/sn.res" 1798
"../../../Engine/Content/Internationalization/icudt64l/lang/so.res" 1799
"../../../Engine/Content/Internationalization/icudt64l/region/so.res" 1800
"../../../Engine/Content/Internationalization/icudt64l/lang/sq.res" 1801
"../../../Engine/Content/Internationalization/icudt64l/region/sq.res" 1802
"../../../Engine/Content/Internationalization/icudt64l/lang/sr.res" 1803
"../../../Engine/Content/Internationalization/icudt64l/lang/sr_Cyrl.res" 1804
"../../../Engine/Content/Internationalization/icudt64l/lang/sr_BA.res" 1805
"../../../Engine/Content/Internationalization/icudt64l/lang/sr_Cyrl_BA.res" 1806
"../../../Engine/Content/Internationalization/icudt64l/region/sr_BA.res" 1807
"../../../Engine/Content/Internationalization/icudt64l/region/sr_Cyrl_BA.res" 1808
"../../../Engine/Content/Internationalization/icudt64l/region/sr_Cyrl.res" 1809
"../../../Engine/Content/Internationalization/icudt64l/region/sr.res" 1810
"../../../Engine/Content/Internationalization/icudt64l/lang/sr_ME.res" 1811
"../../../Engine/Content/Internationalization/icudt64l/lang/sr_Latn_ME.res" 1812
"../../../Engine/Content/Internationalization/icudt64l/lang/sr_Latn.res" 1813
"../../../Engine/Content/Internationalization/icudt64l/region/sr_ME.res" 1814
"../../../Engine/Content/Internationalization/icudt64l/region/sr_Latn_ME.res" 1815
"../../../Engine/Content/Internationalization/icudt64l/region/sr_Latn.res" 1816
"../../../Engine/Content/Internationalization/icudt64l/lang/sr_Cyrl_ME.res" 1817
"../../../Engine/Content/Internationalization/icudt64l/region/sr_Cyrl_ME.res" 1818
"../../../Engine/Content/Internationalization/icudt64l/lang/sr_RS.res" 1819
"../../../Engine/Content/Internationalization/icudt64l/lang/sr_Cyrl_RS.res" 1820
"../../../Engine/Content/Internationalization/icudt64l/region/sr_RS.res" 1821
"../../../Engine/Content/Internationalization/icudt64l/region/sr_Cyrl_RS.res" 1822
"../../../Engine/Content/Internationalization/icudt64l/lang/sr_XK.res" 1823
"../../../Engine/Content/Internationalization/icudt64l/lang/sr_Cyrl_XK.res" 1824
"../../../Engine/Content/Internationalization/icudt64l/region/sr_XK.res" 1825
"../../../Engine/Content/Internationalization/icudt64l/region/sr_Cyrl_XK.res" 1826
"../../../Engine/Content/Internationalization/icudt64l/lang/sr_Latn_BA.res" 1827
"../../../Engine/Content/Internationalization/icudt64l/region/sr_Latn_BA.res" 1828
"../../../Engine/Content/Internationalization/icudt64l/lang/sr_Latn_RS.res" 1829
"../../../Engine/Content/Internationalization/icudt64l/region/sr_Latn_RS.res" 1830
"../../../Engine/Content/Internationalization/icudt64l/lang/sr_Latn_XK.res" 1831
"../../../Engine/Content/Internationalization/icudt64l/region/sr_Latn_XK.res" 1832
"../../../Engine/Content/Internationalization/icudt64l/lang/sv.res" 1833
"../../../Engine/Content/Internationalization/icudt64l/region/sv.res" 1834
"../../../Engine/Content/Internationalization/icudt64l/lang/sv_FI.res" 1835
"../../../Engine/Content/Internationalization/icudt64l/lang/sw.res" 1836
"../../../Engine/Content/Internationalization/icudt64l/lang/sw_CD.res" 1837
"../../../Engine/Content/Internationalization/icudt64l/region/sw_CD.res" 1838
"../../../Engine/Content/Internationalization/icudt64l/region/sw.res" 1839
"../../../Engine/Content/Internationalization/icudt64l/lang/sw_KE.res" 1840
"../../../Engine/Content/Internationalization/icudt64l/region/sw_KE.res" 1841
"../../../Engine/Content/Internationalization/icudt64l/lang/ta.res" 1842
"../../../Engine/Content/Internationalization/icudt64l/region/ta.res" 1843
"../../../Engine/Content/Internationalization/icudt64l/lang/te.res" 1844
"../../../Engine/Content/Internationalization/icudt64l/region/te.res" 1845
"../../../Engine/Content/Internationalization/icudt64l/lang/teo.res" 1846
"../../../Engine/Content/Internationalization/icudt64l/region/teo.res" 1847
"../../../Engine/Content/Internationalization/icudt64l/lang/tg.res" 1848
"../../../Engine/Content/Internationalization/icudt64l/region/tg.res" 1849
"../../../Engine/Content/Internationalization/icudt64l/lang/th.res" 1850
"../../../Engine/Content/Internationalization/icudt64l/lang/th_TH.res" 1851
"../../../Engine/Content/Internationalization/icudt64l/region/th_TH.res" 1852
"../../../Engine/Content/Internationalization/icudt64l/region/th.res" 1853
"../../../Engine/Content/Internationalization/icudt64l/lang/ti.res" 1854
"../../../Engine/Content/Internationalization/icudt64l/region/ti.res" 1855
"../../../Engine/Content/Internationalization/icudt64l/lang/tk.res" 1856
"../../../Engine/Content/Internationalization/icudt64l/region/tk.res" 1857
"../../../Engine/Content/Internationalization/icudt64l/lang/to.res" 1858
"../../../Engine/Content/Internationalization/icudt64l/region/to.res" 1859
"../../../Engine/Content/Internationalization/icudt64l/lang/tr.res" 1860
"../../../Engine/Content/Internationalization/icudt64l/region/tr.res" 1861
"../../../Engine/Content/Internationalization/icudt64l/lang/tt.res" 1862
"../../../Engine/Content/Internationalization/icudt64l/region/tt.res" 1863
"../../../Engine/Content/Internationalization/icudt64l/lang/twq.res" 1864
"../../../Engine/Content/Internationalization/icudt64l/region/twq.res" 1865
"../../../Engine/Content/Internationalization/icudt64l/lang/tzm.res" 1866
"../../../Engine/Content/Internationalization/icudt64l/region/tzm.res" 1867
"../../../Engine/Content/Internationalization/icudt64l/lang/ug.res" 1868
"../../../Engine/Content/Internationalization/icudt64l/region/ug.res" 1869
"../../../Engine/Content/Internationalization/icudt64l/lang/uk.res" 1870
"../../../Engine/Content/Internationalization/icudt64l/region/uk.res" 1871
"../../../Engine/Content/Internationalization/icudt64l/lang/ur.res" 1872
"../../../Engine/Content/Internationalization/icudt64l/lang/ur_IN.res" 1873
"../../../Engine/Content/Internationalization/icudt64l/region/ur_IN.res" 1874
"../../../Engine/Content/Internationalization/icudt64l/region/ur.res" 1875
"../../../Engine/Content/Internationalization/icudt64l/lang/uz.res" 1876
"../../../Engine/Content/Internationalization/icudt64l/lang/uz_Arab.res" 1877
"../../../Engine/Content/Internationalization/icudt64l/lang/uz_AF.res" 1878
"../../../Engine/Content/Internationalization/icudt64l/lang/uz_Arab_AF.res" 1879
"../../../Engine/Content/Internationalization/icudt64l/region/uz_AF.res" 1880
"../../../Engine/Content/Internationalization/icudt64l/region/uz_Arab_AF.res" 1881
"../../../Engine/Content/Internationalization/icudt64l/region/uz_Arab.res" 1882
"../../../Engine/Content/Internationalization/icudt64l/lang/uz_Cyrl.res" 1883
"../../../Engine/Content/Internationalization/icudt64l/lang/uz_UZ.res" 1884
"../../../Engine/Content/Internationalization/icudt64l/lang/uz_Latn_UZ.res" 1885
"../../../Engine/Content/Internationalization/icudt64l/lang/uz_Latn.res" 1886
"../../../Engine/Content/Internationalization/icudt64l/region/uz_UZ.res" 1887
"../../../Engine/Content/Internationalization/icudt64l/region/uz_Latn_UZ.res" 1888
"../../../Engine/Content/Internationalization/icudt64l/region/uz_Latn.res" 1889
"../../../Engine/Content/Internationalization/icudt64l/region/uz.res" 1890
"../../../Engine/Content/Internationalization/icudt64l/region/uz_Cyrl.res" 1891
"../../../Engine/Content/Internationalization/icudt64l/lang/vai.res" 1892
"../../../Engine/Content/Internationalization/icudt64l/lang/vai_Latn.res" 1893
"../../../Engine/Content/Internationalization/icudt64l/lang/vai_LR.res" 1894
"../../../Engine/Content/Internationalization/icudt64l/lang/vai_Vaii_LR.res" 1895
"../../../Engine/Content/Internationalization/icudt64l/lang/vai_Vaii.res" 1896
"../../../Engine/Content/Internationalization/icudt64l/region/vai_LR.res" 1897
"../../../Engine/Content/Internationalization/icudt64l/region/vai_Vaii_LR.res" 1898
"../../../Engine/Content/Internationalization/icudt64l/region/vai_Vaii.res" 1899
"../../../Engine/Content/Internationalization/icudt64l/region/vai.res" 1900
"../../../Engine/Content/Internationalization/icudt64l/region/vai_Latn.res" 1901
"../../../Engine/Content/Internationalization/icudt64l/lang/vi.res" 1902
"../../../Engine/Content/Internationalization/icudt64l/region/vi.res" 1903
"../../../Engine/Content/Internationalization/icudt64l/lang/vun.res" 1904
"../../../Engine/Content/Internationalization/icudt64l/region/vun.res" 1905
"../../../Engine/Content/Internationalization/icudt64l/lang/wae.res" 1906
"../../../Engine/Content/Internationalization/icudt64l/region/wae.res" 1907
"../../../Engine/Content/Internationalization/icudt64l/lang/wo.res" 1908
"../../../Engine/Content/Internationalization/icudt64l/region/wo.res" 1909
"../../../Engine/Content/Internationalization/icudt64l/lang/xh.res" 1910
"../../../Engine/Content/Internationalization/icudt64l/region/xh.res" 1911
"../../../Engine/Content/Internationalization/icudt64l/lang/xog.res" 1912
"../../../Engine/Content/Internationalization/icudt64l/region/xog.res" 1913
"../../../Engine/Content/Internationalization/icudt64l/lang/yav.res" 1914
"../../../Engine/Content/Internationalization/icudt64l/region/yav.res" 1915
"../../../Engine/Content/Internationalization/icudt64l/lang/yi.res" 1916
"../../../Engine/Content/Internationalization/icudt64l/region/yi.res" 1917
"../../../Engine/Content/Internationalization/icudt64l/lang/yo.res" 1918
"../../../Engine/Content/Internationalization/icudt64l/lang/yo_BJ.res" 1919
"../../../Engine/Content/Internationalization/icudt64l/region/yo_BJ.res" 1920
"../../../Engine/Content/Internationalization/icudt64l/region/yo.res" 1921
"../../../Engine/Content/Internationalization/icudt64l/lang/yue.res" 1922
"../../../Engine/Content/Internationalization/icudt64l/lang/yue_Hans.res" 1923
"../../../Engine/Content/Internationalization/icudt64l/lang/yue_CN.res" 1924
"../../../Engine/Content/Internationalization/icudt64l/lang/yue_Hans_CN.res" 1925
"../../../Engine/Content/Internationalization/icudt64l/region/yue_CN.res" 1926
"../../../Engine/Content/Internationalization/icudt64l/region/yue_Hans_CN.res" 1927
"../../../Engine/Content/Internationalization/icudt64l/region/yue_Hans.res" 1928
"../../../Engine/Content/Internationalization/icudt64l/lang/yue_Hant.res" 1929
"../../../Engine/Content/Internationalization/icudt64l/lang/yue_HK.res" 1930
"../../../Engine/Content/Internationalization/icudt64l/lang/yue_Hant_HK.res" 1931
"../../../Engine/Content/Internationalization/icudt64l/region/yue_HK.res" 1932
"../../../Engine/Content/Internationalization/icudt64l/region/yue_Hant_HK.res" 1933
"../../../Engine/Content/Internationalization/icudt64l/region/yue_Hant.res" 1934
"../../../Engine/Content/Internationalization/icudt64l/region/yue.res" 1935
"../../../Engine/Content/Internationalization/icudt64l/lang/zgh.res" 1936
"../../../Engine/Content/Internationalization/icudt64l/region/zgh.res" 1937
"../../../Engine/Content/Internationalization/icudt64l/lang/zh.res" 1938
"../../../Engine/Content/Internationalization/icudt64l/lang/zh_Hans.res" 1939
"../../../Engine/Content/Internationalization/icudt64l/lang/zh_CN.res" 1940
"../../../Engine/Content/Internationalization/icudt64l/lang/zh_Hans_CN.res" 1941
"../../../Engine/Content/Internationalization/icudt64l/region/zh_CN.res" 1942
"../../../Engine/Content/Internationalization/icudt64l/region/zh_Hans_CN.res" 1943
"../../../Engine/Content/Internationalization/icudt64l/region/zh_Hans.res" 1944
"../../../Engine/Content/Internationalization/icudt64l/region/zh.res" 1945
"../../../Engine/Content/Internationalization/icudt64l/lang/zh_HK.res" 1946
"../../../Engine/Content/Internationalization/icudt64l/lang/zh_Hant_HK.res" 1947
"../../../Engine/Content/Internationalization/icudt64l/lang/zh_Hant.res" 1948
"../../../Engine/Content/Internationalization/icudt64l/region/zh_HK.res" 1949
"../../../Engine/Content/Internationalization/icudt64l/region/zh_Hant_HK.res" 1950
"../../../Engine/Content/Internationalization/icudt64l/region/zh_Hant.res" 1951
"../../../Engine/Content/Internationalization/icudt64l/lang/zh_MO.res" 1952
"../../../Engine/Content/Internationalization/icudt64l/lang/zh_Hant_MO.res" 1953
"../../../Engine/Content/Internationalization/icudt64l/region/zh_MO.res" 1954
"../../../Engine/Content/Internationalization/icudt64l/region/zh_Hant_MO.res" 1955
"../../../Engine/Content/Internationalization/icudt64l/lang/zh_SG.res" 1956
"../../../Engine/Content/Internationalization/icudt64l/lang/zh_Hans_SG.res" 1957
"../../../Engine/Content/Internationalization/icudt64l/region/zh_SG.res" 1958
"../../../Engine/Content/Internationalization/icudt64l/region/zh_Hans_SG.res" 1959
"../../../Engine/Content/Internationalization/icudt64l/lang/zh_TW.res" 1960
"../../../Engine/Content/Internationalization/icudt64l/lang/zh_Hant_TW.res" 1961
"../../../Engine/Content/Internationalization/icudt64l/region/zh_TW.res" 1962
"../../../Engine/Content/Internationalization/icudt64l/region/zh_Hant_TW.res" 1963
"../../../Engine/Content/Internationalization/icudt64l/lang/zu.res" 1964
"../../../Engine/Content/Internationalization/icudt64l/region/zu.res" 1965
"../../../Engine/Content/Internationalization/icudt64l/lang/no.res" 1966
"../../../Engine/Content/Internationalization/icudt64l/lang/tl.res" 1967
"../../../Engine/Config/Android/DataDrivenPlatformInfo.ini" 1968
"../../../Engine/Config/IOS/DataDrivenPlatformInfo.ini" 1969
"../../../Engine/Config/Linux/DataDrivenPlatformInfo.ini" 1970
"../../../Engine/Config/Mac/DataDrivenPlatformInfo.ini" 1971
"../../../Engine/Config/TVOS/DataDrivenPlatformInfo.ini" 1972
"../../../Engine/Config/Unix/DataDrivenPlatformInfo.ini" 1973
"../../../Engine/Config/VulkanPC/DataDrivenPlatformInfo.ini" 1974
"../../../Engine/Config/Windows/DataDrivenPlatformInfo.ini" 1975
"../../../Engine/Platforms/VisionOS/Config/DataDrivenPlatformInfo.ini" 1976
"../../../Engine/Content/Renderer/TessellationTable.bin" 1977
"../../../Engine/DerivedDataCache/Compressed.ddp" 1978
"C:/Users/NDLinh/AppData/Local/UnrealEngine/5.6/Saved/Zen/zen.version" 1979
"C:/Users/NDLinh/AppData/Local/UnrealEngine/Common/Zen/Install/zen.version" 1980
"C:/Users/NDLinh/AppData/Local/UnrealEngine/Common/Zen/Install/zenserver.runcontext" 1981
"C:/Users/NDLinh/AppData/Local/UnrealEngine/Common/DerivedDataCache/TestData/0/TestData_4kb.dat" 1982
"C:/Users/NDLinh/AppData/Local/UnrealEngine/Common/DerivedDataCache/TestData/1/TestData_4kb.dat" 1983
"C:/Users/NDLinh/AppData/Local/UnrealEngine/Common/DerivedDataCache/TestData/0/TestData_8kb.dat" 1984
"C:/Users/NDLinh/AppData/Local/UnrealEngine/Common/DerivedDataCache/TestData/1/TestData_8kb.dat" 1985
"C:/Users/NDLinh/AppData/Local/UnrealEngine/Common/DerivedDataCache/TestData/0/TestData_16kb.dat" 1986
"C:/Users/NDLinh/AppData/Local/UnrealEngine/Common/DerivedDataCache/TestData/1/TestData_16kb.dat" 1987
"C:/Users/NDLinh/AppData/Local/UnrealEngine/Common/DerivedDataCache/TestData/0/TestData_64kb.dat" 1988
"C:/Users/NDLinh/AppData/Local/UnrealEngine/Common/DerivedDataCache/TestData/1/TestData_64kb.dat" 1989
"C:/Users/NDLinh/AppData/Local/UnrealEngine/Common/DerivedDataCache/TestData/0/TestData_128kb.dat" 1990
"C:/Users/NDLinh/AppData/Local/UnrealEngine/Common/DerivedDataCache/TestData/1/TestData_128kb.dat" 1991
"C:/Users/NDLinh/AppData/Local/UnrealEngine/Common/DerivedDataCache/TestData/0/TestData_256kb.dat" 1992
"C:/Users/NDLinh/AppData/Local/UnrealEngine/Common/DerivedDataCache/TestData/1/TestData_256kb.dat" 1993
"C:/Users/NDLinh/AppData/Roaming/Unreal Engine/UnrealBuildTool/BuildConfiguration.xml" 1994
"../../../../UE projects/rpg_project/Intermediate/ShaderAutogen/PCD3D_SM6/AutogenShaderHeaders.ush" 1995
"../../../Engine/Shaders/Private/HairStrands/HairStrandsVertexFactory.ush" 1996
"../../../Engine/Shaders/Private/VertexFactoryCommon.ush" 1997
"../../../Engine/Shaders/Private/Common.ush" 1998
"../../../Engine/Shaders/Public/Platform.ush" 1999
"../../../Engine/Shaders/Public/FP16Math.ush" 2000
"../../../Engine/Shaders/Public/Platform/D3D/D3DCommon.ush" 2001
"../../../Engine/Shaders/Shared/HLSLReservedSpaces.h" 2002
"../../../Engine/Shaders/Public/BindlessResources.ush" 2003
"../../../Engine/Shaders/Public/Platform/D3D/PlatformBindlessResources.ush" 2004
"../../../Engine/Shaders/Shared/RayTracingBuiltInResources.h" 2005
"../../../Engine/Shaders/Shared/RayTracingDefinitions.h" 2006
"../../../Engine/Shaders/Public/OverloadMacros.ush" 2007
"../../../Engine/Shaders/Public/ShaderVersion.ush" 2008
"../../../Engine/Shaders/Shared/ThirdParty/NVIDIA/nvHLSLExtns.h" 2009
"../../../Engine/Shaders/Shared/ThirdParty/NVIDIA/nvHLSLExtnsInternal.h" 2010
"../../../Engine/Shaders/Shared/ThirdParty/NVIDIA/nvShaderExtnEnums.h" 2011
"../../../Engine/Shaders/Private/PackUnpack.ush" 2012
"../../../Engine/Shaders/Private/GeneratedUniformBufferTypes.ush" 2013
"../../../Engine/Shaders/Private/Nanite/NanitePackedNaniteView.ush" 2014
"../../../Engine/Shaders/Private/HairStrands/HairStrandsVisibilityCommonStruct.ush" 2015
"../../../Engine/Shaders/Private/HairStrands/HairStrandsVoxelPageCommonStruct.ush" 2016
"../../../Engine/Shaders/Private/HairStrands/HairStrandsDeepShadowCommonStruct.ush" 2017
"../../../Engine/Shaders/Shared/LightSceneData.h" 2018
"../../../Engine/Shaders/Shared/HLSLTypeAliases.h" 2019
"../../../Engine/Shaders/Private/LargeWorldCoordinates.ush" 2020
"../../../Engine/Shaders/Private/DoubleFloat.ush" 2021
"../../../Engine/Shaders/Private/RandomPCG.ush" 2022
"../../../Engine/Shaders/Private/DoubleFloatOperations.ush" 2023
"../../../Engine/Shaders/Private/DoubleFloatVectorDefinition.ush" 2024
"../../../Engine/Shaders/Private/LWCOperations.ush" 2025
"../../../Engine/Shaders/Shared/LightViewData.h" 2026
"../../../Engine/Shaders/Shared/RayTracingTypes.h" 2027
"../../../Engine/Shaders/Shared/HLSLStaticAssert.h" 2028
"../../../Engine/Shaders/Private/CommonViewUniformBuffer.ush" 2029
"../../../Engine/Shaders/Private/InstancedStereo.ush" 2030
"../../../Engine/Shaders/Private/Definitions.usf" 2031
"../../../Engine/Shaders/Private/AssertionMacros.ush" 2032
"../../../Engine/Shaders/Private/FastMath.ush" 2033
"../../../Engine/Shaders/Private/FastMathThirdParty.ush" 2034
"../../../Engine/Shaders/Private/Random.ush" 2035
"../../../Engine/Shaders/Private/RandomInterleavedGradientNoise.ush" 2036
"../../../Engine/Shaders/Private/SceneData.ush" 2037
"../../../Engine/Shaders/Private/OctahedralCommon.ush" 2038
"../../../Engine/Shaders/Private/WaveOpUtil.ush" 2039
"../../../Engine/Shaders/Private/ByteBuffer.ush" 2040
"../../../Engine/Shaders/Shared/SceneDefinitions.h" 2041
"../../../Engine/Shaders/Private/SceneDataMobileLoader.ush" 2042
"../../../Engine/Shaders/Private/LocalVertexFactoryCommon.ush" 2043
"../../../Engine/Shaders/Private/HairStrands/HairStrandsVisibilityCommon.ush" 2044
"../../../Engine/Shaders/Shared/HairStrandsDefinitions.h" 2045
"../../../Engine/Shaders/Private/HairStrands/HairStrandsVertexFactoryCommon.ush" 2046
"../../../Engine/Shaders/Private/HairStrands/HairStrandsPack.ush" 2047
"../../../Engine/Shaders/Private/HairStrands/HairStrandsAttributeCommon.ush" 2048
"../../../Engine/Shaders/Private/HairStrands/HairStrandsAttributeTemplate.ush" 2049
"../../../Engine/Shaders/Private/VertexFactoryDefaultInterface.ush" 2050
"../../../Engine/Shaders/Private/HairStrands/HairCardsVertexFactory.ush" 2051
"../../../Engine/Shaders/Private/HairStrands/HairCardsAttributeCommon.ush" 2052
"../../../Engine/Shaders/Private/RayTracing/RayTracingCommon.ush" 2053
"../../../Engine/Shaders/Private/ShadingCommon.ush" 2054
"../../../Engine/Shaders/Shared/RayTracingPayloadType.h" 2055
"../../../Engine/Shaders/Private/RayTracing/RayTracingRayCone.ush" 2056
"../../../Engine/Shaders/Private/Substrate/Substrate.ush" 2057
"../../../Engine/Shaders/Private/ShadingEnergyConservation.ush" 2058
"../../../Engine/Shaders/Private/ShadingEnergyConservationTemplate.ush" 2059
"../../../Engine/Shaders/Private/BRDF.ush" 2060
"../../../Engine/Shaders/Private/ColorSpace.ush" 2061
"../../../Engine/Shaders/Private/DeferredShadingCommon.ush" 2062
"../../../Engine/Shaders/Private/LightAccumulator.ush" 2063
"../../../Engine/Shaders/Private/SceneTexturesCommon.ush" 2064
"../../../Engine/Shaders/Private/MonteCarlo.ush" 2065
"../../../Engine/Shaders/Private/GBufferHelpers.ush" 2066
"../../../Engine/Shaders/Private/SceneTextureParameters.ush" 2067
"E:/Epic Games/UE projects/rpg_project/Intermediate/ShaderAutogen/PCD3D_SM6/AutogenShaderHeaders.ush" 2068
"../../../Engine/Shaders/Private/ParticipatingMediaCommon.ush" 2069
"../../../Engine/Shaders/Private/ThinFilmBSDF.ush" 2070
"../../../Engine/Shaders/Private/MortonCode.ush" 2071
"../../../Engine/Shaders/Private/SubsurfaceProfileCommon.ush" 2072
"../../../Engine/Shaders/Private/BurleyNormalizedSSSCommon.ush" 2073
"../../../Engine/Shaders/Private/GammaCorrectionCommon.ush" 2074
"../../../Engine/Shaders/Shared/SubstrateDefinitions.h" 2075
"../../../Engine/Shaders/Private/Substrate/SubstrateStatisticalOperators.ush" 2076
"../../../Engine/Shaders/Private/Substrate/SubstrateSubsurface.ush" 2077
"../../../Engine/Shaders/Private/TransmissionCommon.ush" 2078
"../../../Engine/Shaders/Private/Substrate/SubstrateExportCommon.ush" 2079
"../../../Engine/Shaders/Private/SpecularProfileCommon.ush" 2080
"../../../Engine/Shaders/Private/RayTracing/RayTracingCommonMetal.ush" 2081
"../../../Engine/Shaders/Private/PositionReconstructionCommon.ush" 2082
"../../../Engine/Shaders/Private/RayTracing/TraceRayInline.ush" 2083
"../../../Engine/Shaders/Private/RayTracing/TraceRayInlineCommon.ush" 2084
"../../../Engine/Shaders/Private/RayTracing/TraceRayInlineVulkan.ush" 2085
"../../../Engine/Shaders/Private/RayTracing/TraceRayInlineMetal.ush" 2086
"../../../Engine/Shaders/Private/RayTracing/TraceRayInlineD3D12.ush" 2087
"../../../Engine/Shaders/Private/RayTracing/RayTracingHitGroupCommon.ush" 2088
"../../../Engine/Shaders/Private/Nanite/NaniteRayTrace.ush" 2089
"../../../Engine/Shaders/Private/Nanite/NaniteDataDecode.ush" 2090
"../../../Engine/Shaders/Private/BitPacking.ush" 2091
"../../../Engine/Shaders/Private/BitStreamReaderImplementation.ush" 2092
"../../../Engine/Shaders/Private/BoneTransform.ush" 2093
"../../../Engine/Shaders/Private/Quaternion.ush" 2094
"../../../Engine/Shaders/Shared/NaniteDefinitions.h" 2095
"../../../Engine/Shaders/Shared/SkinningDefinitions.h" 2096
"../../../Engine/Shaders/Private/Nanite/NaniteAttributeDecode.ush" 2097
"../../../Engine/Shaders/Private/Barycentrics.ush" 2098
"../../../Engine/Shaders/Private/DualNumber.ush" 2099
"../../../Engine/Shaders/Shared/ThirdParty/RayTriangleIntersection.h" 2100
"../../../Engine/Shaders/Private/Nanite/NaniteVertexFetch.ush" 2101
"../../../Engine/Shaders/Private/Nanite/NaniteSceneCommon.ush" 2102
"../../../Engine/Plugins/FX/Niagara/Shaders/Private/NiagaraSpriteVertexFactory.ush" 2103
"../../../Engine/Shaders/Private/ParticleVertexFactoryCommon.ush" 2104
"../../../Engine/Plugins/FX/Niagara/Shaders/Private/NiagaraVFCommon.usf" 2105
"../../../Engine/Plugins/FX/Niagara/Shaders/Private/NiagaraVFParticleAccess.usf" 2106
"../../../Engine/Plugins/FX/Niagara/Shaders/Private/NiagaraParticleAccess.ush" 2107
"../../../Engine/Plugins/FX/Niagara/Shaders/Private/NiagaraRibbonVertexFactory.ush" 2108
"../../../Engine/Plugins/FX/Niagara/Shaders/Private/NiagaraMeshVertexFactory.ush" 2109
"../../../Engine/Plugins/FX/Niagara/Shaders/Private/NiagaraCommon.ush" 2110
"../../../Engine/Plugins/FX/Niagara/Shaders/Private/NiagaraMeshParticleUtils.ush" 2111
"../../../Engine/Shaders/Private/VectorFieldVisualizationVertexFactory.ush" 2112
"../../../Engine/Shaders/Private/Nanite/NaniteVertexFactory.ush" 2113
"../../../Engine/Shaders/Private/LightmapData.ush" 2114
"../../../Engine/Shaders/Private/SplineMeshCommon.ush" 2115
"../../../Engine/Shaders/Shared/SplineMeshShaderParams.h" 2116
"../../../Engine/Shaders/Private/ShaderPrint.ush" 2117
"../../../Engine/Shaders/Private/ShaderPrintCommon.ush" 2118
"../../../Engine/Shaders/Private/MiniFontCommon.ush" 2119
"../../../Engine/Shaders/Private/MaterialCache/MaterialCacheCommon.ush" 2120
"../../../Engine/Shaders/Shared/MaterialCacheDefinitions.h" 2121
"../../../Engine/Shaders/Private/Nanite/NaniteVertexDeformation.ush" 2122
"../../../Engine/Shaders/Private/ViewData.ush" 2123
"../../../Engine/Shaders/Shared/ViewDefinitions.h" 2124
"../../../Engine/Shaders/Private/Matrices.ush" 2125
"../../../Engine/Shaders/Private/ParticleSpriteVertexFactory.ush" 2126
"../../../Engine/Shaders/Private/ParticleGPUSpriteVertexFactory.ush" 2127
"../../../Engine/Shaders/Private/ParticleSimulationCommon.ush" 2128
"../../../Engine/Shaders/Private/ParticleBeamTrailVertexFactory.ush" 2129
"../../../Engine/Shaders/Private/MeshParticleVertexFactory.ush" 2130
"../../../Engine/Shaders/Private/LocalVertexFactory.ush" 2131
"../../../Engine/Shaders/Private/GpuSkinCommon.ush" 2132
"../../../Engine/Shaders/Private/GpuSkinVertexFactory.ush" 2133
"../../../Engine/Shaders/Private/GeometryCollectionVertexFactory.ush" 2134
"../../../Engine/Shaders/Private/GeometryCacheVertexFactory.ush" 2135
"../../../Engine/Shaders/Private/LandscapeVertexFactory.ush" 2136
"../../../Engine/Plugins/Experimental/Compositing/CompositeCore/Shaders/Private/CompositeCoreMerge.usf" 2137
"../../../Engine/Shaders/Private/ScreenPass.ush" 2138
"../../../Engine/Shaders/Private/LensDistortion.ush" 2139
"../../../Engine/Plugins/Experimental/Compositing/CompositeCore/Shaders/Private/CompositeCoreDisplayTransform.usf" 2140
"../../../Engine/Plugins/Experimental/Compositing/CompositeCore/Shaders/Private/CompositeCoreDilate.usf" 2141
"../../../Engine/Plugins/NNE/NNEDenoiser/Shaders/NNEDenoiserShadersTransferFunctionOidn.usf" 2142
"../../../Engine/Plugins/NNE/NNEDenoiser/Shaders/NNEDenoiserShadersMappedCopy.usf" 2143
"../../../Engine/Plugins/NNE/NNEDenoiser/Shaders/NNEDenoiserShadersDefaultIOProcess.usf" 2144
"../../../Engine/Plugins/NNE/NNEDenoiser/Shaders/NNEDenoiserShadersAutoExposureReduceFinal.usf" 2145
"../../../Engine/Plugins/NNE/NNEDenoiser/Shaders/NNEDenoiserShadersAutoExposureReduce.usf" 2146
"../../../Engine/Plugins/NNE/NNEDenoiser/Shaders/NNEDenoiserShadersAutoExposureDownsample.usf" 2147
"../../../Engine/Plugins/VirtualProduction/CameraCalibrationCore/Shaders/Private/CrosshairOverlay.usf" 2148
"../../../Engine/Plugins/VirtualProduction/CameraCalibrationCore/Shaders/Private/DisplacementMapBlending.usf" 2149
"../../../Engine/Plugins/VirtualProduction/CameraCalibrationCore/Shaders/Private/RecenterSTDisplacementMaps.usf" 2150
"../../../Engine/Plugins/VirtualProduction/CameraCalibrationCore/Shaders/Private/FillSTDisplacementMap.usf" 2151
"../../../Engine/Plugins/VirtualProduction/CameraCalibrationCore/Shaders/Private/InvertDisplacementMap.usf" 2152
"../../../Engine/Plugins/VirtualProduction/CameraCalibrationCore/Shaders/Private/CropDisplacementMap.usf" 2153
"../../../Engine/Plugins/VirtualProduction/CameraCalibrationCore/Shaders/Private/BlendDisplacementMaps.usf" 2154
"../../../Engine/Plugins/VirtualProduction/CameraCalibrationCore/Shaders/Private/DrawDisplacementMaps.usf" 2155
"../../../Engine/Plugins/VirtualProduction/CameraCalibrationCore/Shaders/Private/UndistortImagePoints.usf" 2156
"../../../Engine/Plugins/VirtualProduction/CameraCalibrationCore/Shaders/Private/DistortionSTMapProcessor.usf" 2157
"../../../Engine/Plugins/Runtime/HairStrands/Shaders/Private/NiagaraCopyVelocityGrid.usf" 2158
"../../../Engine/Plugins/Runtime/HairStrands/Shaders/Private/NiagaraClearVelocityGrid.usf" 2159
"../../../Engine/Plugins/Runtime/HairStrands/Shaders/Private/NiagaraClearPressureGrid.usf" 2160
"../../../Engine/Plugins/Runtime/HairStrands/Shaders/Private/NiagaraInterpolateGroomGuides.usf" 2161
"../../../Engine/Plugins/Runtime/HairStrands/Shaders/Private/NiagaraGroomInterpolationUtils.ush" 2162
"../../../Engine/Plugins/FX/Niagara/Shaders/Private/NiagaraQuaternionUtils.ush" 2163
"../../../Engine/Shaders/Private/HairStrands/HairStrandsMesh.usf" 2164
"../../../Engine/Shaders/Private/HairStrands/HairStrandsBindingCommon.ush" 2165
"../../../Engine/Shaders/Private/HairStrands/HairStrandsFollicleMask.usf" 2166
"../../../Engine/Shaders/Private/HairStrands/HairStrandsSkinUpdate.usf" 2167
"../../../Engine/Shaders/Private/HairStrands/HairStrandsClusterCulling.usf" 2168
"../../../Engine/Shaders/Private/ColorMap.ush" 2169
"../../../Engine/Shaders/Private/HairStrands/HairStrandsAABBCommon.ush" 2170
"../../../Engine/Shaders/Private/HairStrands/HairStrandsClusterCommon.ush" 2171
"../../../Engine/Shaders/Private/ThreadGroupPrefixSum.ush" 2172
"../../../Engine/Shaders/Private/HairStrands/HairStrandsRaytracingGeometry.usf" 2173
"../../../Engine/Shaders/Private/HairStrands/HairStrandsTangent.usf" 2174
"../../../Engine/Shaders/Private/HairStrands/HairCardsDeformation.usf" 2175
"../../../Engine/Shaders/Private/HairStrands/HairStrandsInterpolation.usf" 2176
"../../../Engine/Shaders/Private/HairStrands/HairStrandsGuideDeform.usf" 2177
"../../../Engine/Shaders/Private/HairStrands/HairStrandsTexturesGeneration.usf" 2178
"../../../Engine/Shaders/Private/HairStrands/HairCardsTextureCommon.ush" 2179
"../../../Engine/Shaders/Private/HairStrands/HairStrandsTranscode.usf" 2180
"../../../Engine/Shaders/Private/HairStrands/HairStrandsDebug.usf" 2181
"../../../Engine/Shaders/Private/HairShadingCommon.ush" 2182
"../../../Engine/Shaders/Private/PostProcessCommon.ush" 2183
"../../../Engine/Shaders/Private/ShadingModels.ush" 2184
"../../../Engine/Shaders/Private/CapsuleLight.ush" 2185
"../../../Engine/Shaders/Private/RectLight.ush" 2186
"../../../Engine/Shaders/Private/LightData.ush" 2187
"../../../Engine/Shaders/Shared/LightDefinitions.h" 2188
"../../../Engine/Shaders/Private/AreaLightCommon.ush" 2189
"../../../Engine/Shaders/Private/HairBsdf.ush" 2190
"../../../Engine/Shaders/Private/MobileGGX.ush" 2191
"../../../Engine/Shaders/Private/HairStrands/HairStrandsCommon.ush" 2192
"../../../Engine/Shaders/Private/HairStrands/HairStrandsEnvironmentLightingCommon.ush" 2193
"../../../Engine/Shaders/Private/HairStrands/HairStrandsDeepTransmittanceCommon.ush" 2194
"../../../Engine/Shaders/Private/HairStrands/HairStrandsDeepTransmittanceDualScattering.ush" 2195
"../../../Engine/Shaders/Private/HairStrands/HairStrandsDeepShadowCommon.ush" 2196
"../../../Engine/Shaders/Private/HairStrands/HairStrandsDebugCommonStruct.ush" 2197
"../../../Engine/Plugins/Enterprise/GLTFExporter/Shaders/Private/SimpleTexture2DPS.usf" 2198
"../../../Engine/Shaders/Private/SimpleElementNormalMapPixelShader.usf" 2199
"../../../Engine/Plugins/Media/WmfMedia/Shaders/Private/MediaHardwareVideoDecoding.usf" 2200
"../../../Engine/Shaders/Private/ColorUtils.ush" 2201
"../../../Engine/Plugins/Media/ImgMedia/Shaders/Private/ExrSwizzler.usf" 2202
"../../../Engine/Plugins/FX/Niagara/Shaders/Private/NiagaraVertexFactoryExport.usf" 2203
"../../../Engine/Shaders/Private/ComputeShaderUtils.ush" 2204
"../../../Engine/Shaders/Private/MaterialTemplate.ush" 2205
"../../../Engine/Shaders/Private/WorldSpaceMath.ush" 2206
"../../../Engine/Shaders/Private/EyeAdaptationCommon.ush" 2207
"../../../Engine/Shaders/Private/SobolRandom.ush" 2208
"../../../Engine/Shaders/Private/DepthOfFieldCommon.ush" 2209
"../../../Engine/Shaders/Private/CircleDOFCommon.ush" 2210
"../../../Engine/Shaders/Private/DistanceField/GlobalDistanceFieldShared.ush" 2211
"../../../Engine/Shaders/Private/PhysicsFieldSampler.ush" 2212
"../../../Engine/Shaders/Private/PhysicsFieldShared.ush" 2213
"../../../Engine/Shaders/Private/SparseVolumeTexture/SparseVolumeTextureCommon.ush" 2214
"../../../Engine/Shaders/Shared/EnvironmentComponentsFlags.h" 2215
"../../../Engine/Shaders/Private/MeshPaintTextureCommon.ush" 2216
"../../../Engine/Shaders/Private/VirtualTextureMaterial.ush" 2217
"../../../Engine/Shaders/Private/MaterialCache/MaterialCacheMaterialCommon.ush" 2218
"../../../Engine/Shaders/Private/MaterialCache/MaterialCacheABuffer.ush" 2219
"../../../Engine/Shaders/Private/SpeedTreeCommon.ush" 2220
"../../../Engine/Shaders/Private/VirtualTextureCommon.ush" 2221
"../../../Engine/Shaders/Private/MaterialTexture.ush" 2222
"../../../Engine/Shaders/Private/MinMaterialTexCoords.ush" 2223
"../../../Engine/Shaders/Private/SkyAtmosphereCommon.ush" 2224
"../../../Engine/Shaders/Private/SingleLayerWaterCommon.ush" 2225
"../../../Engine/Shaders/Private/TextureSampling.ush" 2226
"../../../Engine/Shaders/Private/PaniniProjection.ush" 2227
"../../../Engine/Shaders/Private/DBufferNormalReprojection.ush" 2228
"../../../Engine/Shaders/Public/SubstratePublic.ush" 2229
"../../../Engine/Shaders/Private/Substrate/SubstrateTree.ush" 2230
"../../../Engine/Shaders/Private/Substrate/SubstrateEvaluation.ush" 2231
"../../../Engine/Shaders/Private/Substrate/Glint/GlintThirdParty.ush" 2232
"../../../Engine/Shaders/Private/BlueNoise.ush" 2233
"../../../Engine/Shaders/Private/SHCommon.ush" 2234
"../../../Engine/Shaders/Private/ShadingModelsSampling.ush" 2235
"../../../Engine/Shaders/Private/HairStrands/HairBsdfSample.ush" 2236
"../../../Engine/Shaders/Private/Substrate/SubstrateLegacyConversion.ush" 2237
"../../../Engine/Shaders/Private/DBufferDecalShared.ush" 2238
"../../../Engine/Plugins/FX/Niagara/Shaders/Private/NiagaraSortKeyGen.usf" 2239
"../../../Engine/Plugins/FX/Niagara/Shaders/Private/NiagaraGPURayTracingTransforms.usf" 2240
"../../../Engine/Plugins/FX/Niagara/Shaders/Private/NiagaraDrawIndirectArgsGen.usf" 2241
"../../../Engine/Plugins/FX/Niagara/Shaders/Private/NiagaraDispatchIndirectArgsGen.usf" 2242
"../../../Engine/Plugins/FX/Niagara/Shaders/Private/Stateless/NiagaraStatelessSimulationDefault.usf" 2243
"../../../Engine/Plugins/FX/Niagara/Shaders/Private/Stateless/NiagaraStatelessSimulationTemplate.ush" 2244
"../../../Engine/Plugins/FX/Niagara/Shaders/Private/Stateless/NiagaraStatelessCommon.ush" 2245
"../../../Engine/Plugins/FX/Niagara/Shaders/Shared/NiagaraStatelessDefinitions.h" 2246
"../../../Engine/Plugins/FX/Niagara/Shaders/Shared/NiagaraStatelessBuiltDistribution.h" 2247
"../../../Engine/Plugins/FX/Niagara/Shaders/Private/Stateless/NiagaraStatelessDistribution.ush" 2248
"../../../Engine/Plugins/FX/Niagara/Shaders/Private/Stateless/Modules/NiagaraStatelessModule_CalculateAccurateVelocity.ush" 2249
"../../../Engine/Plugins/FX/Niagara/Shaders/Private/Stateless/Modules/NiagaraStatelessModule_CameraOffset.ush" 2250
"../../../Engine/Plugins/FX/Niagara/Shaders/Private/Stateless/Modules/NiagaraStatelessModule_DynamicMaterialParameters.ush" 2251
"../../../Engine/Plugins/FX/Niagara/Shaders/Private/Stateless/Modules/NiagaraStatelessModule_InitializeParticle.ush" 2252
"../../../Engine/Plugins/FX/Niagara/Shaders/Private/Stateless/Modules/NiagaraStatelessModule_InitialMeshOrientation.ush" 2253
"../../../Engine/Plugins/FX/Niagara/Shaders/Private/Stateless/Modules/NiagaraStatelessModule_MeshIndex.ush" 2254
"../../../Engine/Plugins/FX/Niagara/Shaders/Private/Stateless/Modules/NiagaraStatelessModule_MeshRotationRate.ush" 2255
"../../../Engine/Plugins/FX/Niagara/Shaders/Private/Stateless/Modules/NiagaraStatelessModule_RotateAroundPoint.ush" 2256
"../../../Engine/Plugins/FX/Niagara/Shaders/Private/Stateless/Modules/NiagaraStatelessModule_ShapeLocation.ush" 2257
"../../../Engine/Plugins/FX/Niagara/Shaders/Private/Stateless/Modules/NiagaraStatelessModule_ScaleColor.ush" 2258
"../../../Engine/Plugins/FX/Niagara/Shaders/Private/Stateless/Modules/NiagaraStatelessModule_ScaleRibbonWidth.ush" 2259
"../../../Engine/Plugins/FX/Niagara/Shaders/Private/Stateless/Modules/NiagaraStatelessModule_ScaleSpriteSize.ush" 2260
"../../../Engine/Plugins/FX/Niagara/Shaders/Private/Stateless/Modules/NiagaraStatelessModule_ScaleSpriteSizeBySpeed.ush" 2261
"../../../Engine/Plugins/FX/Niagara/Shaders/Private/Stateless/Modules/NiagaraStatelessModule_ScaleMeshSize.ush" 2262
"../../../Engine/Plugins/FX/Niagara/Shaders/Private/Stateless/Modules/NiagaraStatelessModule_ScaleMeshSizebySpeed.ush" 2263
"../../../Engine/Plugins/FX/Niagara/Shaders/Private/Stateless/Modules/NiagaraStatelessModule_SolveVelocitiesAndForces.ush" 2264
"../../../Engine/Plugins/FX/Niagara/Shaders/Private/Stateless/Modules/NiagaraStatelessModule_SpriteFacingAndAlignment.ush" 2265
"../../../Engine/Plugins/FX/Niagara/Shaders/Private/Stateless/Modules/NiagaraStatelessModule_SpriteRotationRate.ush" 2266
"../../../Engine/Plugins/FX/Niagara/Shaders/Private/Stateless/Modules/NiagaraStatelessModule_SubUVAnimation.ush" 2267
"../../../Engine/Plugins/FX/Niagara/Shaders/Private/NiagaraBlendSVTsToDenseBuffer.usf" 2268
"../../../Engine/Plugins/FX/Niagara/Shaders/Private/NiagaraSVTToDenseBuffer.usf" 2269
"../../../Engine/Plugins/FX/Niagara/Shaders/Private/NiagaraFillIntBuffer.usf" 2270
"../../../Engine/Plugins/FX/Niagara/Shaders/Private/NiagaraComputeFreeIDs.usf" 2271
"../../../Engine/Plugins/FX/Niagara/Shaders/Private/NiagaraInitFreeIDBuffer.usf" 2272
"../../../Engine/Plugins/FX/Niagara/Shaders/Private/NiagaraEmitterInstanceShader.usf" 2273
"../../../Engine/Plugins/FX/Niagara/Shaders/Private/NiagaraShaderVersion.ush" 2274
"../../../Engine/Plugins/FX/Niagara/Shaders/Private/NiagaraPhysicsCommon.ush" 2275
"../../../Engine/Plugins/FX/Niagara/Shaders/Private/Ribbons/NiagaraRibbonAggregationApply.usf" 2276
"../../../Engine/Plugins/FX/Niagara/Shaders/Private/Ribbons/NiagaraRibbonCommon.ush" 2277
"../../../Engine/Plugins/FX/Niagara/Shaders/Private/Ribbons/NiagaraRibbonAggregationStep.usf" 2278
"../../../Engine/Plugins/FX/Niagara/Shaders/Private/Ribbons/NiagaraRibbonGenerateIndices.usf" 2279
"../../../Engine/Plugins/FX/Niagara/Shaders/Private/Ribbons/NiagaraRibbonInitializeIndices.usf" 2280
"../../../Engine/Plugins/FX/Niagara/Shaders/Private/Ribbons/NiagaraRibbonRibbonUVParamCalculation.usf" 2281
"../../../Engine/Plugins/FX/Niagara/Shaders/Private/Ribbons/NiagaraRibbonVertexReductionFinalization.usf" 2282
"../../../Engine/Plugins/FX/Niagara/Shaders/Private/Ribbons/NiagaraRibbonVertexReductionInitialization.usf" 2283
"../../../Engine/Plugins/FX/Niagara/Shaders/Private/Ribbons/NiagaraRibbonSortParticles.usf" 2284
"../../../Engine/Plugins/FX/Niagara/Shaders/Private/NiagaraLWCHelper.usf" 2285
"../../../Engine/Plugins/FX/Niagara/Shaders/Private/NiagaraUpdateMeshGPUSceneInstances.usf" 2286
"../../../Engine/Shaders/Private/GPUScene/GPUSceneWriter.ush" 2287
"../../../Engine/Plugins/FX/Niagara/Shaders/Private/NiagaraGenerateMips.usf" 2288
"../../../Engine/Plugins/FX/Niagara/Shaders/Private/NiagaraDebugDraw.usf" 2289
"../../../Engine/Plugins/FX/Niagara/Shaders/Private/NiagaraDebugDraw.ush" 2290
"../../../Engine/Plugins/FX/Niagara/Shaders/Private/NiagaraVisualizeTexture.usf" 2291
"../../../Engine/Plugins/FX/Niagara/Shaders/Private/NiagaraClearCounts.usf" 2292
"../../../Engine/Plugins/FX/Niagara/Shaders/Private/NiagaraBatchedElements.usf" 2293
"../../../Engine/Plugins/FX/Niagara/Shaders/Private/NiagaraRayTracingShaders.usf" 2294
"../../../Engine/Plugins/FX/Niagara/Shaders/Private/NiagaraAsyncGpuTraceCommon.ush" 2295
"../../../Engine/Shaders/Private/HashTable.ush" 2296
"../../../Engine/Shaders/Private/Hash.ush" 2297
"../../../Engine/Shaders/Private/RayTracing/VFXTraceRay.ush" 2298
"../../../Engine/Plugins/FX/Niagara/Shaders/Private/NiagaraRayMarchingShaders.usf" 2299
"../../../Engine/Plugins/FX/Niagara/Shaders/Private/NiagaraRayTraceCollisionGroupShaders.usf" 2300
"../../../Engine/Plugins/FX/Niagara/Shaders/Private/NiagaraAsyncGpuTraceUtils.usf" 2301
"../../../Engine/Plugins/Runtime/ComputeFramework/Shaders/Private/ComputeKernel.usf" 2302
"../../../Engine/Plugins/Runtime/ComputeFramework/Shaders/Private/ComputeKernelCommon.ush" 2303
"../../../Engine/Plugins/Experimental/NFORDenoise/Shaders/NFORDenoise.usf" 2304
"../../../Engine/Plugins/Experimental/NFORDenoise/Shaders/NFORRegressionCommon.ush" 2305
"../../../Engine/Plugins/Experimental/NFORDenoise/Shaders/NFORRegression.ush" 2306
"../../../Engine/Shaders/Private/VirtualTextureAdapter.usf" 2307
"../../../Engine/Shaders/Private/BlockCompressionCommon.ush" 2308
"../../../Engine/Shaders/Private/BCCompressionCommon.ush" 2309
"../../../Engine/Shaders/Private/TranslucentLightingShaders.usf" 2310
"../../../Engine/Shaders/Private/CubemapCommon.ush" 2311
"../../../Engine/Shaders/Private/VectorFieldCompositeShaders.usf" 2312
"../../../Engine/Shaders/Private/UpdateTextureShaders.usf" 2313
"../../../Engine/Shaders/Private/StereoLayerShader.usf" 2314
"../../../Engine/Shaders/Private/SparseVolumeTexture/UpdateSparseVolumeTexture.usf" 2315
"../../../Engine/Shaders/Private/MorphTargets.usf" 2316
"../../../Engine/Shaders/Private/SimpleElementColorChannelMaskPixelShader.usf" 2317
"../../../Engine/Shaders/Private/SimpleElementHitProxyPixelShader.usf" 2318
"../../../Engine/Shaders/Private/SimpleElementPixelShader.usf" 2319
"../../../Engine/Shaders/Private/IESLightProfilesCommon.ush" 2320
"../../../Engine/Shaders/Private/SimpleElementVertexShader.usf" 2321
"../../../Engine/Shaders/Private/ScreenPixelShaderOES.usf" 2322
"../../../Engine/Shaders/Private/ScreenVertexShader.usf" 2323
"../../../Engine/Shaders/Private/ScreenPixelShader.usf" 2324
"../../../Engine/Shaders/Private/SSProfilePreIntegratedMobile.usf" 2325
"../../../Engine/Shaders/Private/SpecularProfile.usf" 2326
"../../../Engine/Shaders/Private/Nanite/NaniteStreaming.usf" 2327
"../../../Engine/Shaders/Private/Nanite/NaniteStreaming.ush" 2328
"../../../Engine/Shaders/Private/Nanite/NaniteTranscode.usf" 2329
"../../../Engine/Shaders/Private/VolumetricLightmapStreaming.usf" 2330
"../../../Engine/Shaders/Private/PhysicsFieldReset.usf" 2331
"../../../Engine/Shaders/Private/PhysicsFieldBuilder.usf" 2332
"../../../Engine/Shaders/Private/PhysicsFieldEval.ush" 2333
"../../../Engine/Shaders/Private/ParticleSortKeyGen.usf" 2334
"../../../Engine/Shaders/Private/ParticleBoundsShader.usf" 2335
"../../../Engine/Shaders/Private/ParticleSimVisualizeShader.usf" 2336
"../../../Engine/Shaders/Private/ParticleInjectionShader.usf" 2337
"../../../Engine/Shaders/Private/ParticleSimulationShader.usf" 2338
"../../../Engine/Shaders/Private/ParticleCurveInjectionShader.usf" 2339
"../../../Engine/Shaders/Private/CopyUIntBuffer.usf" 2340
"../../../Engine/Shaders/Private/RadixSortShaders.usf" 2341
"../../../Engine/Shaders/Private/RecomputeTangentsPerVertexPass.usf" 2342
"../../../Engine/Shaders/Private/RecomputeTangentsCommon.ush" 2343
"../../../Engine/Shaders/Private/RecomputeTangentsPerTrianglePass.usf" 2344
"../../../Engine/Shaders/Private/GpuSkinCacheComputeShader.usf" 2345
"../../../Engine/Shaders/Private/HeightFieldAtlasManagement.usf" 2346
"../../../Engine/Shaders/Private/Landscape/LandscapeEditLayersUtils.usf" 2347
"../../../Engine/Shaders/Private/Landscape/LandscapeCommon.ush" 2348
"../../../Engine/Shaders/Private/Landscape/LandscapeEditLayersWeightmaps.usf" 2349
"../../../Engine/Shaders/Private/Landscape/LandscapeEditLayersHeightmaps.usf" 2350
"../../../Engine/Shaders/Private/Landscape/LandscapeLayersWeightmapsPS.usf" 2351
"../../../Engine/Shaders/Private/Landscape/LandscapeLayersHeightmapsPS.usf" 2352
"../../../Engine/Shaders/Private/LandscapeLayersCS.usf" 2353
"../../../Engine/Shaders/Private/LandscapeLayersPS.usf" 2354
"../../../Engine/Shaders/Private/LandscapeLayersVS.usf" 2355
"../../../Engine/Shaders/Private/LandscapePhysicalMaterial.usf" 2356
"../../../Engine/Shaders/Private/LandscapeGrassWeight.usf" 2357
"../../../Engine/Shaders/Private/Landscape/LandscapeCulling.usf" 2358
"../../../Engine/Shaders/Private/Nanite/NaniteHZBCull.ush" 2359
"../../../Engine/Shaders/Private/HZB.ush" 2360
"../../../Engine/Shaders/Private/Landscape/LandscapeMergeTexturesPS.usf" 2361
"../../../Engine/Shaders/Private/WideCustomResolveShaders.usf" 2362
"../../../Engine/Shaders/Private/WideCustomResolve_Wide.ush" 2363
"../../../Engine/Shaders/Private/WideCustomResolve_Wider.ush" 2364
"../../../Engine/Shaders/Private/WideCustomResolve_Widest.ush" 2365
"../../../Engine/Shaders/Private/WaterInfoTextureBlur.usf" 2366
"../../../Engine/Shaders/Private/WaterInfoTextureMerge.usf" 2367
"../../../Engine/Shaders/Private/PageTableUpdate.usf" 2368
"../../../Engine/Shaders/Private/VirtualTextureCompress.usf" 2369
"../../../Engine/Shaders/Private/ASTCCompressionCommon.ush" 2370
"../../../Engine/Shaders/Private/IntegerSequenceEncoding.ush" 2371
"../../../Engine/Shaders/Private/ETCCompressionCommon.ush" 2372
"../../../Engine/Shaders/Private/VirtualTextureMaterial.usf" 2373
"../../../Engine/Shaders/Private/PixelShaderOutputCommon.ush" 2374
"../../../Engine/Shaders/Private/ShaderOutputCommon.ush" 2375
"../../../Engine/Shaders/Private/VolumetricRenderTarget.usf" 2376
"../../../Engine/Shaders/Private/HeightFogCommon.ush" 2377
"../../../Engine/Shaders/Private/LocalFogVolumes/LocalFogVolumeCommon.ush" 2378
"../../../Engine/Shaders/Private/ReflectionEnvironmentShared.ush" 2379
"../../../Engine/Shaders/Private/VolumetricFogVoxelization.usf" 2380
"../../../Engine/Shaders/Private/VolumetricCloudMaterialPixelCommon.ush" 2381
"../../../Engine/Shaders/Private/VolumetricFogLightFunction.usf" 2382
"../../../Engine/Shaders/Private/LightFunctionCommon.ush" 2383
"../../../Engine/Shaders/Private/VolumetricFog.usf" 2384
"../../../Engine/Shaders/Private/DeferredLightingCommon.ush" 2385
"../../../Engine/Shaders/Private/DynamicLightingCommon.ush" 2386
"../../../Engine/Shaders/Private/CapsuleLightIntegrate.ush" 2387
"../../../Engine/Shaders/Private/CapsuleLightSampling.ush" 2388
"../../../Engine/Shaders/Private/RectLightIntegrate.ush" 2389
"../../../Engine/Shaders/Private/ScreenSpaceShadowRayCast.ush" 2390
"../../../Engine/Shaders/Private/LightFunctionAtlas/LightFunctionAtlasCommon.usf" 2391
"../../../Engine/Shaders/Private/HeterogeneousVolumes/HeterogeneousVolumesAdaptiveVolumetricShadowMapSampling.ush" 2392
"../../../Engine/Shaders/Private/HeterogeneousVolumes/HeterogeneousVolumesAdaptiveVolumetricShadowMapUtils.ush" 2393
"../../../Engine/Shaders/Private/HeterogeneousVolumes/HeterogeneousVolumesRayMarchingUtils.ush" 2394
"../../../Engine/Shaders/Private/HeterogeneousVolumes/HeterogeneousVolumesRayMarchingTypes.ush" 2395
"../../../Engine/Shaders/Private/PathTracing/Utilities/PathTracingRandomSequence.ush" 2396
"../../../Engine/Shaders/Private/HeterogeneousVolumes/HeterogeneousVolumesTracingUtils.ush" 2397
"../../../Engine/Shaders/Private/VelocityCommon.ush" 2398
"../../../Engine/Shaders/Private/HeterogeneousVolumes/HeterogeneousVolumesTransmittanceVolumeUtils.ush" 2399
"../../../Engine/Shaders/Private/ForwardShadowingCommon.ush" 2400
"../../../Engine/Shaders/Private/ShadowFilteringCommon.ush" 2401
"../../../Engine/Shaders/Private/PixelQuadMessagePassing.ush" 2402
"../../../Engine/Shaders/Private/VolumeLightingCommon.ush" 2403
"../../../Engine/Shaders/Private/ShadowProjectionCommon.ush" 2404
"../../../Engine/Shaders/Private/VolumeLightingCommonSampling.ush" 2405
"../../../Engine/Shaders/Private/Lumen/LumenTranslucencyVolumeShared.ush" 2406
"../../../Engine/Shaders/Private/Lumen/LumenRadianceCacheInterpolation.ush" 2407
"../../../Engine/Shaders/Private/HeterogeneousVolumes/HeterogeneousVolumesAdaptiveVolumetricShadowMapSampler.ush" 2408
"../../../Engine/Shaders/Private/LightGridCommon.ush" 2409
"../../../Engine/Shaders/Private/DistanceFieldAOShared.ush" 2410
"../../../Engine/Shaders/Private/IntersectionUtils.ush" 2411
"../../../Engine/Shaders/Private/VolumetricLightmapShared.ush" 2412
"../../../Engine/Shaders/Private/LightDataUniforms.ush" 2413
"../../../Engine/Shaders/Private/VirtualShadowMaps/VirtualShadowMapProjectionCommon.ush" 2414
"../../../Engine/Shaders/Private/VirtualShadowMaps/VirtualShadowMapPageAccessCommon.ush" 2415
"../../../Engine/Shaders/Shared/VirtualShadowMapDefinitions.h" 2416
"../../../Engine/Shaders/Shared/HLSLMathAliases.h" 2417
"../../../Engine/Shaders/Private/VirtualShadowMaps/VirtualShadowMapProjectionStructs.ush" 2418
"../../../Engine/Shaders/Private/VolumetricCloudCommon.ush" 2419
"../../../Engine/Shaders/Private/VolumetricCloud.usf" 2420
"../../../Engine/Shaders/Private/VisualizeVolumetricLightmap.usf" 2421
"../../../Engine/Shaders/Private/VirtualShadowMaps/VirtualShadowMapProjectionComposite.usf" 2422
"../../../Engine/Shaders/Private/LightShaderParameters.ush" 2423
"../../../Engine/Shaders/Private/VirtualShadowMaps/VirtualShadowMapMaskBitsCommon.ush" 2424
"../../../Engine/Shaders/Private/VirtualShadowMaps/VirtualShadowMapLightGrid.ush" 2425
"../../../Engine/Shaders/Private/VirtualShadowMaps/VirtualShadowMapProjection.usf" 2426
"../../../Engine/Shaders/Private/Visualization.ush" 2427
"../../../Engine/Shaders/Private/VirtualShadowMaps/VirtualShadowMapProjectionFilter.ush" 2428
"../../../Engine/Shaders/Private/VirtualShadowMaps/VirtualShadowMapProjectionDirectional.ush" 2429
"../../../Engine/Shaders/Private/VirtualShadowMaps/VirtualShadowMapSMRTCommon.ush" 2430
"../../../Engine/Shaders/Private/VirtualShadowMaps/VirtualShadowMapSMRTTemplate.ush" 2431
"../../../Engine/Shaders/Private/VirtualShadowMaps/VirtualShadowMapProjectionSpot.ush" 2432
"../../../Engine/Shaders/Private/VirtualShadowMaps/VirtualShadowMapTransmissionCommon.ush" 2433
"../../../Engine/Shaders/Private/VirtualShadowMaps/VirtualShadowMapScreenRayTrace.ush" 2434
"../../../Engine/Shaders/Private/VirtualShadowMaps/VirtualShadowMapStats.ush" 2435
"../../../Engine/Shaders/Private/HairStrands/HairStrandsVoxelPageCommon.ush" 2436
"../../../Engine/Shaders/Private/HairStrands/HairStrandsVoxelPageTraversal.ush" 2437
"../../../Engine/Shaders/Private/VirtualShadowMaps/VirtualShadowMapCacheGPUInvalidation.usf" 2438
"../../../Engine/Shaders/Private/VirtualShadowMaps/VirtualShadowMapPageCacheCommon.ush" 2439
"../../../Engine/Shaders/Private/VirtualShadowMaps/VirtualShadowMapCacheInvalidation.ush" 2440
"../../../Engine/Shaders/Private/VirtualShadowMaps/VirtualShadowMapPageOverlap.ush" 2441
"../../../Engine/Shaders/Private/ScreenSpaceDenoise/SSDDefinitions.ush" 2442
"../../../Engine/Shaders/Private/InstanceCulling/InstanceCullingLoadBalancer.ush" 2443
"../../../Engine/Shaders/Private/VirtualShadowMaps/VirtualShadowMapCacheLoadBalancer.usf" 2444
"../../../Engine/Shaders/Private/VirtualShadowMaps/VirtualShadowMapCopyStats.usf" 2445
"../../../Engine/Shaders/Private/VirtualShadowMaps/VirtualShadowMapDebug.usf" 2446
"../../../Engine/Shaders/Private/VirtualShadowMaps/Desaturate.usf" 2447
"../../../Engine/Shaders/Private/VirtualShadowMaps/VirtualShadowMapPhysicalPageManagement.usf" 2448
"../../../Engine/Shaders/Private/ReductionCommon.ush" 2449
"../../../Engine/Shaders/Private/GPUMessaging.ush" 2450
"../../../Engine/Shaders/Private/VirtualShadowMaps/VirtualShadowMapPerPageDispatch.ush" 2451
"../../../Engine/Shaders/Private/VirtualShadowMaps/VirtualShadowMapCompactViews.usf" 2452
"../../../Engine/Shaders/Shared/SceneCullingDefinitions.h" 2453
"../../../Engine/Shaders/Private/VirtualShadowMaps/VirtualShadowMapBuildPerPageDrawCommands.usf" 2454
"../../../Engine/Shaders/Private/Nanite/NaniteCullingCommon.ush" 2455
"../../../Engine/Shaders/Private/Nanite/NaniteCulling.ush" 2456
"../../../Engine/Shaders/Private/Nanite/NaniteHierarchyTraversalCommon.ush" 2457
"../../../Engine/Shaders/Private/InstanceCulling/InstanceCullingCommon.ush" 2458
"../../../Engine/Shaders/Shared/InstanceCullingDefinitions.h" 2459
"../../../Engine/Shaders/Private/VirtualShadowMaps/VirtualShadowMapPrintStats.usf" 2460
"../../../Engine/Shaders/Private/VirtualShadowMaps/VirtualShadowMapPageManagement.usf" 2461
"../../../Engine/Shaders/Private/VirtualShadowMaps/VirtualShadowMapPageMarking.usf" 2462
"../../../Engine/Shaders/Shared/SingleLayerWaterDefinitions.h" 2463
"../../../Engine/Shaders/Private/HairStrands/HairStrandsTileCommon.ush" 2464
"../../../Engine/Shaders/Private/Froxel/Froxel.ush" 2465
"../../../Engine/Shaders/Shared/FroxelDefinitions.h" 2466
"../../../Engine/Shaders/Private/DiaphragmDOF/DOFCommon.ush" 2467
"../../../Engine/Shaders/Private/VariableRateShading/VRSShadingRatePreview.usf" 2468
"../../../Engine/Shaders/Private/VariableRateShading/VRSShadingRateCommon.ush" 2469
"../../../Engine/Shaders/Private/VariableRateShading/VRSShadingRateCombine.usf" 2470
"../../../Engine/Shaders/Private/VariableRateShading/VRSShadingRateFoveated.usf" 2471
"../../../Engine/Shaders/Private/VariableRateShading/VRSShadingRateReproject.usf" 2472
"../../../Engine/Shaders/Private/VariableRateShading/VRSShadingRateCalculate.usf" 2473
"../../../Engine/Shaders/Private/TranslucencyUpsampling.usf" 2474
"../../../Engine/Shaders/Private/ComposeSeparateTranslucency.usf" 2475
"../../../Engine/Shaders/Private/SeparateTranslucency.ush" 2476
"../../../Engine/Shaders/Private/TranslucentLightInjectionShaders.usf" 2477
"../../../Engine/Shaders/Private/TranslucentShadowDepthShaders.usf" 2478
"../../../Engine/Shaders/Private/ShadowDepthCommon.ush" 2479
"../../../Engine/Shaders/Private/RayTracing/RayTracingTest.usf" 2480
"../../../Engine/Shaders/Private/PostprocessSubsurfaceTile.usf" 2481
"../../../Engine/Shaders/Private/PostProcessSubsurfaceCommon.ush" 2482
"../../../Engine/Shaders/Private/Substrate/SubstrateVisualize.usf" 2483
"../../../Engine/Shaders/Private/Substrate/SubstrateTile.ush" 2484
"../../../Engine/Shaders/Shared/SubstrateVisualizeDefinitions.h" 2485
"../../../Engine/Shaders/Private/Substrate/SubstrateVisualizeCommon.ush" 2486
"../../../Engine/Shaders/Private/SkyLightingDiffuseShared.ush" 2487
"../../../Engine/Shaders/Private/SkyLightingShared.ush" 2488
"../../../Engine/Shaders/Private/ClearCoatCommon.ush" 2489
"../../../Engine/Shaders/Private/ReflectionEnvironmentComposite.ush" 2490
"../../../Engine/Shaders/Private/Substrate/SubstrateLightingCommon.ush" 2491
"../../../Engine/Shaders/Private/Substrate/SubstrateRoughRefraction.usf" 2492
"../../../Engine/Shaders/Private/PathTracing/Material/PathTracingFresnel.ush" 2493
"../../../Engine/Shaders/Private/PathTracing/Material/PathTracingGlossy.ush" 2494
"../../../Engine/Shaders/Private/Substrate/SubstrateMaterialSampling.usf" 2495
"../../../Engine/Shaders/Private/Substrate/SubstrateMaterialSampling.ush" 2496
"../../../Engine/Shaders/Private/Lumen/LumenPosition.ush" 2497
"../../../Engine/Shaders/Private/Substrate/SubstrateTile.usf" 2498
"../../../Engine/Shaders/Private/Substrate/SubstrateMaterialClassification.usf" 2499
"../../../Engine/Shaders/Private/Substrate/SubstrateDBuffer.usf" 2500
"../../../Engine/Shaders/Private/StochasticLighting/StochasticLightingDenoising.usf" 2501
"../../../Engine/Shaders/Private/Lumen/LumenMaterial.ush" 2502
"../../../Engine/Shaders/Private/StochasticLighting/StochasticLightingCommon.ush" 2503
"../../../Engine/Shaders/Private/SplineMeshSceneTexture.usf" 2504
"../../../Engine/Shaders/Private/SparseVolumeTexture/VisualizeSparseVolumeTexture.usf" 2505
"../../../Engine/Shaders/Private/SkyAtmosphere.usf" 2506
"../../../Engine/Shaders/Private/Skinning/SkinnedMeshDebug.usf" 2507
"../../../Engine/Shaders/Private/Skinning/AnimBankEval.usf" 2508
"../../../Engine/Shaders/Private/SingleLayerWaterComposite.usf" 2509
"../../../Engine/Shaders/Private/Froxel/FroxelBuild.ush" 2510
"../../../Engine/Shaders/Private/SingleLayerWaterRefractionCulling.usf" 2511
"../../../Engine/Shaders/Private/ScreenSpaceShadows.usf" 2512
"../../../Engine/Shaders/Private/bend_sss_gpu.ush" 2513
"../../../Engine/Shaders/Private/ShadowFactorsUpsampleCommon.ush" 2514
"../../../Engine/Shaders/Private/FirstPersonSelfShadow.usf" 2515
"../../../Engine/Shaders/Private/HZBTracing.ush" 2516
"../../../Engine/Shaders/Private/ShadowProjectionVertexShader.usf" 2517
"../../../Engine/Shaders/Private/ShadowProjectionPixelShader.usf" 2518
"../../../Engine/Shaders/Private/MobileLightingCommon.ush" 2519
"../../../Engine/Shaders/Private/PlanarReflectionShared.ush" 2520
"../../../Engine/Shaders/Private/MobileSSR.ush" 2521
"../../../Engine/Shaders/Private/SSRT/SSRTRayCast.ush" 2522
"../../../Engine/Shaders/Private/ShadowPercentageCloserFiltering.ush" 2523
"../../../Engine/Shaders/Private/TransmissionThickness.ush" 2524
"../../../Engine/Shaders/Private/CopyShadowMaps.usf" 2525
"../../../Engine/Shaders/Private/ShadowDepthPixelShader.usf" 2526
"../../../Engine/Shaders/Private/ShadowDepthVertexShader.usf" 2527
"../../../Engine/Shaders/Private/ShadingEnergyConservationTable.usf" 2528
"../../../Engine/Shaders/Shared/PathTracingDefinitions.h" 2529
"../../../Engine/Shaders/Private/ShadingFurnaceTest.usf" 2530
"../../../Engine/Shaders/Private/Substrate/SubstrateDeferredLighting.ush" 2531
"../../../Engine/Shaders/Private/ShaderPrintDraw.usf" 2532
"../../../Engine/Shaders/Private/ShaderPrintDrawPrimitive.usf" 2533
"../../../Engine/Shaders/Private/DefaultSSRTiles.usf" 2534
"../../../Engine/Shaders/Private/ScreenSpaceReflectionTileCommons.ush" 2535
"../../../Engine/Shaders/Private/SSRT/SSRTDiffuseIndirect.usf" 2536
"../../../Engine/Shaders/Private/SSRT/SSRTTileClassificationBuffer.ush" 2537
"../../../Engine/Shaders/Private/SSRT/SSRTReflections.usf" 2538
"../../../Engine/Shaders/Private/ScreenSpaceDenoise/SSDPublic.ush" 2539
"../../../Engine/Shaders/Private/SSRT/SSRTTileClassification.usf" 2540
"../../../Engine/Shaders/Private/SSRT/SSRTPrevFrameReduction.usf" 2541
"../../../Engine/Shaders/Private/ScreenSpaceDenoise/SSDComposeHarmonics.usf" 2542
"../../../Engine/Shaders/Private/ScreenSpaceDenoise/SSDPublicHarmonics.ush" 2543
"../../../Engine/Shaders/Private/ScreenSpaceDenoise/SSDSignalFramework.ush" 2544
"../../../Engine/Shaders/Private/ScreenSpaceDenoise/SSDCommon.ush" 2545
"../../../Engine/Shaders/Private/SphericalGaussian.ush" 2546
"../../../Engine/Shaders/Public/WaveBroadcastIntrinsics.ush" 2547
"../../../Engine/Shaders/Private/ScreenSpaceDenoise/SSDMetadata.ush" 2548
"../../../Engine/Shaders/Private/ScreenSpaceDenoise/SSDSignalCore.ush" 2549
"../../../Engine/Shaders/Private/ScreenSpaceDenoise/DenoisingCommon.ush" 2550
"../../../Engine/Shaders/Private/ScreenSpaceDenoise/SSDSignalArray.ush" 2551
"../../../Engine/Shaders/Private/ScreenSpaceDenoise/SSDSignalBufferEncoding.ush" 2552
"../../../Engine/Shaders/Private/ScreenSpaceDenoise/SSDPublicBufferEncoding.ush" 2553
"../../../Engine/Shaders/Private/Lumen/LumenBufferEncoding.ush" 2554
"../../../Engine/Shaders/Private/ScreenSpaceDenoise/SSDTemporalAccumulation.usf" 2555
"../../../Engine/Shaders/Private/ScreenSpaceDenoise/SSDSpatialKernel.ush" 2556
"../../../Engine/Shaders/Private/ScreenSpaceDenoise/SSDSignalAccumulatorArray.ush" 2557
"../../../Engine/Shaders/Private/ScreenSpaceDenoise/SSDSignalAccumulator.ush" 2558
"../../../Engine/Shaders/Private/ScreenSpaceDenoise/SSDSignalCompression.ush" 2559
"../../../Engine/Shaders/Private/ScreenSpaceDenoise/SSDSpatialAccumulation.usf" 2560
"../../../Engine/Shaders/Private/ScreenSpaceDenoise/SSDInjest.usf" 2561
"../../../Engine/Shaders/Private/ScreenSpaceDenoise/SSDCompressMetadata.usf" 2562
"../../../Engine/Shaders/Private/DownsampleDepthPixelShader.usf" 2563
"../../../Engine/Shaders/Private/ScreenPass.usf" 2564
"../../../Engine/Shaders/Private/HZB.usf" 2565
"../../../Engine/Shaders/Private/OcclusionFeedbackShaders.usf" 2566
"../../../Engine/Shaders/Private/HZBOcclusion.usf" 2567
"../../../Engine/Shaders/Private/OcclusionQueryPixelShader.usf" 2568
"../../../Engine/Shaders/Private/OcclusionQueryVertexShader.usf" 2569
"../../../Engine/Shaders/Private/HitProxyCopy.usf" 2570
"../../../Engine/Shaders/Private/HitProxyPixelShader.usf" 2571
"../../../Engine/Shaders/Private/HitProxyVertexShader.usf" 2572
"../../../Engine/Shaders/Private/SceneCulling/SceneCullingDebugRender.usf" 2573
"../../../Engine/Shaders/Private/SceneCulling/SceneCulling.ush" 2574
"../../../Engine/Shaders/Private/SceneCulling/SceneCullingBuildExplicitBounds.usf" 2575
"../../../Engine/Shaders/Private/SceneCapturePixelShader.usf" 2576
"../../../Engine/Shaders/Private/RendererUtils.usf" 2577
"../../../Engine/Shaders/Private/RTWriteMaskDecode.usf" 2578
"../../../Engine/Shaders/Private/ReflectionEnvironmentShaders.usf" 2579
"../../../Engine/Shaders/Private/RectLightAtlas.usf" 2580
"../../../Engine/Shaders/Private/RayTracing/TraceRayInlineStatistics.usf" 2581
"../../../Engine/Shaders/Private/RayTracing/CompositeSkyLightPS.usf" 2582
"../../../Engine/Shaders/Private/RayTracing/GenerateSkyLightVisibilityRaysCS.usf" 2583
"../../../Engine/Shaders/Private/RayTracing/RayTracingSkyLightCommon.ush" 2584
"../../../Engine/Shaders/Private/RayTracing/SkyLightVisibilityRaysData.ush" 2585
"../../../Engine/Shaders/Private/Raytracing/RaytracingSkylightRGS.usf" 2586
"../../../Engine/Shaders/Private/HairStrands/HairStrandsRaytracing.ush" 2587
"../../../Engine/Shaders/Private/Raytracing/RayTracingSkyLightEvaluation.ush" 2588
"../../../Engine/Shaders/Private/Raytracing/RayTracingDeferredShadingCommon.ush" 2589
"../../../Engine/Shaders/Private/RayTracing/RayTracingOcclusionRGS.usf" 2590
"../../../Engine/Shaders/Private/RayTracing/RayTracingDirectionalLight.ush" 2591
"../../../Engine/Shaders/Private/RayTracing/RayTracingRectLight.ush" 2592
"../../../Engine/Shaders/Private/RayTracing/RayTracingSphereLight.ush" 2593
"../../../Engine/Shaders/Private/RayTracing/RayTracingCapsuleLight.ush" 2594
"../../../Engine/Shaders/Private/Raytracing/RayTracingFeedback.usf" 2595
"../../../Engine/Shaders/Shared/RayTracingDebugTypes.h" 2596
"../../../Engine/Shaders/Private/RayTracing/RayTracingPrimaryRays.usf" 2597
"../../../Engine/Shaders/Private/RayTracing/RayTracingLightingCommon.ush" 2598
"../../../Engine/Shaders/Private/RayTracing/RayTracingLightCullingCommon.ush" 2599
"../../../Engine/Shaders/Private/RayTracing/RayTracingMaterialDefaultHitShaders.usf" 2600
"../../../Engine/Shaders/Private/RayTracing/RayTracingMaterialHitShaders.usf" 2601
"../../../Engine/Shaders/Private/RayTracing/RayTracingShaderUtils.ush" 2602
"../../../Engine/Shaders/Private/RayTracing/RayTracingCalcInterpolants.ush" 2603
"../../../Engine/Shaders/Private/LightmapCommon.ush" 2604
"../../../Engine/Shaders/Private/Lumen/LumenHardwareRayTracingPayloadCommon.ush" 2605
"../../../Engine/Shaders/Shared/LumenDefinitions.h" 2606
"../../../Engine/Shaders/Private/Substrate/SubstrateExport.ush" 2607
"../../../Engine/Shaders/Private/RayTracing/RayTracingLightingMS.usf" 2608
"../../../Engine/Shaders/Private/Lumen/LumenDiffuseColorBoost.ush" 2609
"../../../Engine/Shaders/Private/RayTracing/RayTracingLightFunctionCommon.ush" 2610
"../../../Engine/Shaders/Private/RayTracing/RayTracingBuildLightGrid.usf" 2611
"../../../Engine/Shaders/Private/Raytracing/RayTracingInstanceBufferUtil.usf" 2612
"../../../Engine/Shaders/Private/RayTracing/RayTracingDynamicMesh.usf" 2613
"../../../Engine/Shaders/Private/RayTracing/RayTracingDefaultDecalHitShader.usf" 2614
"../../../Engine/Shaders/Private/RayTracing/RayTracingDecalMaterialShader.usf" 2615
"../../../Engine/Shaders/Private/PathTracing/PathTracingShaderUtils.ush" 2616
"../../../Engine/Shaders/Private/PathTracing/PathTracingCommon.ush" 2617
"../../../Engine/Shaders/Private/PathTracing/Material/PathTracingMaterialCommon.ush" 2618
"../../../Engine/Shaders/Private/PathTracing/Utilities/PathTracingRIS.ush" 2619
"../../../Engine/Shaders/Private/RayTracing/RayTracingBuildDecalGrid.usf" 2620
"../../../Engine/Shaders/Private/RayTracing/RayTracingDebugHitStatsUtils.usf" 2621
"../../../Engine/Shaders/Private/RayTracing/RayTracingDebugInstanceOverlap.usf" 2622
"../../../Engine/Shaders/Private/RayTracing/RayTracingDebugPicking.usf" 2623
"../../../Engine/Shaders/Private/RayTracing/RayTracingDebugUtils.ush" 2624
"../../../Engine/Shaders/Private/RayTracing/RayTracingDebugTraversal.usf" 2625
"../../../Engine/Shaders/Private/RayTracing/RayTracingDeferredMaterials.ush" 2626
"../../../Engine/Shaders/Shared/ThirdParty/AMD/ags_shader_intrinsics_dx12.h" 2627
"../../../Engine/Shaders/Shared/RayTracingDebugDefinitions.h" 2628
"../../../Engine/Shaders/Private/RayTracing/RayTracingDebugHitStatsCHS.usf" 2629
"../../../Engine/Shaders/Private/RayTracing/RayTracingDebugHitStats.usf" 2630
"../../../Engine/Shaders/Private/RayTracing/RayTracingDebugMS.usf" 2631
"../../../Engine/Shaders/Private/RayTracing/RayTracingDebugCHS.usf" 2632
"../../../Engine/Shaders/Private/RayTracing/RayTracingDebug.usf" 2633
"../../../Engine/Shaders/Private/RayTracing/RayTracingBuiltInShaders.usf" 2634
"../../../Engine/Shaders/Private/RayTracing/RayTracingBarycentrics.usf" 2635
"../../../Engine/Shaders/Private/RayTracing/RayTracingAmbientOcclusionRGS.usf" 2636
"../../../Engine/Shaders/Private/VisualizeShadingModels.usf" 2637
"../../../Engine/Shaders/Private/MotionBlur/VisualizeMotionVectors.usf" 2638
"../../../Engine/Shaders/Private/TemporalSuperResolution/TSRVisualize.usf" 2639
"../../../Engine/Shaders/Private/TemporalSuperResolution/TSRColorSpace.ush" 2640
"../../../Engine/Shaders/Private/TemporalSuperResolution/TSRCommon.ush" 2641
"../../../Engine/Shaders/Public/DualPixelVectorization.ush" 2642
"../../../Engine/Shaders/Private/TemporalSuperResolution/TSRReprojectionField.ush" 2643
"../../../Engine/Shaders/Private/TemporalSuperResolution/TSRResolveHistory.usf" 2644
"../../../Engine/Shaders/Private/TemporalSuperResolution/TSRConvolutionNetwork.ush" 2645
"../../../Engine/Shaders/Private/TemporalSuperResolution/TSRKernels.ush" 2646
"../../../Engine/Shaders/Public/LaneVectorization.ush" 2647
"../../../Engine/Shaders/Private/TemporalSuperResolution/TSRUpdateHistory.usf" 2648
"../../../Engine/Shaders/Private/TemporalSuperResolution/TSRSpatialAntiAliasing.ush" 2649
"../../../Engine/Shaders/Private/TemporalSuperResolution/TSRSpatialAntiAliasing.usf" 2650
"../../../Engine/Shaders/Private/TemporalSuperResolution/TSRRejectShading.usf" 2651
"../../../Engine/Shaders/Private/TemporalSuperResolution/TSRShadingAnalysis.ush" 2652
"../../../Engine/Shaders/Private/TemporalSuperResolution/TSRConvolutionNetworkPass.ush" 2653
"../../../Engine/Shaders/Private/TemporalSuperResolution/TSRDecimateHistory.usf" 2654
"../../../Engine/Shaders/Private/TemporalSuperResolution/TSRDepthVelocityAnalysis.ush" 2655
"../../../Engine/Shaders/Private/TemporalSuperResolution/TSRClosestOccluder.ush" 2656
"../../../Engine/Shaders/Private/TemporalSuperResolution/TSRWeightRelaxation.usf" 2657
"../../../Engine/Shaders/Private/TemporalSuperResolution/TSRThinGeometryCommon.ush" 2658
"../../../Engine/Shaders/Private/TemporalSuperResolution/TSRDetectThinGeometry.usf" 2659
"../../../Engine/Shaders/Private/TemporalSuperResolution/TSRDilateVelocity.usf" 2660
"../../../Engine/Shaders/Private/MotionBlur/MotionBlurVelocityFlatten.ush" 2661
"../../../Engine/Shaders/Private/MotionBlur/MotionBlurCommon.ush" 2662
"../../../Engine/Shaders/Private/TemporalSuperResolution/TSRClearPrevTextures.usf" 2663
"../../../Engine/Shaders/Private/TemporalSuperResolution/TSRMeasureCoverage.usf" 2664
"../../../Engine/Shaders/Private/TemporalSuperResolution/TSRMeasureFlickeringLuma.usf" 2665
"../../../Engine/Shaders/Private/TemporalAA.usf" 2666
"../../../Engine/Shaders/Private/FilterPixelShader.usf" 2667
"../../../Engine/Shaders/Private/FilterVertexShader.usf" 2668
"../../../Engine/Shaders/Private/VisualizeVirtualTexture.usf" 2669
"../../../Engine/Shaders/Private/PostProcessVisualizeBuffer.usf" 2670
"../../../Engine/Shaders/Private/PostProcessVisualizeLocalExposure.usf" 2671
"../../../Engine/Shaders/Private/PostProcessHistogramCommon.ush" 2672
"../../../Engine/Shaders/Private/TonemapCommon.ush" 2673
"../../../Engine/Shaders/Private/ACES/ACESCommon.ush" 2674
"../../../Engine/Shaders/Private/ACES/ACESOutputTransform.ush" 2675
"../../../Engine/Shaders/Private/ACES/ACESUtilities.ush" 2676
"../../../Engine/Shaders/Private/ACES/ACESTonescale.ush" 2677
"../../../Engine/Shaders/Private/ACES/ACESDisplayEncoding.ush" 2678
"../../../Engine/Shaders/Private/ACES/ACES_v1.3.ush" 2679
"../../../Engine/Shaders/Private/PostProcessVisualizeLevelInstance.usf" 2680
"../../../Engine/Shaders/Private/PostProcessVisualizeHDR.usf" 2681
"../../../Engine/Shaders/Private/ShaderComplexityApplyPixelShader.usf" 2682
"../../../Engine/Shaders/Private/QuadOverdraw.ush" 2683
"../../../Engine/Shaders/Private/PostProcessUpscale.usf" 2684
"../../../Engine/Shaders/Private/PostProcessTonemap.usf" 2685
"../../../Engine/Shaders/Private/PostProcessing/FilmGrainPackConstants.usf" 2686
"../../../Engine/Shaders/Private/PostProcessing/FilmGrainReduce.usf" 2687
"../../../Engine/Shaders/Private/PostProcessTestImage.usf" 2688
"../../../Engine/Shaders/Private/PostProcessSubsurface.usf" 2689
"../../../Engine/Shaders/Private/SeparableSSS.ush" 2690
"../../../Engine/Shaders/Private/SubsurfaceBurleyNormalized.ush" 2691
"../../../Engine/Shaders/Private/PostProcessSelectionOutline.usf" 2692
"../../../Engine/Shaders/Private/MotionBlur/MotionBlurVisualize.usf" 2693
"../../../Engine/Shaders/Private/MotionBlur/MotionBlurApply.usf" 2694
"../../../Engine/Shaders/Private/MotionBlur/MotionBlurFilterTileClassify.usf" 2695
"../../../Engine/Shaders/Private/MotionBlur/MotionBlurTileScatter.usf" 2696
"../../../Engine/Shaders/Private/MotionBlur/MotionBlurTileGather.usf" 2697
"../../../Engine/Shaders/Private/MotionBlur/MotionBlurVelocityFlatten.usf" 2698
"../../../Engine/Shaders/Private/PostProcessMobile.usf" 2699
"../../../Engine/Shaders/Private/PostProcessMitchellNetravali.usf" 2700
"../../../Engine/Shaders/Private/PostProcessMaterialShaders.usf" 2701
"../../../Engine/Shaders/Private/NeuralPostProcessCommon.usf" 2702
"../../../Engine/Shaders/Private/PostProcessLocalExposure.usf" 2703
"../../../Engine/Shaders/Private/PostProcessLensFlares.usf" 2704
"../../../Engine/Shaders/Private/PostProcessGBufferHints.usf" 2705
"../../../Engine/Shaders/Private/PostProcessHMD.usf" 2706
"../../../Engine/Shaders/Private/Histogram.usf" 2707
"../../../Engine/Shaders/Private/PostProcessHistogramReduce.usf" 2708
"../../../Engine/Shaders/Private/PostProcessHistogram.usf" 2709
"../../../Engine/Shaders/Private/Bloom/BloomFinalizeApplyConstants.usf" 2710
"../../../Engine/Shaders/Private/Bloom/BloomCommon.ush" 2711
"../../../Engine/Shaders/Private/Bloom/BloomResizeKernel.usf" 2712
"../../../Engine/Shaders/Private/Bloom/BloomDownsampleKernel.usf" 2713
"../../../Engine/Shaders/Private/Bloom/BloomClampKernel.usf" 2714
"../../../Engine/Shaders/Private/Bloom/BloomPackKernelConstants.usf" 2715
"../../../Engine/Shaders/Private/Bloom/BloomSumScatterDispersionEnergy.usf" 2716
"../../../Engine/Shaders/Private/Bloom/BloomReduceKernelSurvey.usf" 2717
"../../../Engine/Shaders/Private/Bloom/BloomSurveyKernelCenterEnergy.usf" 2718
"../../../Engine/Shaders/Private/Bloom/BloomSurveyMaxScatterDispersion.usf" 2719
"../../../Engine/Shaders/Private/Bloom/BloomFindKernelCenter.usf" 2720
"../../../Engine/Shaders/Private/PostProcessEyeAdaptation.usf" 2721
"../../../Engine/Shaders/Private/TranslucencyVolumeCommon.ush" 2722
"../../../Engine/Shaders/Private/PostProcessEyeAdaptationUtils.usf" 2723
"../../../Engine/Shaders/Private/PostProcessDownsample.usf" 2724
"../../../Engine/Shaders/Private/PostProcessDOF.usf" 2725
"../../../Engine/Shaders/Private/PostProcessDeviceEncodingOnly.usf" 2726
"../../../Engine/Shaders/Private/PostProcessCompositePrimitives.usf" 2727
"../../../Engine/Shaders/Private/PostProcessCombineLUTs.usf" 2728
"../../../Engine/Shaders/Private/PostProcessVisualizeDOF.usf" 2729
"../../../Engine/Shaders/Private/PostProcessBloom.usf" 2730
"../../../Engine/Shaders/Private/PostProcessAmbientOcclusionMobile.usf" 2731
"../../../Engine/Shaders/Private/PostProcessAmbientOcclusionCommon.ush" 2732
"../../../Engine/Shaders/Private/FXAAShader.usf" 2733
"../../../Engine/Shaders/Private/Fxaa3_11.ush" 2734
"../../../Engine/Shaders/Private/PaniniProjection.usf" 2735
"../../../Engine/Shaders/Private/DiaphragmDOF/DOFRecombine.usf" 2736
"../../../Engine/Shaders/Private/DiaphragmDOF/DOFHybridScatterPixelShader.usf" 2737
"../../../Engine/Shaders/Private/DiaphragmDOF/DOFHybridScatterCommon.ush" 2738
"../../../Engine/Shaders/Private/DiaphragmDOF/DOFVignetteCommon.ush" 2739
"../../../Engine/Shaders/Private/DiaphragmDOF/DOFHybridScatterVertexShader.usf" 2740
"../../../Engine/Shaders/Private/DiaphragmDOF/DOFPostfiltering.usf" 2741
"../../../Engine/Shaders/Private/DiaphragmDOF/DOFGatherTileSuggest.ush" 2742
"../../../Engine/Shaders/Private/DiaphragmDOF/DOFCocTileCommon.ush" 2743
"../../../Engine/Shaders/Private/DiaphragmDOF/DOFGatherPass.usf" 2744
"../../../Engine/Shaders/Private/DiaphragmDOF/DOFGatherCommon.ush" 2745
"../../../Engine/Shaders/Private/DiaphragmDOF/DOFGatherAccumulator.ush" 2746
"../../../Engine/Shaders/Private/DiaphragmDOF/DOFGatherKernel.ush" 2747
"../../../Engine/Shaders/Private/DiaphragmDOF/DOFBokehLUT.usf" 2748
"../../../Engine/Shaders/Private/DiaphragmDOF/DOFHybridScatterCompilation.usf" 2749
"../../../Engine/Shaders/Private/DiaphragmDOF/DOFReduce.usf" 2750
"../../../Engine/Shaders/Private/DiaphragmDOF/DOFDownsample.ush" 2751
"../../../Engine/Shaders/Private/DiaphragmDOF/DOFHybridScatterCompilation.ush" 2752
"../../../Engine/Shaders/Private/DiaphragmDOF/DOFDownsample.usf" 2753
"../../../Engine/Shaders/Private/DiaphragmDOF/DOFCocTileDilate.usf" 2754
"../../../Engine/Shaders/Private/DiaphragmDOF/DOFCocTileFlatten.usf" 2755
"../../../Engine/Shaders/Private/DiaphragmDOF/DOFSetup.usf" 2756
"../../../Engine/Shaders/Private/Tools/DebugAlphaChannel.usf" 2757
"../../../Engine/Shaders/Private/PostProcessAlphaInvert.usf" 2758
"../../../Engine/Shaders/Private/PlanarReflectionShaders.usf" 2759
"../../../Engine/Shaders/Private/PhysicsFieldVisualizer.usf" 2760
"../../../Engine/Shaders/Private/PathTracing/PathTracingSpatialTemporalDenoising.usf" 2761
"../../../Engine/Shaders/Private/ColorDifference.ush" 2762
"../../../Engine/Shaders/Private/PathTracing/PathTracingCompositingPixelShader.usf" 2763
"../../../Engine/Shaders/Private/PathTracing/PathTracingAdaptiveUtils.ush" 2764
"../../../Engine/Shaders/Private/PathTracing/PathTracingDefaultHitShader.usf" 2765
"../../../Engine/Shaders/Private/PathTracing/PathTracingGPULightmassMaterialHitShader.usf" 2766
"../../../Engine/Shaders/Private/PathTracing/PathTracingMaterialHitShader.usf" 2767
"../../../Engine/Shaders/Private/PathTracing/Material/PathTracingSubstrateCommon.ush" 2768
"../../../Engine/Shaders/Private/PathTracing/PathTracingLightingMissShader.usf" 2769
"../../../Engine/Shaders/Private/PathTracing/PathTracingMissShader.usf" 2770
"../../../Engine/Shaders/Private/PathTracing/PathTracingAdaptiveStart.usf" 2771
"../../../Engine/Shaders/Private/PathTracing/PathTracingBuildAdaptiveError.usf" 2772
"../../../Engine/Shaders/Private/PathTracing/PathTracingVolumetricCloudMaterialShader.usf" 2773
"../../../Engine/Shaders/Private/PathTracing/Volume/PathTracingCloudsMaterialCommon.ush" 2774
"../../../Engine/Shaders/Private/PathTracing/Volume/PathTracingVolumeCommon.ush" 2775
"../../../Engine/Shaders/Private/PathTracing/Volume/PathTracingCloudsCommon.ush" 2776
"../../../Engine/Shaders/Private/PathTracing/Volume/PathTracingFog.ush" 2777
"../../../Engine/Shaders/Private/PathTracing/Volume/PathTracingAtmosphere.ush" 2778
"../../../Engine/Shaders/Private/PathTracing/Volume/PathTracingAtmosphereCommon.ush" 2779
"../../../Engine/Shaders/Private/PathTracing/Volume/PathTracingVolumeSampling.ush" 2780
"../../../Engine/Shaders/Private/PathTracing/PathTracingBuildCloudAccelerationMap.usf" 2781
"../../../Engine/Shaders/Private/PathTracing/PathTracingBuildAtmosphereLUT.usf" 2782
"../../../Engine/Shaders/Private/PathTracing/PathTracingSwizzleScanlines.usf" 2783
"../../../Engine/Shaders/Private/PathTracing/PathTracingInitExtinctionCoefficient.usf" 2784
"../../../Engine/Shaders/Private/PathTracing/PathTracingCopyDepth.usf" 2785
"../../../Engine/Shaders/Private/PathTracing/PathTracingDebug.usf" 2786
"../../../Engine/Shaders/Private/RayTracing/RayTracingDecalGrid.ush" 2787
"../../../Engine/Shaders/Private/PathTracing/Material/PathTracingMaterialSampling.ush" 2788
"../../../Engine/Shaders/Private/PathTracing/Material/PathTracingLambert.ush" 2789
"../../../Engine/Shaders/Private/PathTracing/Material/PathTracingSubstrate.ush" 2790
"../../../Engine/Shaders/Private/PathTracing/Material/PathTracingSubstrateFoliage.ush" 2791
"../../../Engine/Shaders/Private/PathTracing/Material/PathTracingSubstrateSolidGlass.ush" 2792
"../../../Engine/Shaders/Private/PathTracing/Material/PathTracingSubstrateThinGlass.ush" 2793
"../../../Engine/Shaders/Private/PathTracing/Material/PathTracingSolidGlass.ush" 2794
"../../../Engine/Shaders/Private/PathTracing/Material/PathTracingEnergyConservation.ush" 2795
"../../../Engine/Shaders/Private/PathTracing/Material/PathTracingThinGlass.ush" 2796
"../../../Engine/Shaders/Private/PathTracing/Material/PathTracingDefaultLit.ush" 2797
"../../../Engine/Shaders/Private/PathTracing/Material/PathTracingClearCoat.ush" 2798
"../../../Engine/Shaders/Private/PathTracing/Material/PathTracingTwoSidedFoliage.ush" 2799
"../../../Engine/Shaders/Private/PathTracing/Material/PathTracingCloth.ush" 2800
"../../../Engine/Shaders/Private/PathTracing/Material/PathTracingSubsurfaceProfile.ush" 2801
"../../../Engine/Shaders/Private/PathTracing/Material/PathTracingEye.ush" 2802
"../../../Engine/Shaders/Private/PathTracing/Material/PathTracingHair.ush" 2803
"../../../Engine/Shaders/Private/PathTracing/Material/PathTracingMedium.ush" 2804
"../../../Engine/Shaders/Private/PathTracing/Light/PathTracingLightSampling.ush" 2805
"../../../Engine/Shaders/Private/PathTracing/Light/PathTracingLightCommon.ush" 2806
"../../../Engine/Shaders/Private/PathTracing/Light/PathTracingDirectionalLight.ush" 2807
"../../../Engine/Shaders/Private/PathTracing/Light/PathTracingPointLight.ush" 2808
"../../../Engine/Shaders/Private/PathTracing/Light/PathTracingCapsuleLight.ush" 2809
"../../../Engine/Shaders/Private/PathTracing/Light/PathTracingRectLight.ush" 2810
"../../../Engine/Shaders/Private/PathTracing/Light/PathTracingSkyLight.ush" 2811
"../../../Engine/Shaders/Private/PathTracing/Light/PathTracingLightGrid.ush" 2812
"../../../Engine/Shaders/Private/PathTracing/PathTracing.usf" 2813
"../../../Engine/Shaders/Private/PathTracing/PathTracingCore.ush" 2814
"../../../Engine/Shaders/Private/HeterogeneousVolumes/HeterogeneousVolumesVoxelGridTypes.ush" 2815
"../../../Engine/Shaders/Private/PathTracing/Volume/PathTracingVolume.ush" 2816
"../../../Engine/Shaders/Private/PathTracing/Volume/PathTracingClouds.ush" 2817
"../../../Engine/Shaders/Private/PathTracing/Volume/PathTracingHeterogeneousVolumes.ush" 2818
"../../../Engine/Shaders/Private/HeterogeneousVolumes/HeterogeneousVolumesVoxelGridTraversal.ush" 2819
"../../../Engine/Shaders/Private/HeterogeneousVolumes/HeterogeneousVolumesVoxelGridUtils.ush" 2820
"../../../Engine/Shaders/Private/HeterogeneousVolumes/HeterogeneousVolumesFrustumVoxelGridUtils.ush" 2821
"../../../Engine/Shaders/Private/PathTracing/PathTracingBuildLightGrid.usf" 2822
"../../../Engine/Shaders/Private/PathTracing/PathTracingSkylightMISCompensation.usf" 2823
"../../../Engine/Shaders/Private/PathTracing/PathTracingSkylightPrepare.usf" 2824
"../../../Engine/Shaders/Private/OIT/OITSorting.usf" 2825
"../../../Engine/Shaders/Private/OITCombine.usf" 2826
"../../../Engine/Shaders/Private/OITCommon.ush" 2827
"../../../Engine/Shaders/Private/Nanite/Voxel/RasterizeBricks.usf" 2828
"../../../Engine/Shaders/Private/Nanite/Voxel/Brick.ush" 2829
"../../../Engine/Shaders/Private/Nanite/Voxel/Voxel.ush" 2830
"../../../Engine/Shaders/Private/Nanite/Voxel/ScatterBricks.usf" 2831
"../../../Engine/Shaders/Private/Nanite/Voxel/TileBricks.usf" 2832
"../../../Engine/Shaders/Private/Nanite/Voxel/AutoVoxel.usf" 2833
"../../../Engine/Shaders/Private/Nanite/NaniteDebugViews.usf" 2834
"../../../Engine/Shaders/Private/Nanite/NaniteEditorCommon.ush" 2835
"../../../Engine/Shaders/Private/BinarySearch.ush" 2836
"../../../Engine/Shaders/Private/Nanite/NaniteDepthDecode.usf" 2837
"../../../Engine/Shaders/Private/HTileEncoding.ush" 2838
"../../../Engine/Shaders/Private/Nanite/NaniteVisualize.usf" 2839
"../../../Engine/Shaders/Private/Nanite/NaniteStreamOut.usf" 2840
"../../../Engine/Shaders/Private/Nanite/NaniteHierarchyTraversal.ush" 2841
"../../../Engine/Shaders/Private/Nanite/NaniteSkinningUpdateViewData.usf" 2842
"../../../Engine/Shaders/Private/Skinning/TransformProviders.usf" 2843
"../../../Engine/Shaders/Private/Nanite/NaniteShadeBinning.usf" 2844
"../../../Engine/Shaders/Private/Nanite/NaniteShadeCommon.ush" 2845
"../../../Engine/Shaders/Private/Nanite/NaniteFastClear.usf" 2846
"../../../Engine/Shaders/Private/Nanite/NaniteExportGBuffer.usf" 2847
"../../../Engine/Shaders/Private/Nanite/NaniteClusterCulling.usf" 2848
"../../../Engine/Shaders/Private/Nanite/NanitePrintStats.usf" 2849
"../../../Engine/Shaders/Private/Nanite/NaniteRasterizer.usf" 2850
"../../../Engine/Shaders/Private/Nanite/NaniteRasterizationCommon.ush" 2851
"../../../Engine/Shaders/Private/Nanite/NaniteRasterizer.ush" 2852
"../../../Engine/Shaders/Private/Nanite/NaniteWritePixel.ush" 2853
"../../../Engine/Shaders/Private/Nanite/NaniteTessellation.ush" 2854
"../../../Engine/Shaders/Private/WorkDistribution.ush" 2855
"../../../Engine/Shaders/Private/Nanite/NaniteDice.ush" 2856
"../../../Engine/Shaders/Private/ShaderBundleWorkGraphCommon.ush" 2857
"../../../Engine/Shaders/Public/RootConstants.ush" 2858
"../../../Engine/Shaders/Public/Platform/D3D/D3DRootConstants.ush" 2859
"../../../Engine/Shaders/Private/Nanite/NaniteSplit.usf" 2860
"../../../Engine/Shaders/Private/Nanite/NaniteRasterBinning.usf" 2861
"../../../Engine/Shaders/Private/Nanite/NaniteInstanceCulling.usf" 2862
"../../../Engine/Shaders/Private/Nanite/NaniteImposter.ush" 2863
"../../../Engine/Shaders/Private/Nanite/NaniteInstanceHierarchyCulling.usf" 2864
"../../../Engine/Shaders/Private/WorkGroupLoadBalancer.ush" 2865
"../../../Engine/Shaders/Private/Nanite/NanitePrimitiveFilter.usf" 2866
"../../../Engine/Shaders/Private/Nanite/NaniteRasterClear.usf" 2867
"../../../Engine/Shaders/Private/Nanite/NaniteDepthExport.usf" 2868
"../../../Engine/Shaders/Private/Nanite/NaniteEmitShadow.usf" 2869
"../../../Engine/Shaders/Private/MobileDeferredUtils.usf" 2870
"../../../Engine/Shaders/Private/MobileLocalLightsBuffer.usf" 2871
"../../../Engine/Shaders/Private/MobileFog.usf" 2872
"../../../Engine/Shaders/Private/DistortApplyScreenPS.usf" 2873
"../../../Engine/Shaders/Private/MobileDeferredShading.usf" 2874
"../../../Engine/Shaders/Private/MobileBasePassPixelShader.usf" 2875
"../../../Engine/Shaders/Private/MobileBasePassCommon.ush" 2876
"../../../Engine/Shaders/Private/BasePassCommon.ush" 2877
"../../../Engine/Shaders/Private/ShadingModelsMaterial.ush" 2878
"../../../Engine/Shaders/Private/ThinTranslucentCommon.ush" 2879
"../../../Engine/Shaders/Private/SingleLayerWaterShading.ush" 2880
"../../../Engine/Shaders/Private/DistortionCommon.ush" 2881
"../../../Engine/Shaders/Private/Substrate/SubstrateMobileForwardLighting.ush" 2882
"../../../Engine/Shaders/Private/MobileBasePassVertexShader.usf" 2883
"../../../Engine/Shaders/Private/MeshEdges.usf" 2884
"../../../Engine/Shaders/Private/MegaLights/MegaLightsVSMTracing.usf" 2885
"../../../Engine/Shaders/Private/MegaLights/MegaLights.ush" 2886
"../../../Engine/Shaders/Shared/MegaLightsDefinitions.h" 2887
"../../../Engine/Shaders/Private/HairStrands/HairStrandsVisibilityUtils.ush" 2888
"../../../Engine/Shaders/Private/MegaLights/MegaLightsRayTracing.ush" 2889
"../../../Engine/Shaders/Private/MegaLights/MegaLightsRayTracing.usf" 2890
"../../../Engine/Shaders/Private/DistanceField/GlobalDistanceFieldUtils.ush" 2891
"../../../Engine/Shaders/Private/Lumen/LumenScreenTracing.ush" 2892
"../../../Engine/Shaders/Private/MegaLights/MegaLightsVolumeRayTracing.usf" 2893
"../../../Engine/Shaders/Private/MegaLights/MegaLightsVolume.ush" 2894
"../../../Engine/Shaders/Private/MegaLights/MegaLightsVolumeHardwareRayTracing.usf" 2895
"../../../Engine/Shaders/Private/Lumen/LumenHardwareRayTracingCommon.ush" 2896
"../../../Engine/Shaders/Private/RayTracing/RayTracingReflectionEnvironment.ush" 2897
"../../../Engine/Shaders/Private/Lumen/LumenHardwareRayTracingPlatformCommon.ush" 2898
"../../../Engine/Shaders/Private/Lumen/LumenReflectionsCombine.ush" 2899
"../../../Engine/Shaders/Private/Lumen/LumenTracingCommon.ush" 2900
"../../../Engine/Shaders/Private/Lumen/SurfaceCache/LumenSurfaceCacheSampling.ush" 2901
"../../../Engine/Shaders/Private/Lumen/SurfaceCache/LumenSurfaceCache.ush" 2902
"../../../Engine/Shaders/Private/Lumen/LumenCardCommon.ush" 2903
"../../../Engine/Shaders/Private/Lumen/LumenCardTileShadowDownsampleFactor.ush" 2904
"../../../Engine/Shaders/Private/MegaLights/MegaLightsHardwareRayTracing.usf" 2905
"../../../Engine/Shaders/Private/MegaLights/MegaLights.usf" 2906
"../../../Engine/Shaders/Private/MegaLights/MegaLightsShading.ush" 2907
"../../../Engine/Shaders/Private/MegaLights/MegaLightsFilterVisibleLightHash.usf" 2908
"../../../Engine/Shaders/Private/MegaLights/MegaLightsDenoiserSpatial.usf" 2909
"../../../Engine/Shaders/Private/Lumen/LumenReflectionDenoiserCommon.ush" 2910
"../../../Engine/Shaders/Private/MegaLights/MegaLightsDenoiserTemporal.usf" 2911
"../../../Engine/Shaders/Private/MegaLights/MegaLightsShading.usf" 2912
"../../../Engine/Shaders/Private/StochasticLighting/StochasticLightingUpsample.ush" 2913
"../../../Engine/Shaders/Private/MegaLights/MegaLightsVisibleLightHash.usf" 2914
"../../../Engine/Shaders/Private/MegaLights/MegaLightsVolumeShading.usf" 2915
"../../../Engine/Shaders/Private/MegaLights/MegaLightsSampling.usf" 2916
"../../../Engine/Shaders/Private/MegaLights/MegaLightsSampling.ush" 2917
"../../../Engine/Shaders/Private/MegaLights/MegaLightsVolumeSampling.usf" 2918
"../../../Engine/Shaders/Private/MaterialCache/MaterialCacheABufferPages.usf" 2919
"../../../Engine/Shaders/Private/MaterialCache/MaterialCacheShade.usf" 2920
"../../../Engine/Shaders/Private/MaterialCache/MaterialCacheUnwrapNaniteShade.usf" 2921
"../../../Engine/Shaders/Private/MaterialCache/MaterialCacheUnwrapPixelShader.usf" 2922
"../../../Engine/Shaders/Private/MaterialCache/MaterialCacheUnwrapVertexShader.usf" 2923
"../../../Engine/Shaders/Private/Lumen/LumenVisualizeRadianceCache.usf" 2924
"../../../Engine/Shaders/Private/Lumen/LumenRadianceCacheCommon.ush" 2925
"../../../Engine/Shaders/Private/Lumen/LumenVisualizeHardwareRayTracing.usf" 2926
"../../../Engine/Shaders/Private/Lumen/LumenVisualize.ush" 2927
"../../../Engine/Shaders/Private/Lumen/LumenHairTracing.ush" 2928
"../../../Engine/Shaders/Private/Lumen/LumenVisualize.usf" 2929
"../../../Engine/Shaders/Private/Lumen/LumenSoftwareRayTracing.ush" 2930
"../../../Engine/Shaders/Private/DistanceField/GlobalDistanceFieldObjectGrid.ush" 2931
"../../../Engine/Shaders/Private/DistanceFieldLightingShared.ush" 2932
"../../../Engine/Shaders/Private/Lumen/LumenVisualizeTraces.ush" 2933
"../../../Engine/Shaders/Private/Lumen/LumenTranslucencyVolumeLighting.usf" 2934
"../../../Engine/Shaders/Private/Lumen/LumenRadianceCacheMarkCommon.ush" 2935
"../../../Engine/Shaders/Private/Lumen/LumenTranslucencyVolumeLightingShared.ush" 2936
"../../../Engine/Shaders/Private/Lumen/LumenScreenProbeCommon.ush" 2937
"../../../Engine/Shaders/Private/RayTracing/RayGenUtils.ush" 2938
"../../../Engine/Shaders/Private/Lumen/LumenRadianceCacheTracingCommon.ush" 2939
"../../../Engine/Shaders/Private/Lumen/LumenTranslucencyVolumeHardwareRayTracing.usf" 2940
"../../../Engine/Shaders/Private/Lumen/LumenTranslucencyRadianceCacheMarkShaders.usf" 2941
"../../../Engine/Shaders/Private/Lumen/SurfaceCache/LumenSurfaceCache.usf" 2942
"../../../Engine/Shaders/Private/Lumen/LumenShortRangeAOHardwareRayTracing.usf" 2943
"../../../Engine/Shaders/Private/Lumen/LumenScreenSpaceBentNormal.ush" 2944
"../../../Engine/Shaders/Private/Lumen/LumenScreenSpaceBentNormal.usf" 2945
"../../../Engine/Shaders/Private/Lumen/LumenScreenProbeTracing.usf" 2946
"../../../Engine/Shaders/Private/Lumen/LumenScreenProbeTracingCommon.ush" 2947
"../../../Engine/Shaders/Private/Lumen/LumenFloatQuantization.ush" 2948
"../../../Engine/Shaders/Private/Lumen/LumenScreenProbeImportanceSampling.usf" 2949
"../../../Engine/Shaders/Private/Lumen/LumenScreenProbeImportanceSamplingShared.ush" 2950
"../../../Engine/Shaders/Private/Lumen/LumenScreenProbeHardwareRayTracing.usf" 2951
"../../../Engine/Shaders/Private/Lumen/LumenScreenProbeDebug.usf" 2952
"../../../Engine/Shaders/Private/Lumen/LumenScreenProbeGather.usf" 2953
"../../../Engine/Shaders/Private/Lumen/LumenScreenProbeGatherTemporal.usf" 2954
"../../../Engine/Shaders/Private/Lumen/LumenScreenProbeFiltering.usf" 2955
"../../../Engine/Shaders/Private/Lumen/LumenSceneLighting.usf" 2956
"../../../Engine/Shaders/Private/Lumen/LumenCardTile.ush" 2957
"../../../Engine/Shaders/Private/Lumen/LumenSceneLighting.ush" 2958
"../../../Engine/Shaders/Private/Lumen/Radiosity/LumenRadiosity.ush" 2959
"../../../Engine/Shaders/Private/Lumen/LumenSceneLightingDebug.usf" 2960
"../../../Engine/Shaders/Private/Lumen/LumenScene.usf" 2961
"../../../Engine/Shaders/Private/Lumen/LumenSceneDirectLightingHardwareRayTracing.usf" 2962
"../../../Engine/Shaders/Private/Lumen/LumenSceneDirectLightingStochastic.ush" 2963
"../../../Engine/Shaders/Private/Lumen/LumenReflectionCommon.ush" 2964
"../../../Engine/Shaders/Private/Lumen/LumenSceneDirectLighting.ush" 2965
"../../../Engine/Shaders/Private/Lumen/LumenSceneDebugHardwareRayTracing.usf" 2966
"../../../Engine/Shaders/Private/Lumen/LumenSceneDirectLightingStochastic.usf" 2967
"../../../Engine/Shaders/Private/Lumen/LumenSceneDirectLightingSoftwareRayTracing.usf" 2968
"../../../Engine/Shaders/Private/DistanceFieldShadowingShared.ush" 2969
"../../../Engine/Shaders/Private/Lumen/LumenSceneDirectLightingPerLightShadowCommon.ush" 2970
"../../../Engine/Shaders/Private/Lumen/LumenSceneDirectLightingShadowMask.usf" 2971
"../../../Engine/Shaders/Private/Lumen/LumenSceneDirectLighting.usf" 2972
"../../../Engine/Shaders/Private/Lumen/LumenSceneDirectLightingCulling.usf" 2973
"../../../Engine/Shaders/Private/Lumen/LumenCardComputeShader.usf" 2974
"../../../Engine/Shaders/Private/Lumen/LumenCardBasePass.ush" 2975
"../../../Engine/Shaders/Private/Lumen/LumenCardPixelShader.usf" 2976
"../../../Engine/Shaders/Private/Lumen/LumenCardVertexShader.usf" 2977
"../../../Engine/Shaders/Private/Lumen/LumenReSTIRGather.usf" 2978
"../../../Engine/Shaders/Private/Lumen/LumenReflectionTracing.usf" 2979
"../../../Engine/Shaders/Private/Lumen/LumenReflectionDenoiserSpatial.usf" 2980
"../../../Engine/Shaders/Private/Lumen/LumenReflectionDenoiserClear.usf" 2981
"../../../Engine/Shaders/Private/Lumen/LumenReflectionDenoiserTemporal.usf" 2982
"../../../Engine/Shaders/Private/Lumen/LumenReflectionResolve.usf" 2983
"../../../Engine/Shaders/Private/Lumen/LumenReflections.usf" 2984
"../../../Engine/Shaders/Private/Lumen/RayTracedTranslucency.usf" 2985
"../../../Engine/Shaders/Private/Lumen/LumenReflectionHardwareRayTracing.usf" 2986
"../../../Engine/Shaders/Private/Lumen/Radiosity/LumenVisualizeRadiosityProbes.usf" 2987
"../../../Engine/Shaders/Private/Lumen/Radiosity/LumenRadiosity.usf" 2988
"../../../Engine/Shaders/Private/Lumen/Radiosity/LumenRadiosityHardwareRayTracing.usf" 2989
"../../../Engine/Shaders/Private/Lumen/Radiosity/LumenRadiosityCulling.usf" 2990
"../../../Engine/Shaders/Private/Lumen/LumenRadianceCacheHardwareRayTracing.usf" 2991
"../../../Engine/Shaders/Private/Lumen/LumenRadianceCache.usf" 2992
"../../../Engine/Shaders/Private/Lumen/LumenRadianceCacheUpdate.ush" 2993
"../../../Engine/Shaders/Private/Lumen/LumenRadianceCacheDebug.usf" 2994
"../../../Engine/Shaders/Private/Lumen/LumenRadianceCacheUpdate.usf" 2995
"../../../Engine/Shaders/Private/Lumen/LumenMeshSDFCulling.usf" 2996
"../../../Engine/Shaders/Private/HybridIndirectLighting.ush" 2997
"../../../Engine/Shaders/Private/MeshDistanceFieldCommon.ush" 2998
"../../../Engine/Shaders/Private/Lumen/LumenIrradianceFieldGather.usf" 2999
"../../../Engine/Shaders/Private/Lumen/LumenHardwareRayTracingMaterials.usf" 3000
"../../../Engine/Shaders/Private/Lumen/LumenFrontLayerTranslucency.usf" 3001
"../../../Engine/Shaders/Private/LocalFogVolumes/LocalFogVolumeSplat.usf" 3002
"../../../Engine/Shaders/Private/LocalFogVolumes/LocalFogVolumeTiledCulling.usf" 3003
"../../../Engine/Shaders/Private/LightShaftShader.usf" 3004
"../../../Engine/Shaders/Private/StationaryLightOverlapShaders.usf" 3005
"../../../Engine/Shaders/Private/DeferredLightPixelShaders.usf" 3006
"../../../Engine/Shaders/Private/DeferredLightVertexShaders.usf" 3007
"../../../Engine/Shaders/Private/LightMapDensityShader.usf" 3008
"../../../Engine/Shaders/Private/LightGridInjection.usf" 3009
"../../../Engine/Shaders/Shared/LightGridDefinitions.h" 3010
"../../../Engine/Shaders/Private/LightFunctionPixelShader.usf" 3011
"../../../Engine/Shaders/Private/LightFunctionVertexShader.usf" 3012
"../../../Engine/Shaders/Private/LightFunctionAtlas/LightFunctionAtlasRender.usf" 3013
"../../../Engine/Shaders/Private/InstanceCulling/InstanceCullingOcclusionQuery.usf" 3014
"../../../Engine/Shaders/Private/InstanceCulling/InstanceCullingSetup.ush" 3015
"../../../Engine/Shaders/Private/InstanceCulling/BuildInstanceDrawCommands.usf" 3016
"../../../Engine/Shaders/Private/InstanceCulling/InstanceCompactionCommon.ush" 3017
"../../../Engine/Shaders/Private/SceneDataMobileWriter.ush" 3018
"../../../Engine/Shaders/Private/InstanceCulling/CompactVisibleInstances.usf" 3019
"../../../Engine/Shaders/Private/ReflectionEnvironmentPixelShader.usf" 3020
"../../../Engine/Shaders/Private/AmbientCubemapComposite.usf" 3021
"../../../Engine/Shaders/Private/DiffuseIndirectComposite.usf" 3022
"../../../Engine/Shaders/Private/IESAtlas.usf" 3023
"../../../Engine/Shaders/Private/HeterogeneousVolumes/HeterogeneousVolumesVoxelGridShadows.usf" 3024
"../../../Engine/Shaders/Private/HeterogeneousVolumes/HeterogeneousVolumesStochasticFiltering.ush" 3025
"../../../Engine/Shaders/Private/HeterogeneousVolumes/HeterogeneousVolumesVoxelGridRenderingUtils.ush" 3026
"../../../Engine/Shaders/Private/HeterogeneousVolumes/HeterogeneousVolumesLightingUtils.ush" 3027
"../../../Engine/Shaders/Private/HeterogeneousVolumes/HeterogeneousVolumesVoxelGridRendering.usf" 3028
"../../../Engine/Shaders/Private/HeterogeneousVolumes/HeterogeneousVolumesVoxelGridPipeline.usf" 3029
"../../../Engine/Shaders/Private/HeterogeneousVolumes/HeterogeneousVolumesMaterialBakingPipeline.usf" 3030
"../../../Engine/Shaders/Private/HeterogeneousVolumes/HeterogeneousVolumesLiveShadingUtils.ush" 3031
"../../../Engine/Shaders/Private/HeterogeneousVolumes/HeterogeneousVolumesFrustumVoxelGrid.usf" 3032
"../../../Engine/Shaders/Private/HeterogeneousVolumes/HeterogeneousVolumesSparseVoxelPipeline.usf" 3033
"../../../Engine/Shaders/Private/HeterogeneousVolumes/HeterogeneousVolumesSparseVoxelUtils.ush" 3034
"../../../Engine/Shaders/Private/HeterogeneousVolumes/HeterogeneousVolumesSparseVoxelUniformBufferUtils.ush" 3035
"../../../Engine/Shaders/Private/HeterogeneousVolumes/HeterogeneousVolumesPreshadingPipeline.usf" 3036
"../../../Engine/Shaders/Private/HeterogeneousVolumes/HeterogeneousVolumesLiveShadingShadows.usf" 3037
"../../../Engine/Shaders/Private/HeterogeneousVolumes/HeterogeneousVolumesLiveShadingGlobalPipeline.usf" 3038
"../../../Engine/Shaders/Private/HeterogeneousVolumes/HeterogeneousVolumesLiveShadingPipeline.usf" 3039
"../../../Engine/Shaders/Private/HeterogeneousVolumes/HeterogeneousVolumesHardwareRayTracing.usf" 3040
"../../../Engine/Shaders/Private/HeterogeneousVolumes/HeterogeneousVolumesAmbientOcclusionPipeline.usf" 3041
"../../../Engine/Shaders/Private/HeterogeneousVolumes/HeterogeneousVolumesComposite.usf" 3042
"../../../Engine/Shaders/Private/HdrCustomResolveShaders.usf" 3043
"../../../Engine/Shaders/Private/HairStrands/RenderCurveRaster.usf" 3044
"../../../Engine/Shaders/Private/HairStrands/HairStrandsVoxelRasterCompute.usf" 3045
"../../../Engine/Shaders/Private/HairStrands/HairStrandsHitProxy.usf" 3046
"../../../Engine/Shaders/Private/HairStrands/HairStrandsVisibilityRasterComputeNaive.usf" 3047
"../../../Engine/Shaders/Private/HairStrands/HairStrandsVisibilityRasterHW.usf" 3048
"../../../Engine/Shaders/Private/HairStrands/HairStrandsVisibilityRasterCompute.usf" 3049
"../../../Engine/Shaders/Private/HairStrands/HairStrandsVisibilityRasterClassification.usf" 3050
"../../../Engine/Shaders/Private/HairStrands/HairStrandsCoverage.usf" 3051
"../../../Engine/Shaders/Private/HairStrands/HairStrandsVisibilityDepthPS.usf" 3052
"../../../Engine/Shaders/Private/HairStrands/HairStrandsVisibilityTransmittanceDepthPS.usf" 3053
"../../../Engine/Shaders/Private/HairStrands/HairStrandsVisibilityFillOpaqueDepthPS.usf" 3054
"../../../Engine/Shaders/Private/HairStrands/HairStrandsVisibilityCompactionComputeRaster.usf" 3055
"../../../Engine/Shaders/Private/HairStrands/HairStrandsVisibilityCompaction.usf" 3056
"../../../Engine/Shaders/Private/HairStrands/HairStrandsVisibilityCopyIndirectArg.usf" 3057
"../../../Engine/Shaders/Private/HairStrands/HairStrandsVisibilityClearPS.usf" 3058
"../../../Engine/Shaders/Private/HairStrands/HairStrandsVisibilityPS.usf" 3059
"../../../Engine/Shaders/Private/HairStrands/HairStrandsVisibilityVS.usf" 3060
"../../../Engine/Shaders/Private/HairStrands/HairStrandsVelocity.usf" 3061
"../../../Engine/Shaders/Private/HairStrands/HairStrandsVisibilityComputeSampleCoverage.usf" 3062
"../../../Engine/Shaders/Private/HairStrands/HairStrandsMaterialPS.usf" 3063
"../../../Engine/Shaders/Private/HairStrands/HairStrandsMaterialCommon.ush" 3064
"../../../Engine/Shaders/Private/HairStrands/HairStrandsMaterialVS.usf" 3065
"../../../Engine/Shaders/Private/HairStrands/HairStrandsLightSample.usf" 3066
"../../../Engine/Shaders/Private/HairStrands/HairStrandsDeepShadowMask.usf" 3067
"../../../Engine/Shaders/Private/HairStrands/HairStrandsDeepTransmittanceMask.usf" 3068
"../../../Engine/Shaders/Private/HairStrands/HairStrandsVisibilityTile.usf" 3069
"../../../Engine/Shaders/Private/HairStrands/HairStrandsDeepShadowPS.usf" 3070
"../../../Engine/Shaders/Private/HairStrands/HairStrandsDeepShadowVS.usf" 3071
"../../../Engine/Shaders/Private/HairStrands/HairStrandsAABB.usf" 3072
"../../../Engine/Shaders/Private/HairStrands/HairStrandsLUT.usf" 3073
"../../../Engine/Shaders/Private/HairStrands/HairStrandsForwardRaster.usf" 3074
"../../../Engine/Shaders/Private/HairStrands/HairStrandsForwardCulling.usf" 3075
"../../../Engine/Shaders/Private/HairStrands/HairStrandsEnvironmentLighting.usf" 3076
"../../../Engine/Shaders/Private/HairStrands/HairStrandsEnvironmentAO.usf" 3077
"../../../Engine/Shaders/Private/HairStrands/HairStrandsDeepShadowAllocation.usf" 3078
"../../../Engine/Shaders/Private/HairStrands/HairStrandsVoxelDebug.usf" 3079
"../../../Engine/Shaders/Private/HairStrands/HairStrandsComposition.usf" 3080
"../../../Engine/Shaders/Private/HairStrands/HairStrandsGBufferCommon.ush" 3081
"../../../Engine/Shaders/Private/GPUScene/GPUSceneDataManagement.usf" 3082
"../../../Engine/Shaders/Private/GPUSceneDebugRender.usf" 3083
"../../../Engine/Shaders/Private/GPUFeedbackCompaction.usf" 3084
"../../../Engine/Shaders/Private/GPUFastFourierTransform.usf" 3085
"../../../Engine/Shaders/Private/GPUFastFourierTransform2DCore.ush" 3086
"../../../Engine/Shaders/Private/GPUFastFourierTransformCore.ush" 3087
"../../../Engine/Shaders/Private/GPUBenchmark.usf" 3088
"../../../Engine/Shaders/Private/DistanceField/GlobalDistanceFieldDebug.usf" 3089
"../../../Engine/Shaders/Private/DistanceField/GlobalDistanceFieldUpdate.ush" 3090
"../../../Engine/Shaders/Private/DistanceField/GlobalDistanceFieldMip.usf" 3091
"../../../Engine/Shaders/Private/DistanceField/GlobalDistanceField.usf" 3092
"../../../Engine/Shaders/Private/DistanceField/GlobalDistanceFieldCompositeObjects.usf" 3093
"../../../Engine/Shaders/Private/DistanceField/GlobalDistanceFieldHeightfields.usf" 3094
"../../../Engine/Shaders/Private/HeightfieldLightingShared.ush" 3095
"../../../Engine/Shaders/Private/GenerateConservativeDepth.usf" 3096
"../../../Engine/Shaders/Private/HeightFogPixelShader.usf" 3097
"../../../Engine/Shaders/Private/HeightFogVertexShader.usf" 3098
"../../../Engine/Shaders/Private/DistortFiltering.usf" 3099
"../../../Engine/Shaders/Private/DistortAccumulatePS.usf" 3100
"../../../Engine/Shaders/Private/DistortAccumulateVS.usf" 3101
"../../../Engine/Shaders/Private/DistanceFieldVisualization.usf" 3102
"../../../Engine/Shaders/Private/DistanceFieldStreaming.usf" 3103
"../../../Engine/Shaders/Private/DistanceFieldShadowing.usf" 3104
"../../../Engine/Shaders/Private/DistanceFieldScreenGridLighting.usf" 3105
"../../../Engine/Shaders/Private/DistanceFieldObjectCulling.usf" 3106
"../../../Engine/Shaders/Private/DistanceFieldLightingPost.usf" 3107
"../../../Engine/Shaders/Private/DitheredTransitionStencil.usf" 3108
"../../../Engine/Shaders/Private/CopyDepthTexture.usf" 3109
"../../../Engine/Shaders/Private/CopyDepthTextureCS.usf" 3110
"../../../Engine/Shaders/Private/DeferredDecal.usf" 3111
"../../../Engine/Shaders/Private/DecalCommon.ush" 3112
"../../../Engine/Shaders/Private/DebugViewModeVertexShader.usf" 3113
"../../../Engine/Shaders/Private/DebugViewModeCommon.ush" 3114
"../../../Engine/Shaders/Private/DebugViewModePixelShader.usf" 3115
"../../../Engine/Shaders/Private/DebugProbes.usf" 3116
"../../../Engine/Shaders/Private/MeshDecals.usf" 3117
"../../../Engine/Shaders/Private/PostProcessAmbientOcclusion.usf" 3118
"../../../Engine/Shaders/Private/ClusteredDeferredShadingPixelShader.usf" 3119
"../../../Engine/Shaders/Private/ClusteredDeferredShadingVertexShader.usf" 3120
"../../../Engine/Shaders/Private/CapsuleShadowShaders.usf" 3121
"../../../Engine/Shaders/Private/BasePassPixelShader.usf" 3122
"../../../Engine/Shaders/Private/ForwardLightingCommon.ush" 3123
"../../../Engine/Shaders/Private/Substrate/SubstrateForwardLighting.ush" 3124
"../../../Engine/Shaders/Private/ComputeShaderOutputCommon.ush" 3125
"../../../Engine/Shaders/Private/BasePassVertexShader.usf" 3126
"../../../Engine/Shaders/Private/BasePassVertexCommon.ush" 3127
"../../../Engine/Shaders/Private/SimpleElementVolumeTexturePreviewPixelShader.usf" 3128
"../../../Engine/Shaders/Private/SimpleElementTexture2DPreviewPixelShader.usf" 3129
"../../../Engine/Shaders/Private/meshpaintdilatepixelshader.usf" 3130
"../../../Engine/Shaders/Private/meshpaintdilatevertexshader.usf" 3131
"../../../Engine/Shaders/Private/MeshPaintPixelShader.usf" 3132
"../../../Engine/Shaders/Private/MeshPaintVertexShader.usf" 3133
"../../../Engine/Shaders/Private/SlateElementPixelShader.usf" 3134
"../../../Engine/Shaders/Private/SlateShaderCommon.ush" 3135
"../../../Engine/Shaders/Private/SlateMaskingShader.usf" 3136
"../../../Engine/Shaders/Private/SlateVertexShader.usf" 3137
"../../../Engine/Shaders/Private/CompositeUIPixelShader.usf" 3138
"../../../Engine/Shaders/Private/ColorDeficiency.ush" 3139
"../../../Engine/Shaders/Private/SlatePostProcessColorDeficiencyPixelShader.usf" 3140
"../../../Engine/Shaders/Private/SlatePostProcessPixelShader.usf" 3141
"../../../Engine/Shaders/Private/Tools/VisualizeTexture.usf" 3142
"../../../Engine/Shaders/Private/UpdateDescriptorHandle.usf" 3143
"../../../Engine/Shaders/Private/ByteBuffer.usf" 3144
"../../../Engine/Shaders/Private/ShaderBundleWorkGraphDispatch.usf" 3145
"../../../Engine/Shaders/Private/ShaderBundleDispatch.usf" 3146
"../../../Engine/Shaders/Private/ResolveVertexShader.usf" 3147
"../../../Engine/Shaders/Private/ResolvePixelShader.usf" 3148
"../../../Engine/Shaders/Private/Tools/SetupIndirectArgs.usf" 3149
"../../../Engine/Shaders/Private/ClearReplacementShaders.usf" 3150
"../../../Engine/Shaders/Private/Tools/DrawTexture.usf" 3151
"../../../Engine/Shaders/Private/RayTracing/RayTracingValidation.usf" 3152
"../../../Engine/Shaders/Private/RenderGraphUtilities.usf" 3153
"../../../Engine/Shaders/Private/OneColorShader.usf" 3154
"../../../Engine/Shaders/Private/OculusShaders.usf" 3155
"../../../Engine/Shaders/Private/MediaShaders.usf" 3156
"../../../Engine/Shaders/Private/GPUMessaging.usf" 3157
"../../../Engine/Shaders/Private/Tools/GPUDebugCrashUtils.usf" 3158
"../../../Engine/Shaders/Private/NullPixelShader.usf" 3159
"../../../Engine/Shaders/Private/ComputeGenerateMips.usf" 3160
"../../../Engine/Shaders/Private/Tools/DumpTexture.usf" 3161
"../../../Engine/Shaders/Private/CopyTextureShaders.usf" 3162
"../../../Engine/Shaders/Private/Tools/FullscreenVertexShader.usf" 3163
"../../../Engine/Shaders/Private/RayTracing/RayTracingDispatchDesc.usf" 3164
"../../../Engine/Shaders/Private/Bink.usf" 3165
"../../../Engine/Shaders/Private/VelocityShader.usf" 3166
"../../../Engine/Shaders/Private/DepthOnlyPixelShader.usf" 3167
"../../../Engine/Shaders/Private/PositionOnlyDepthVertexShader.usf" 3168
"../../../Engine/Shaders/Private/DepthOnlyVertexShader.usf" 3169
"../../../Engine/Shaders/Private/AnisotropyPassShader.usf" 3170
"E:/Epic Games/UE projects/rpg_project/Content/Blueprints/AI/BT_Boss.uasset" 3171
"E:/Epic Games/UE projects/rpg_project/Content/Blueprints/AI/BP_Enemy.uasset" 3172
"E:/Epic Games/UE projects/rpg_project/Content/ThirdPerson/Blueprints/BP_ThirdPersonCharacter.uasset" 3173
"E:/Epic Games/UE projects/rpg_project/Content/ParagonGrux/Characters/Heroes/Grux/Animations/PrimaryAttack_LA_Montage.uasset" 3174
"E:/Epic Games/UE projects/rpg_project/Content/ParagonGrux/Characters/Heroes/Grux/Animations/PrimaryAttack_FourStrikes_Montage.uasset" 3175
"E:/Epic Games/UE projects/rpg_project/Content/ParagonGrux/Characters/Heroes/Grux/Animations/PrimaryAttack_FourStrikes.uasset" 3176
"/Engine/EngineResources/WhiteSquareTexture" 3177
"../../../Engine/Content/EngineResources/WhiteSquareTexture.uasset" 3178
"/Engine/EngineResources/GradientTexture0" 3179
"../../../Engine/Content/EngineResources/GradientTexture0.uasset" 3180
"/Engine/EngineResources/Black" 3181
"../../../Engine/Content/EngineResources/Black.uasset" 3182
"/Engine/EditorResources/S_Actor" 3183
"../../../Engine/Content/EditorResources/S_Actor.uasset" 3184
"/Engine/EngineFonts/RobotoDistanceField" 3185
"../../../Engine/Content/EngineFonts/RobotoDistanceField.uasset" 3186
"/Engine/EngineMaterials/DefaultTextMaterialOpaque" 3187
"../../../Engine/Content/EngineMaterials/DefaultTextMaterialOpaque.uasset" 3188
"/Engine/Functions/Engine_MaterialFunctions01/Shading/PowerToRoughness" 3189
"../../../Engine/Content/Functions/Engine_MaterialFunctions01/Shading/PowerToRoughness.uasset" 3190
"/Engine/Functions/Engine_MaterialFunctions01/Shading/ConvertFromDiffSpec" 3191
"../../../Engine/Content/Functions/Engine_MaterialFunctions01/Shading/ConvertFromDiffSpec.uasset" 3192
"/Engine/EngineMaterials/WorldGridMaterial" 3193
"../../../Engine/Content/EngineMaterials/WorldGridMaterial.uasset" 3194
"../../../Engine/Content/Functions/Engine_MaterialFunctions01/Opacity/CameraDepthFade.uasset" 3195
"../../../Engine/Content/EngineMaterials/T_Default_Material_Grid_M.uasset" 3196
"../../../Engine/Content/EngineMaterials/T_Default_Material_Grid_N.uasset" 3197
"/Engine/EngineMaterials/DefaultDeferredDecalMaterial" 3198
"../../../Engine/Content/EngineMaterials/DefaultDeferredDecalMaterial.uasset" 3199
"../../../Engine/Content/EngineMaterials/DefaultDiffuse.uasset" 3200
"/Engine/EngineMaterials/DefaultLightFunctionMaterial" 3201
"../../../Engine/Content/EngineMaterials/DefaultLightFunctionMaterial.uasset" 3202
"/Engine/EngineMaterials/DefaultPostProcessMaterial" 3203
"../../../Engine/Content/EngineMaterials/DefaultPostProcessMaterial.uasset" 3204
"../../../Engine/Content/Functions/Engine_MaterialFunctions02/Utility/BreakOutFloat2Components.uasset" 3205
"/Engine/EditorResources/S_Trigger" 3206
"../../../Engine/Content/EditorResources/S_Trigger.uasset" 3207
"/Engine/EditorResources/S_BoxReflectionCapture" 3208
"../../../Engine/Content/EditorResources/S_BoxReflectionCapture.uasset" 3209
"/Engine/EngineResources/DefaultTexture" 3210
"../../../Engine/Content/EngineResources/DefaultTexture.uasset" 3211
"/Engine/EditorResources/S_TriggerBox" 3212
"../../../Engine/Content/EditorResources/S_TriggerBox.uasset" 3213
"/Engine/EditorResources/S_TriggerCapsule" 3214
"../../../Engine/Content/EditorResources/S_TriggerCapsule.uasset" 3215
"/Engine/EditorResources/S_TriggerSphere" 3216
"../../../Engine/Content/EditorResources/S_TriggerSphere.uasset" 3217
"/Engine/EngineDamageTypes/DmgTypeBP_Environmental" 3218
"../../../Engine/Content/EngineDamageTypes/DmgTypeBP_Environmental.uasset" 3219
"/Engine/EngineMeshes/Sphere" 3220
"../../../Engine/Content/EngineMeshes/Sphere.uasset" 3221
"/Engine/EngineResources/DefaultTextureCube" 3222
"../../../Engine/Content/EngineResources/DefaultTextureCube.uasset" 3223
"/Engine/EngineResources/DefaultVolumeTexture" 3224
"../../../Engine/Content/EngineResources/DefaultVolumeTexture.uasset" 3225
"../../../Engine/Content/EngineResources/DefaultVolumeTexture2D.uasset" 3226
"/Engine/VREditor/TransformGizmo/SM_Sequencer_Node" 3227
"../../../Engine/Content/VREditor/TransformGizmo/SM_Sequencer_Node.uasset" 3228
"../../../Engine/Content/VREditor/TransformGizmo/Main.uasset" 3229
"../../../Engine/Content/VREditor/TransformGizmo/Xray.uasset" 3230
"/Engine/EditorResources/S_Solver" 3231
"../../../Engine/Content/EditorResources/S_Solver.uasset" 3232
"/Engine/EngineDebugMaterials/VolumeToRender" 3233
"../../../Engine/Content/EngineDebugMaterials/VolumeToRender.uasset" 3234
"/Engine/EngineDebugMaterials/M_VolumeRenderSphereTracePP" 3235
"../../../Engine/Content/EngineDebugMaterials/M_VolumeRenderSphereTracePP.uasset" 3236
"../../../Engine/Content/Functions/Engine_MaterialFunctions02/Utility/CameraDirectionVector.uasset" 3237
"/Engine/EditorMeshes/Camera/SM_CraneRig_Base" 3238
"../../../Engine/Content/EditorMeshes/Camera/SM_CraneRig_Base.uasset" 3239
"../../../Engine/Content/EditorMaterials/Camera/MI_CineMat_Rig.uasset" 3240
"../../../Engine/Content/EditorMaterials/Camera/CineMat.uasset" 3241
"/Engine/EditorMeshes/Camera/SM_CraneRig_Arm" 3242
"../../../Engine/Content/EditorMeshes/Camera/SM_CraneRig_Arm.uasset" 3243
"/Engine/EditorMeshes/Camera/SM_CraneRig_Mount" 3244
"../../../Engine/Content/EditorMeshes/Camera/SM_CraneRig_Mount.uasset" 3245
"/Engine/EditorMeshes/Camera/SM_CraneRig_Body" 3246
"../../../Engine/Content/EditorMeshes/Camera/SM_CraneRig_Body.uasset" 3247
"/Engine/EditorMeshes/Camera/SM_RailRig_Track" 3248
"../../../Engine/Content/EditorMeshes/Camera/SM_RailRig_Track.uasset" 3249
"/Engine/EditorMeshes/Camera/SM_RailRig_Mount" 3250
"../../../Engine/Content/EditorMeshes/Camera/SM_RailRig_Mount.uasset" 3251
"/Engine/EditorLandscapeResources/SplineEditorMesh" 3252
"../../../Engine/Content/EditorLandscapeResources/SplineEditorMesh.uasset" 3253
"../../../Engine/Content/EditorLandscapeResources/SplineEditorMeshMat.uasset" 3254
"/HairStrands/Materials/HairDebugMaterial" 3255
"../../Plugins/Runtime/HairStrands/Content/Materials/HairDebugMaterial.uasset" 3256
"../../../Engine/Content/Functions/Engine_MaterialFunctions02/Utility/MakeFloat2.uasset" 3257
"../../../Engine/Content/Functions/Engine_MaterialFunctions02/Utility/MakeFloat3.uasset" 3258
"../../../Engine/Content/EngineMaterials/HairColorMap.uasset" 3259
"../../../Engine/Content/EngineMaterials/HairDebugColor.uasset" 3260
"../../Plugins/Runtime/HairStrands/Content/Materials/HairGroupColors.uasset" 3261
"/HairStrands/Materials/HairDefaultMaterial" 3262
"../../Plugins/Runtime/HairStrands/Content/Materials/HairDefaultMaterial.uasset" 3263
"/HairStrands/Materials/HairCardsDefaultMaterial" 3264
"../../Plugins/Runtime/HairStrands/Content/Materials/HairCardsDefaultMaterial.uasset" 3265
"/HairStrands/Materials/HairMeshesDefaultMaterial" 3266
"../../Plugins/Runtime/HairStrands/Content/Materials/HairMeshesDefaultMaterial.uasset" 3267
"/Engine/BasicShapes/Cube" 3268
"../../../Engine/Content/BasicShapes/Cube.uasset" 3269
"/CameraCalibrationCore/Materials/M_DefaultOddSquare" 3270
"../../Plugins/VirtualProduction/CameraCalibrationCore/Content/Materials/M_DefaultOddSquare.uasset" 3271
"/CameraCalibrationCore/Materials/M_DefaultEvenSquare" 3272
"../../Plugins/VirtualProduction/CameraCalibrationCore/Content/Materials/M_DefaultEvenSquare.uasset" 3273
"/Engine/EngineMaterials/Widget3DPassThrough_Translucent" 3274
"../../../Engine/Content/EngineMaterials/Widget3DPassThrough_Translucent.uasset" 3275
"../../../Engine/Content/EngineMaterials/Widget3DPassThrough.uasset" 3276
"/Engine/EngineMaterials/Widget3DPassThrough_Translucent_OneSided" 3277
"../../../Engine/Content/EngineMaterials/Widget3DPassThrough_Translucent_OneSided.uasset" 3278
"/Engine/EngineMaterials/Widget3DPassThrough_Opaque" 3279
"../../../Engine/Content/EngineMaterials/Widget3DPassThrough_Opaque.uasset" 3280
"/Engine/EngineMaterials/Widget3DPassThrough_Opaque_OneSided" 3281
"../../../Engine/Content/EngineMaterials/Widget3DPassThrough_Opaque_OneSided.uasset" 3282
"/Engine/EngineMaterials/Widget3DPassThrough_Masked" 3283
"../../../Engine/Content/EngineMaterials/Widget3DPassThrough_Masked.uasset" 3284
"/Engine/EngineMaterials/Widget3DPassThrough_Masked_OneSided" 3285
"../../../Engine/Content/EngineMaterials/Widget3DPassThrough_Masked_OneSided.uasset" 3286
"/Engine/VREditor/ViewportInteractionAssetContainerData" 3287
"../../../Engine/Content/VREditor/ViewportInteractionAssetContainerData.uasset" 3288
"../../../Engine/Content/VREditor/SnapGrid/SnapGridMaterial.uasset" 3289
"../../../Engine/Content/VREditor/TransformGizmo/TransformGizmoMaterial_Inst.uasset" 3290
"../../../Engine/Content/VREditor/TransformGizmo/TranslucentTransformGizmoMaterial_Inst.uasset" 3291
"../../../Engine/Content/VREditor/SnapGrid/SnapGridPlaneMesh.uasset" 3292
"../../../Engine/Content/VREditor/Sounds/UI/Drop_Item_From_ContentBrowser.uasset" 3293
"../../../Engine/Content/VREditor/Sounds/UI/Gizmo_Handle_Clicked.uasset" 3294
"../../../Engine/Content/VREditor/Sounds/UI/Object_PickUp.uasset" 3295
"../../../Engine/Content/VREditor/Sounds/UI/Object_Snaps_To_Another_Actor.uasset" 3296
"../../../Engine/Content/VREditor/Sounds/UI/Object_Snaps_To_Grid.uasset" 3297
"../../../Engine/Content/VREditor/Sounds/UI/Scaling_Down.uasset" 3298
"../../../Engine/Content/VREditor/Sounds/UI/Scaling_Up.uasset" 3299
"../../../Engine/Content/VREditor/Sounds/UI/Selection_Changes.uasset" 3300
"../../../Engine/Content/VREditor/TransformGizmo/PlaneTranslationHandle.uasset" 3301
"../../../Engine/Content/VREditor/TransformGizmo/RotationHandleFull.uasset" 3302
"../../../Engine/Content/VREditor/TransformGizmo/RotationHandleIndicator.uasset" 3303
"../../../Engine/Content/VREditor/TransformGizmo/RotationHandleQuarter.uasset" 3304
"../../../Engine/Content/VREditor/TransformGizmo/StartRotationHandleIndicator.uasset" 3305
"../../../Engine/Content/VREditor/TransformGizmo/TransformGizmoFreeRotation.uasset" 3306
"../../../Engine/Content/VREditor/TransformGizmo/TranslateArrowHandle.uasset" 3307
"../../../Engine/Content/VREditor/TransformGizmo/UniformScaleHandle.uasset" 3308
"../../../Engine/Content/Functions/Engine_MaterialFunctions02/Math/Transform3x3Matrix.uasset" 3309
"../../../Engine/Content/Functions/Engine_MaterialFunctions02/SplitComponents.uasset" 3310
"../../../Engine/Content/VREditor/TransformGizmo/TransformGizmoMaterial.uasset" 3311
"../../../Engine/Content/VREditor/TransformGizmo/TranslucentTransformGizmoMaterial.uasset" 3312
"../../../Engine/Content/Functions/Engine_MaterialFunctions02/Utility/BreakOutFloat3Components.uasset" 3313
"../../../Engine/Content/VREditor/LaserPointer/VR_LaserPower_01.uasset" 3314
"/Engine/VREditor/TransformGizmo/BoundingBoxCorner" 3315
"../../../Engine/Content/VREditor/TransformGizmo/BoundingBoxCorner.uasset" 3316
"/Engine/VREditor/TransformGizmo/BoundingBoxEdge" 3317
"../../../Engine/Content/VREditor/TransformGizmo/BoundingBoxEdge.uasset" 3318
"/Engine/ArtTools/RenderToTexture/Meshes/S_1_Unit_Plane" 3319
"../../../Engine/Content/ArtTools/RenderToTexture/Meshes/S_1_Unit_Plane.uasset" 3320
"/Engine/EngineDebugMaterials/M_SimpleUnlitTranslucent" 3321
"../../../Engine/Content/EngineDebugMaterials/M_SimpleUnlitTranslucent.uasset" 3322
"/Engine/EngineFonts/Roboto" 3323
"../../../Engine/Content/EngineFonts/Roboto.uasset" 3324
"../../../Engine/Content/EngineFonts/Faces/DroidSansFallback.uasset" 3325
"../../../Engine/Content/EngineFonts/Faces/RobotoBold.uasset" 3326
"../../../Engine/Content/EngineFonts/Faces/RobotoBoldItalic.uasset" 3327
"../../../Engine/Content/EngineFonts/Faces/RobotoItalic.uasset" 3328
"../../../Engine/Content/EngineFonts/Faces/RobotoLight.uasset" 3329
"../../../Engine/Content/EngineFonts/Faces/RobotoRegular.uasset" 3330
"/Engine/EditorMaterials/ParticleSystems/PSysThumbnail_NoImage" 3331
"../../../Engine/Content/EditorMaterials/ParticleSystems/PSysThumbnail_NoImage.uasset" 3332
"/Engine/EditorMaterials/ParticleSystems/PSysThumbnail_OOD" 3333
"../../../Engine/Content/EditorMaterials/ParticleSystems/PSysThumbnail_OOD.uasset" 3334
"/Engine/EngineResources/LandscapeVisibilityLayerInfo" 3335
"../../../Engine/Content/EngineResources/LandscapeVisibilityLayerInfo.uasset" 3336
"/ACLPlugin/ACLAnimBoneCompressionSettings" 3337
"../../Plugins/Animation/ACLPlugin/Content/ACLAnimBoneCompressionSettings.uasset" 3338
"/Engine/Animation/DefaultRecorderBoneCompression" 3339
"../../../Engine/Content/Animation/DefaultRecorderBoneCompression.uasset" 3340
"/ACLPlugin/ACLAnimCurveCompressionSettings" 3341
"../../Plugins/Animation/ACLPlugin/Content/ACLAnimCurveCompressionSettings.uasset" 3342
"/Engine/Animation/DefaultVariableFrameStrippingSettings" 3343
"../../../Engine/Content/Animation/DefaultVariableFrameStrippingSettings.uasset" 3344
"/ControlRig/Controls/ControlRigXRayMaterial" 3345
"../../Plugins/Animation/ControlRig/Content/Controls/ControlRigXRayMaterial.uasset" 3346
"/ControlRig/Controls/DefaultGizmoLibraryNormalized" 3347
"../../Plugins/Animation/ControlRig/Content/Controls/DefaultGizmoLibraryNormalized.uasset" 3348
"/ControlRig/M_Manip" 3349
"../../Plugins/Animation/ControlRig/Content/M_Manip.uasset" 3350
"../../../Engine/Content/Functions/Engine_MaterialFunctions02/WorldPositionOffset/CameraOffset.uasset" 3351
"/AudioWidgets/Resources/ScrubHandleDown_Clamped" 3352
"../../Plugins/Runtime/AudioWidgets/Content/Resources/ScrubHandleDown_Clamped.uasset" 3353
"/Paper2D/MaskedUnlitSpriteMaterial" 3354
"../../Plugins/2D/Paper2D/Content/MaskedUnlitSpriteMaterial.uasset" 3355
"../../Plugins/2D/Paper2D/Content/DefaultSpriteMaterial.uasset" 3356
"../../Plugins/2D/Paper2D/Content/PlaceholderTextures/DummySpriteTexture.uasset" 3357
"/Paper2D/OpaqueUnlitSpriteMaterial" 3358
"../../Plugins/2D/Paper2D/Content/OpaqueUnlitSpriteMaterial.uasset" 3359
"/Paper2D/DefaultPaperTerrainMaterial" 3360
"../../Plugins/2D/Paper2D/Content/DefaultPaperTerrainMaterial.uasset" 3361
"../../Plugins/2D/Paper2D/Content/DummySprite.uasset" 3362
"/SpeedTreeImporter/SpeedTree9/SpeedTreeMaster" 3363
"../../Plugins/Editor/SpeedTreeImporter/Content/SpeedTree9/SpeedTreeMaster.uasset" 3364
"../../../Engine/Content/Functions/Engine_MaterialFunctions02/ObjectLocalBounds.uasset" 3365
"../../../Engine/Content/Functions/Engine_MaterialFunctions02/SafeNormalize.uasset" 3366
"../../../Engine/Content/Functions/Engine_MaterialFunctions02/Utility/VectorLength.uasset" 3367
"../../../Engine/Content/Functions/Engine_MaterialFunctions02/UVs/BoundingBoxBased_0-1_UVW.uasset" 3368
"../../../Engine/Content/Functions/Engine_MaterialFunctions02/WorldPositionOffset/ObjectScale.uasset" 3369
"../../Plugins/Editor/SpeedTreeImporter/Content/SpeedTree9/SpeedTreeBranchMotion.uasset" 3370
"../../Plugins/Editor/SpeedTreeImporter/Content/SpeedTree9/SpeedTreeCameraFacing.uasset" 3371
"../../Plugins/Editor/SpeedTreeImporter/Content/SpeedTree9/SpeedTreeWind.uasset" 3372
"../../Plugins/Editor/SpeedTreeImporter/Content/SpeedTree9/SpeedTreeWindMotion.uasset" 3373
"../../Plugins/Editor/SpeedTreeImporter/Content/SpeedTree9/UnpackDirection.uasset" 3374
"../../Plugins/Editor/SpeedTreeImporter/Content/SpeedTree9/UnpackInteger3.uasset" 3375
"../../Plugins/Editor/SpeedTreeImporter/Content/SpeedTree9/Empty.uasset" 3376
"../../Plugins/Editor/SpeedTreeImporter/Content/SpeedTree9/EmptyNormal.uasset" 3377
"../../Plugins/Editor/SpeedTreeImporter/Content/SpeedTree9/game_wind_noise.uasset" 3378
"/SpeedTreeImporter/SpeedTree9/SpeedTreeBillboardMaster" 3379
"../../Plugins/Editor/SpeedTreeImporter/Content/SpeedTree9/SpeedTreeBillboardMaster.uasset" 3380
"../../Plugins/Editor/SpeedTreeImporter/Content/SpeedTree9/SpeedTreeBillboard.uasset" 3381
"/MediaPlate/SM_MediaPlateScreen" 3382
"../../Plugins/Media/MediaPlate/Content/SM_MediaPlateScreen.uasset" 3383
"/Engine/BasicShapes/BasicShapeMaterial" 3384
"../../../Engine/Content/BasicShapes/BasicShapeMaterial.uasset" 3385
"/Engine/EditorMaterials/Dataflow/DataflowVertexMaterial" 3386
"../../../Engine/Content/EditorMaterials/Dataflow/DataflowVertexMaterial.uasset" 3387
"/Engine/EditorMaterials/Dataflow/DataflowTwoSidedVertexMaterial" 3388
"../../../Engine/Content/EditorMaterials/Dataflow/DataflowTwoSidedVertexMaterial.uasset" 3389
"/Engine/EditorLandscapeResources/LayerVisMaterial" 3390
"../../../Engine/Content/EditorLandscapeResources/LayerVisMaterial.uasset" 3391
"../../../Engine/Content/EditorLandscapeResources/WhiteSquareTexture.uasset" 3392
"/Engine/EditorLandscapeResources/SelectBrushMaterial_Selected" 3393
"../../../Engine/Content/EditorLandscapeResources/SelectBrushMaterial_Selected.uasset" 3394
"../../../Engine/Content/EditorLandscapeResources/SelectBrushMaterial.uasset" 3395
"../../../Engine/Content/Functions/Engine_MaterialFunctions03/Math/WithinRangeFloat2.uasset" 3396
"../../../Engine/Content/EditorLandscapeResources/DefaultAlphaTexture.uasset" 3397
"/Engine/EditorLandscapeResources/SelectBrushMaterial_SelectedRegion" 3398
"../../../Engine/Content/EditorLandscapeResources/SelectBrushMaterial_SelectedRegion.uasset" 3399
"/Engine/EditorLandscapeResources/MaskBrushMaterial_MaskedRegion" 3400
"../../../Engine/Content/EditorLandscapeResources/MaskBrushMaterial_MaskedRegion.uasset" 3401
"../../../Engine/Content/EditorLandscapeResources/MaskBrushMaterial.uasset" 3402
"/Engine/EditorLandscapeResources/ColorMaskBrushMaterial_MaskedRegion" 3403
"../../../Engine/Content/EditorLandscapeResources/ColorMaskBrushMaterial_MaskedRegion.uasset" 3404
"../../../Engine/Content/EditorLandscapeResources/ColorMaskBrushMaterial.uasset" 3405
"/Engine/EditorLandscapeResources/LandscapeDirtyMaterial" 3406
"../../../Engine/Content/EditorLandscapeResources/LandscapeDirtyMaterial.uasset" 3407
"/Engine/EditorLandscapeResources/LandscapeLayerUsageMaterial" 3408
"../../../Engine/Content/EditorLandscapeResources/LandscapeLayerUsageMaterial.uasset" 3409
"../../../Engine/Content/Functions/Engine_MaterialFunctions01/Debug/DebugIntValues.uasset" 3410
"../../../Engine/Content/Functions/Engine_MaterialFunctions01/Texturing/ScaleUVsByCenter.uasset" 3411
"../../../Engine/Content/Functions/Engine_MaterialFunctions02/WorldPositionOffset/LocalPosition.uasset" 3412
"../../../Engine/Content/Functions/Engine_MaterialFunctions01/Texturing/TextureCropping.uasset" 3413
"../../../Engine/Content/Functions/Engine_MaterialFunctions02/ExampleContent/DebugNumberStrip.uasset" 3414
"C:/Users/NDLinh/AppData/Local/UnrealEngine/Editor/UInteractiveToolsPresetCollectionAsset_DefaultCollection.json" 3415
"/Engine/EngineMaterials/NaniteHiddenSectionMaterial" 3416
"../../../Engine/Content/EngineMaterials/NaniteHiddenSectionMaterial.uasset" 3417
"/Engine/EngineMaterials/RemoveSurfaceMaterial" 3418
"../../../Engine/Content/EngineMaterials/RemoveSurfaceMaterial.uasset" 3419
"/Engine/EngineDebugMaterials/DebugMeshMaterial" 3420
"../../../Engine/Content/EngineDebugMaterials/DebugMeshMaterial.uasset" 3421
"/Engine/EngineMaterials/EmissiveMeshMaterial" 3422
"../../../Engine/Content/EngineMaterials/EmissiveMeshMaterial.uasset" 3423
"../../../Engine/Content/EngineMaterials/DefaultWhiteGrid_Low.uasset" 3424
"/Engine/EngineMaterials/M_InvalidLightmapSettings" 3425
"../../../Engine/Content/EngineMaterials/M_InvalidLightmapSettings.uasset" 3426
"../../../Engine/Content/EngineMaterials/InvalidLightmapSettings.uasset" 3427
"/Engine/EngineMaterials/GizmoMaterial" 3428
"../../../Engine/Content/EngineMaterials/GizmoMaterial.uasset" 3429
"/Engine/EngineMaterials/PhAT_JointLimitMaterial" 3430
"../../../Engine/Content/EngineMaterials/PhAT_JointLimitMaterial.uasset" 3431
"/Engine/EngineMaterials/FlattenMaterial" 3432
"../../../Engine/Content/EngineMaterials/FlattenMaterial.uasset" 3433
"../../../Engine/Content/EngineMaterials/BaseFlattenDiffuseMap.uasset" 3434
"../../../Engine/Content/EngineMaterials/BaseFlattenEmissiveMap.uasset" 3435
"../../../Engine/Content/EngineMaterials/BaseFlattenGrayscaleMap.uasset" 3436
"../../../Engine/Content/EngineMaterials/BaseFlattenLinearColor.uasset" 3437
"../../../Engine/Content/EngineMaterials/BaseFlattenNormalMap.uasset" 3438
"../../../Engine/Content/Functions/Engine_MaterialFunctions02/PivotPainter2/Black_1x1_EXR_Texture.uasset" 3439
"/Engine/EngineMaterials/FlattenMaterial_VT" 3440
"../../../Engine/Content/EngineMaterials/FlattenMaterial_VT.uasset" 3441
"../../../Engine/Content/EngineMaterials/BaseFlattenDiffuseMap_VT.uasset" 3442
"../../../Engine/Content/EngineMaterials/BaseFlattenEmissiveMap_VT.uasset" 3443
"../../../Engine/Content/EngineMaterials/BaseFlattenGrayscaleMap_VT.uasset" 3444
"../../../Engine/Content/EngineMaterials/BaseFlattenLinearColor_VT.uasset" 3445
"../../../Engine/Content/EngineMaterials/BaseFlattenNormalMap_VT.uasset" 3446
"../../../Engine/Content/EngineMaterials/Black_1x1_EXR_Texture_VT.uasset" 3447
"/Engine/EngineMaterials/FlattenMaterial_WS_Normal_VT" 3448
"../../../Engine/Content/EngineMaterials/FlattenMaterial_WS_Normal_VT.uasset" 3449
"/Engine/EngineMaterials/Good64x64TilingNoiseHighFreq" 3450
"../../../Engine/Content/EngineMaterials/Good64x64TilingNoiseHighFreq.uasset" 3451
"/Engine/EngineMaterials/DefaultBokeh" 3452
"../../../Engine/Content/EngineMaterials/DefaultBokeh.uasset" 3453
"/Engine/EngineMaterials/MiniFont" 3454
"../../../Engine/Content/EngineMaterials/MiniFont.uasset" 3455
"/Engine/EngineMaterials/WeightMapPlaceholderTexture" 3456
"../../../Engine/Content/EngineMaterials/WeightMapPlaceholderTexture.uasset" 3457
"/Engine/EngineMaterials/WeightMapArrayPlaceholderTexture" 3458
"../../../Engine/Content/EngineMaterials/WeightMapArrayPlaceholderTexture.uasset" 3459
"/Engine/EngineMaterials/DefaultWhiteGrid" 3460
"../../../Engine/Content/EngineMaterials/DefaultWhiteGrid.uasset" 3461
"/Engine/EngineMaterials/PreintegratedSkinBRDF" 3462
"../../../Engine/Content/EngineMaterials/PreintegratedSkinBRDF.uasset" 3463
"/Engine/EngineMaterials/LTC/GGX_LTCAmp" 3464
"../../../Engine/Content/EngineMaterials/LTC/GGX_LTCAmp.uasset" 3465
"/Engine/EngineMaterials/LTC/GGX_LTCMat" 3466
"../../../Engine/Content/EngineMaterials/LTC/GGX_LTCMat.uasset" 3467
"/Engine/EngineMaterials/EnergyConservation/GGX_ReflectionEnergy" 3468
"../../../Engine/Content/EngineMaterials/EnergyConservation/GGX_ReflectionEnergy.uasset" 3469
"/Engine/EngineMaterials/EnergyConservation/GGX_TransmissionEnergyArray" 3470
"../../../Engine/Content/EngineMaterials/EnergyConservation/GGX_TransmissionEnergyArray.uasset" 3471
"/Engine/EngineMaterials/EnergyConservation/SheenLegacy_Energy" 3472
"../../../Engine/Content/EngineMaterials/EnergyConservation/SheenLegacy_Energy.uasset" 3473
"/Engine/EngineMaterials/DefaultPhysicalMaterial" 3474
"../../../Engine/Content/EngineMaterials/DefaultPhysicalMaterial.uasset" 3475
"/Engine/EngineMaterials/DefaultDestructiblePhysicalMaterial" 3476
"../../../Engine/Content/EngineMaterials/DefaultDestructiblePhysicalMaterial.uasset" 3477
"C:/Users/NDLinh/AppData/Local/UnrealEngine/Editor/ProjectEditorRecords.json" 3478
"/Niagara/ParameterDefinitions/SpriteRenderer" 3479
"../../Plugins/FX/Niagara/Content/ParameterDefinitions/SpriteRenderer.uasset" 3480
"/Niagara/ParameterDefinitions/RibbonRenderer" 3481
"../../Plugins/FX/Niagara/Content/ParameterDefinitions/RibbonRenderer.uasset" 3482
"/Niagara/ParameterDefinitions/MeshRenderer" 3483
"../../Plugins/FX/Niagara/Content/ParameterDefinitions/MeshRenderer.uasset" 3484
"/Niagara/ParameterDefinitions/LightRenderer" 3485
"../../Plugins/FX/Niagara/Content/ParameterDefinitions/LightRenderer.uasset" 3486
"/Niagara/ParameterDefinitions/DecalRenderer" 3487
"../../Plugins/FX/Niagara/Content/ParameterDefinitions/DecalRenderer.uasset" 3488
"/Niagara/ParameterDefinitions/CoreParameters" 3489
"../../Plugins/FX/Niagara/Content/ParameterDefinitions/CoreParameters.uasset" 3490
"/DeformerGraph/Deformers/DG_LinearBlendSkin_Morph_Cloth" 3491
"../../Plugins/Animation/DeformerGraph/Content/Deformers/DG_LinearBlendSkin_Morph_Cloth.uasset" 3492
"../../Plugins/Animation/DeformerGraph/Content/DeformerFunctions/DG_Function_LinearBlendSkin_Morph_Cloth.uasset" 3493
"/DeformerGraph/Deformers/DG_LinearBlendSkin_Morph_Cloth_RecomputeNormals" 3494
"../../Plugins/Animation/DeformerGraph/Content/Deformers/DG_LinearBlendSkin_Morph_Cloth_RecomputeNormals.uasset" 3495
"../../Plugins/Animation/DeformerGraph/Content/DeformerFunctions/DG_Function_ComputeNormalsTangents.uasset" 3496
"../../Plugins/Animation/DeformerGraph/Content/DeformerFunctions/DG_Function_LinearBlendSkin_Morph_Cloth_PositionOnly.uasset" 3497
"/Engine/BasicShapes/Sphere" 3498
"../../../Engine/Content/BasicShapes/Sphere.uasset" 3499
"../../../Engine/Content/EngineMaterials/DefaultMaterial.uasset" 3500
"/Engine/BasicShapes/Cylinder" 3501
"../../../Engine/Content/BasicShapes/Cylinder.uasset" 3502
"/Engine/BasicShapes/Cone" 3503
"../../../Engine/Content/BasicShapes/Cone.uasset" 3504
"/Engine/BasicShapes/Plane" 3505
"../../../Engine/Content/BasicShapes/Plane.uasset" 3506
"../../../Engine/Documentation/Source/Shared/Types/ABrush/ABrush.INT.udn" 3507
"../../../Engine/Content/Internationalization/icudt64l/brkitr/en.res" 3508
"../../../Engine/Content/Internationalization/icudt64l/brkitr/root.res" 3509
"../../../Engine/Content/Internationalization/icudt64l/brkitr/char.brk" 3510
"../../../Engine/Content/Internationalization/icudt64l/brkitr/word.brk" 3511
"/Engine/EngineFonts/DroidSansMono" 3512
"../../../Engine/Content/EngineFonts/DroidSansMono.uasset" 3513
"../../../Engine/Content/EngineFonts/Faces/DroidSansMono.uasset" 3514
"/Engine/EditorResources/SequenceRecorder/Countdown" 3515
"../../../Engine/Content/EditorResources/SequenceRecorder/Countdown.uasset" 3516
"/Engine/EditorResources/SequenceRecorder/RecordingIndicator" 3517
"../../../Engine/Content/EditorResources/SequenceRecorder/RecordingIndicator.uasset" 3518
"/Engine/EditorMaterials/PhAT_UnselectedMaterial" 3519
"../../../Engine/Content/EditorMaterials/PhAT_UnselectedMaterial.uasset" 3520
"/Engine/EditorMaterials/PhAT_NoCollisionMaterial" 3521
"../../../Engine/Content/EditorMaterials/PhAT_NoCollisionMaterial.uasset" 3522
"/Engine/EditorResources/S_Terrain" 3523
"../../../Engine/Content/EditorResources/S_Terrain.uasset" 3524
"../../../Engine/Plugins/FX/Niagara/Shaders/Private/NiagaraDataInterfaceTexture2DArrayTemplate.ush" 3525
"../../../Engine/Plugins/FX/Niagara/Shaders/Private/NiagaraDataInterfaceActorComponentTemplate.ush" 3526
"../../../Engine/Plugins/FX/Niagara/Shaders/Private/NiagaraDataInterfaceArrayTemplate.ush" 3527
"../../../Engine/Plugins/FX/Niagara/Shaders/Private/NiagaraDataInterfaceArrayRWTemplate.ush" 3528
"../../../Engine/Plugins/FX/Niagara/Shaders/Private/NiagaraDataInterfaceAsyncGpuTrace.ush" 3529
"../../../Engine/Plugins/FX/Niagara/Shaders/Private/NiagaraDataInterfaceAsyncGpuTraceTemplate.ush" 3530
"../../../Engine/Plugins/FX/Niagara/Shaders/Private/NiagaraDataInterfaceCamera.ush" 3531
"../../../Engine/Plugins/Experimental/ChaosNiagara/Shaders/NiagaraDataInterfaceChaosDestruction.ush" 3532
"../../../Engine/Plugins/FX/Niagara/Shaders/Private/NiagaraDataInterfaceCollisionQuery.ush" 3533
"E:/Epic Games/UE projects/rpg_project/Intermediate/ShaderAutogen/PCD3D_SM5/AutogenShaderHeaders.ush" 3534
"../../../Engine/Plugins/FX/Niagara/Shaders/Private/NiagaraDataInterfaceCollisionQueryTemplate.ush" 3535
"../../../Engine/Plugins/FX/Niagara/Shaders/Private/NiagaraDataInterfaceCurveTemplate.ush" 3536
"../../../Engine/Plugins/FX/Niagara/Shaders/Private/NiagaraDataInterfaceCubeTextureTemplate.ush" 3537
"../../../Engine/Plugins/FX/Niagara/Shaders/Private/DataChannel/NiagaraDataInterfaceDataChannelCommon.ush" 3538
"../../../Engine/Plugins/FX/Niagara/Shaders/Private/DataChannel/NiagaraDataInterfaceDataChannelTemplateCommon.ush" 3539
"../../../Engine/Plugins/FX/Niagara/Shaders/Private/DataChannel/NiagaraDataInterfaceDataChannelTemplateReadCommon.ush" 3540
"../../../Engine/Plugins/FX/Niagara/Shaders/Private/DataChannel/NiagaraDataInterfaceDataChannelTemplate_Read.ush" 3541
"../../../Engine/Plugins/FX/Niagara/Shaders/Private/DataChannel/NiagaraDataInterfaceDataChannelTemplate_Consume.ush" 3542
"../../../Engine/Plugins/FX/Niagara/Shaders/Private/DataChannel/NiagaraDataInterfaceDataChannelTemplateWriteCommon.ush" 3543
"../../../Engine/Plugins/FX/Niagara/Shaders/Private/DataChannel/NiagaraDataInterfaceDataChannelTemplate_Append.ush" 3544
"../../../Engine/Plugins/FX/Niagara/Shaders/Private/NiagaraDataInterfaceDataTableTemplate.ush" 3545
"../../../Engine/Plugins/FX/Niagara/Shaders/Private/NiagaraDataInterfaceDebugDraw.ush" 3546
"../../../Engine/Plugins/FX/Niagara/Shaders/Private/NiagaraDataInterfaceDebugDrawTemplate.ush" 3547
"../../../Engine/Plugins/FX/Niagara/Shaders/Private/NiagaraDataInterfaceDynamicMeshTemplate.ush" 3548
"../../../Engine/Plugins/FX/Niagara/Shaders/Private/NiagaraDataInterfaceEmitterPropertiesTemplate.ush" 3549
"../../../Engine/Plugins/FX/Niagara/Shaders/Private/NiagaraDataInterfaceExportTemplate.ush" 3550
"../../../Engine/Plugins/FX/Niagara/Shaders/Private/NiagaraDataInterfaceGBufferTemplate.ush" 3551
"../../../Engine/Plugins/Experimental/ChaosNiagara/Shaders/NiagaraDataInterfaceGeometryCollection.ush" 3552
"../../../Engine/Plugins/FX/Niagara/Shaders/Private/NiagaraTransformUtils.ush" 3553
"../../../Engine/Plugins/Runtime/HairStrands/Shaders/Private/NiagaraStrandsExternalForce.ush" 3554
"../../../Engine/Plugins/Runtime/HairStrands/Shaders/Private/NiagaraHookeSpringMaterial.ush" 3555
"../../../Engine/Plugins/Runtime/HairStrands/Shaders/Private/NiagaraAngularSpringMaterial.ush" 3556
"../../../Engine/Plugins/Runtime/HairStrands/Shaders/Private/NiagaraConstantVolumeMaterial.ush" 3557
"../../../Engine/Plugins/Runtime/HairStrands/Shaders/Private/NiagaraCosseratRodMaterial.ush" 3558
"../../../Engine/Plugins/Runtime/HairStrands/Shaders/Private/NiagaraStaticCollisionConstraint.ush" 3559
"../../../Engine/Plugins/Runtime/HairStrands/Shaders/Private/NiagaraDataInterfaceHairStrands.ush" 3560
"../../../Engine/Plugins/Runtime/HairStrands/Shaders/Private/NiagaraDataInterfaceHairStrandsTemplate.ush" 3561
"../../../Engine/Plugins/FX/Niagara/Shaders/Private/NiagaraDataInterfaceIntRenderTarget2D.ush" 3562
"../../../Engine/Plugins/FX/Niagara/Shaders/Private/NiagaraDataInterfaceLandscape.ush" 3563
"../../../Engine/Plugins/FX/Niagara/Shaders/Private/NiagaraDataInterfaceMemoryBufferTemplate.ush" 3564
"../../../Engine/Plugins/FX/Niagara/Shaders/Private/NiagaraDataInterfaceMeshRendererInfoTemplate.ush" 3565
"../../../Engine/Plugins/FX/Niagara/Shaders/Private/NiagaraDataInterfaceOcclusion.ush" 3566
"../../../Engine/Plugins/FX/Niagara/Shaders/Private/NiagaraDataInterfacePhysicsAsset.ush" 3567
"../../../Engine/Plugins/Experimental/ChaosNiagara/Shaders/NiagaraDataInterfacePhysicsField.ush" 3568
"../../../Engine/Plugins/FX/Niagara/Shaders/Private/NiagaraDataInterfacePlatformSetTemplate.ush" 3569
"../../../Engine/Plugins/Runtime/HairStrands/Shaders/Private/NiagaraDataInterfaceVelocityGrid.ush" 3570
"../../../Engine/Plugins/Runtime/HairStrands/Shaders/Private/NiagaraDataInterfaceVelocityGridTemplate.ush" 3571
"../../../Engine/Plugins/Runtime/HairStrands/Shaders/Private/NiagaraDataInterfacePressureGrid.ush" 3572
"../../../Engine/Plugins/Runtime/HairStrands/Shaders/Private/NiagaraDataInterfacePressureGridTemplate.ush" 3573
"../../../Engine/Plugins/FX/Niagara/Shaders/Private/NiagaraDataInterfaceRenderTarget2DTemplate.ush" 3574
"../../../Engine/Plugins/FX/Niagara/Shaders/Private/NiagaraDataInterfaceRenderTarget2DArrayTemplate.ush" 3575
"../../../Engine/Plugins/FX/Niagara/Shaders/Private/NiagaraDataInterfaceRenderTargetCubeTemplate.ush" 3576
"../../../Engine/Plugins/FX/Niagara/Shaders/Private/NiagaraDataInterfaceRenderTargetVolumeTemplate.ush" 3577
"../../../Engine/Plugins/FX/Niagara/Shaders/Private/NiagaraDataInterfaceRigidMeshCollisionQuery.ush" 3578
"../../../Engine/Plugins/FX/Niagara/Shaders/Private/NiagaraDistanceFieldQueries.ush" 3579
"../../../Engine/Plugins/FX/Niagara/Shaders/Private/NiagaraDataInterfaceSceneCapture2DTemplate.ush" 3580
"../../../Engine/Plugins/FX/Niagara/Shaders/Private/NiagaraDataInterfaceSimCacheReaderTemplate.ush" 3581
"../../../Engine/Plugins/FX/Niagara/Shaders/Private/NiagaraDataInterfaceSimpleCounterTemplate.ush" 3582
"../../../Engine/Plugins/FX/Niagara/Shaders/Private/NiagaraDataInterfaceSkeletalMesh.ush" 3583
"../../../Engine/Plugins/FX/Niagara/Shaders/Private/NiagaraBaryCentricUtils.ush" 3584
"../../../Engine/Plugins/FX/Niagara/Shaders/Private/NiagaraDataInterfaceSkeletalMeshTemplate.ush" 3585
"../../../Engine/Plugins/FX/Niagara/Shaders/Private/NiagaraDataInterfaceSocketReaderTemplate.ush" 3586
"../../../Engine/Plugins/FX/Niagara/Shaders/Private/NiagaraDataInterfaceSparseVolumeTextureTemplate.ush" 3587
"../../../Engine/Plugins/FX/Niagara/Shaders/Private/NiagaraDataInterfaceSplineTemplate.ush" 3588
"../../../Engine/Plugins/FX/Niagara/Shaders/Private/NiagaraDataInterfaceSpriteRendererInfoTemplate.ush" 3589
"../../../Engine/Plugins/FX/Niagara/Shaders/Private/NiagaraDataInterfaceStaticMeshTemplate.ush" 3590
"../../../Engine/Plugins/FX/Niagara/Shaders/Private/NiagaraDataInterfaceTextureTemplate.ush" 3591
"../../../Engine/Plugins/FX/Niagara/Shaders/Private/NiagaraDataInterfaceVirtualTexture.ush" 3592
"../../../Engine/Plugins/FX/Niagara/Shaders/Private/NiagaraDataInterfaceVirtualTextureTemplate.ush" 3593
"../../../Engine/Plugins/FX/Niagara/Shaders/Private/NiagaraDataInterfaceVolumeCache.ush" 3594
"../../../Engine/Plugins/FX/Niagara/Shaders/Private/NiagaraDataInterfaceVolumeTextureTemplate.ush" 3595
"../../../../UE projects/rpg_project/Intermediate/ShaderAutogen/PCD3D_SM5/AutogenShaderHeaders.ush" 3596
"E:/Epic Games/UE projects/rpg_project/Content/Input/Touch/UI_TouchSimple.uasset" 3597
"../../../Engine/Content/MobileResources/HUD/VirtualJoystick_Thumb.uasset" 3598
"E:/Epic Games/UE projects/rpg_project/Content/ParagonGrux/FX/Materials/Flares/M_Lensflare_TB_SoftGlow.uasset" 3599
"E:/Epic Games/UE projects/rpg_project/Content/Input/IMC_MouseLook.uasset" 3600
"E:/Epic Games/UE projects/rpg_project/Content/ParagonGrux/FX/Textures/Fire/TX_Pieces_Of_Fire.uasset" 3601
"E:/Epic Games/UE projects/rpg_project/Content/ParagonGrux/FX/Textures/Tile/Energy/T_Swirly_Noise.uasset" 3602
"E:/Epic Games/UE projects/rpg_project/Content/ParagonGrux/FX/Materials/Magma/M_Grux_Magma_Flare_impact.uasset" 3603
"../../../Engine/Content/Functions/Engine_MaterialFunctions01/Density/ExponentialDensity.uasset" 3604
"/Engine/MobileResources/HUD/VirtualJoystick_Thumb" 3605
"E:/Epic Games/UE projects/rpg_project/Content/ParagonGrux/FX/VectorFields/Noisy_Turbulence_103.uasset" 3606
"E:/Epic Games/UE projects/rpg_project/Content/Input/Touch/UI_Thumbstick.uasset" 3607
"E:/Epic Games/UE projects/rpg_project/Content/ParagonGrux/FX/Materials/Functions/FX_EmissiveModulate.uasset" 3608
"../../../Engine/Content/Functions/Engine_MaterialFunctions01/Gradient/RadialGradientExponential.uasset" 3609
"E:/Epic Games/UE projects/rpg_project/Content/ParagonGrux/FX/Materials/Sparks/M_hardSpark_Alpha_GPU_Random1.uasset" 3610
"E:/Epic Games/UE projects/rpg_project/Content/ParagonGrux/FX/Particles/Skins/Grux_Beetle_Magma/P_Grux_Magma_Melee_Impact.uasset" 3611
"E:/Epic Games/UE projects/rpg_project/Content/ParagonAurora/Characters/Rig/IK_AutoGeneratedSource.uasset" 3612
"E:/Epic Games/UE projects/rpg_project/Content/ParagonAurora/Characters/Rig/IK_AutoGeneratedTarget.uasset" 3613
"E:/Epic Games/UE projects/rpg_project/Content/ParagonAurora/Characters/Rig/RTG_Mannequin_To_Aurora.uasset" 3614
"E:/Epic Games/UE projects/rpg_project/Content/ParagonAurora/Characters/Rig/ABP_Aurora.uasset" 3615
"E:/Epic Games/UE projects/rpg_project/Content/ParagonAurora/Characters/Global/Eyes/Textures/Special/T_Aurora_Iris.uasset" 3616
"E:/Epic Games/UE projects/rpg_project/Content/ParagonAurora/Characters/Global/Eyes/MaterialFunctions/ML_EyeRefraction.uasset" 3617
"E:/Epic Games/UE projects/rpg_project/Content/ParagonGrux/FX/Textures/Sparks/T_Spark_Soft.uasset" 3618
"E:/Epic Games/UE projects/rpg_project/Content/ParagonAurora/Characters/Global/Eyes/Textures/Example/SSP_EyeInner_Profile.uasset" 3619
"E:/Epic Games/UE projects/rpg_project/Content/ParagonAurora/Characters/Global/Eyes/Textures/Example/T_EyeMidPlaneDisplacement_Example.uasset" 3620
"E:/Epic Games/UE projects/rpg_project/Content/ParagonAurora/Characters/Global/Eyes/Textures/Example/T_Sphere_EYE_NORMALS.uasset" 3621
"E:/Epic Games/UE projects/rpg_project/Content/ParagonAurora/Characters/Global/Eyes/Textures/Example/T_Eye_Wet_Normal.uasset" 3622
"E:/Epic Games/UE projects/rpg_project/Content/ParagonAurora/Characters/Global/Eyes/Textures/Example/T_EYE_NORMALS.uasset" 3623
"E:/Epic Games/UE projects/rpg_project/Content/ParagonAurora/Characters/Global/Eyes/Textures/Example/T_EyeIrisBaseColor_Example_2.uasset" 3624
"E:/Epic Games/UE projects/rpg_project/Content/ParagonGrux/FX/Materials/Sparks/M_Hotdog_Spark_VLerp_MASTER.uasset" 3625
"../../../Engine/Content/MobileResources/HUD/VirtualJoystick_Background.uasset" 3626
"E:/Epic Games/UE projects/rpg_project/Content/ThirdPerson/Blueprints/BP_ThirdPersonPlayerController.uasset" 3627
"E:/Epic Games/UE projects/rpg_project/Content/ParagonAurora/Characters/Global/Eyes/Textures/Example/T_EyeScleraBaseColor_Example_5.uasset" 3628
"E:/Epic Games/UE projects/rpg_project/Content/__ExternalActors__/ThirdPerson/Lvl_ThirdPerson/D/RI/R8L7GQXCHQGMMKBPTBJTNA.uasset" 3629
"E:/Epic Games/UE projects/rpg_project/Content/ParagonAurora/Characters/Global/Eyes/Textures/T_DecalMask_Radial03.uasset" 3630
"/Game/__ExternalActors__/ThirdPerson/Lvl_ThirdPerson/D/RI/R8L7GQXCHQGMMKBPTBJTNA" 3631
"../../../../UE projects/rpg_project/Content/ThirdPerson/Lvl_ThirdPerson.umap" 3632
"../../../../UE projects/rpg_project/Content/ThirdPerson/Blueprints/BP_ThirdPersonGameMode.uasset" 3633
"../../../../UE projects/rpg_project/Content/ThirdPerson/Blueprints/BP_ThirdPersonCharacter.uasset" 3634
"../../../../UE projects/rpg_project/Content/Characters/Mannequins/Anims/Unarmed/ABP_Unarmed.uasset" 3635
"../../../../UE projects/rpg_project/Content/Characters/Souls/Combat/HitReact_Montage.uasset" 3636
"../../../Engine/Content/EditorBlueprintResources/StandardMacros.uasset" 3637
"../../../../UE projects/rpg_project/Content/Blueprints/BPC_Combat.uasset" 3638
"../../../../UE projects/rpg_project/Content/Blueprints/BPC_Stats.uasset" 3639
"../../../../UE projects/rpg_project/Content/Blueprints/BPI_Damage.uasset" 3640
"../../../../UE projects/rpg_project/Content/Input/Touch/BPI_TouchInterface.uasset" 3641
"../../../../UE projects/rpg_project/Content/Input/Actions/IA_Jump.uasset" 3642
"../../../../UE projects/rpg_project/Content/Input/Actions/IA_Look.uasset" 3643
"../../../../UE projects/rpg_project/Content/Input/Actions/IA_MouseLook.uasset" 3644
"../../../../UE projects/rpg_project/Content/Input/Actions/IA_Move.uasset" 3645
"../../../../UE projects/rpg_project/Content/Input/IMC_Default.uasset" 3646
"../../../../UE projects/rpg_project/Content/Blueprints/E_Stats.uasset" 3647
"../../../../UE projects/rpg_project/Content/Characters/Mannequins/Meshes/SKM_Quinn_Simple.uasset" 3648
"../../../../UE projects/rpg_project/Content/Fab/Sword/sword/StaticMeshes/sword.uasset" 3649
"../../../../UE projects/rpg_project/Content/ParagonAurora/Characters/Heroes/Aurora/Meshes/Aurora.uasset" 3650
"../../../../UE projects/rpg_project/Content/UI/WB_HUD.uasset" 3651
"../../../../UE projects/rpg_project/Content/UI/WB_PlayerHealth.uasset" 3652
"../../../../UE projects/rpg_project/Content/Characters/Mannequins/Anims/Unarmed/Jump/MM_Fall_Loop.uasset" 3653
"../../../../UE projects/rpg_project/Content/Characters/Mannequins/Anims/Unarmed/Jump/MM_Jump.uasset" 3654
"../../../../UE projects/rpg_project/Content/Characters/Mannequins/Anims/Unarmed/Jump/MM_Land.uasset" 3655
"../../../../UE projects/rpg_project/Content/Characters/Mannequins/Anims/Unarmed/MM_Idle.uasset" 3656
"../../../../UE projects/rpg_project/Content/Characters/Mannequins/Anims/Unarmed/BS_Idle_Walk_Run.uasset" 3657
"../../../../UE projects/rpg_project/Content/Characters/Mannequins/Rigs/CR_Mannequin_FootIK.uasset" 3658
"../../../../UE projects/rpg_project/Content/Characters/Mannequins/Meshes/SK_Mannequin.uasset" 3659
"../../../../UE projects/rpg_project/Content/ParagonAurora/Characters/Heroes/Aurora/Meshes/Aurora_Skeleton.uasset" 3660
"../../../../UE projects/rpg_project/Content/Characters/Souls/Combat/HitReact.uasset" 3661
"../../../../UE projects/rpg_project/Content/Characters/Souls/Combat/SwordAttack_Montage.uasset" 3662
"../../../../UE projects/rpg_project/Content/Characters/Souls/Combat/SwordAttackCombo_Montage.uasset" 3663
"../../../../UE projects/rpg_project/Content/Blueprints/BP_TargetLockWidget.uasset" 3664
"../../../../UE projects/rpg_project/Content/Input/Actions/IA_Attack.uasset" 3665
"../../../../UE projects/rpg_project/Content/Input/Actions/IA_Lock.uasset" 3666
"../../../../UE projects/rpg_project/Content/Input/Actions/IA_NormalAttack.uasset" 3667
"../../../../UE projects/rpg_project/Content/ParagonAurora/FX/Particles/Abilities/Primary/FX/P_Aurora_Melee_SucessfulImpact.uasset" 3668
"../../../../UE projects/rpg_project/Content/Characters/Mannequins/Materials/Quinn/MI_Quinn_01.uasset" 3669
"../../../../UE projects/rpg_project/Content/Characters/Mannequins/Materials/Quinn/MI_Quinn_02.uasset" 3670
"../../../../UE projects/rpg_project/Content/Characters/Mannequins/Rigs/PA_Mannequin.uasset" 3671
"../../../../UE projects/rpg_project/Content/Fab/Sword/sword/Materials/Material.uasset" 3672
"../../../../UE projects/rpg_project/Content/ParagonAurora/Characters/Global/Eyes/Materials/M_Eye_Occlusion.uasset" 3673
"../../../../UE projects/rpg_project/Content/ParagonAurora/Characters/Global/Eyes/Materials/M_TearDuct_2.uasset" 3674
"../../../../UE projects/rpg_project/Content/ParagonAurora/Characters/Global/Eyes/Materials/M_TearLine.uasset" 3675
"../../../../UE projects/rpg_project/Content/ParagonAurora/Characters/Heroes/Aurora/Materials/M_Aurora_Armor.uasset" 3676
"../../../../UE projects/rpg_project/Content/ParagonAurora/Characters/Heroes/Aurora/Materials/M_Aurora_Body.uasset" 3677
"../../../../UE projects/rpg_project/Content/ParagonAurora/Characters/Heroes/Aurora/Materials/M_Aurora_Body_Metals.uasset" 3678
"../../../../UE projects/rpg_project/Content/ParagonAurora/Characters/Heroes/Aurora/Materials/M_Aurora_Body_Skin.uasset" 3679
"../../../../UE projects/rpg_project/Content/ParagonAurora/Characters/Heroes/Aurora/Materials/M_Aurora_Dress.uasset" 3680
"../../../../UE projects/rpg_project/Content/ParagonAurora/Characters/Heroes/Aurora/Materials/M_Aurora_Dress_Skin.uasset" 3681
"../../../../UE projects/rpg_project/Content/ParagonAurora/Characters/Heroes/Aurora/Materials/M_Aurora_Head.uasset" 3682
"../../../../UE projects/rpg_project/Content/ParagonAurora/Characters/Heroes/Aurora/Materials/M_Aurora_Sword.uasset" 3683
"../../../../UE projects/rpg_project/Content/ParagonAurora/Characters/Global/Mouth/Materials/M_Mouth_MId_color.uasset" 3684
"../../../../UE projects/rpg_project/Content/ParagonAurora/Characters/Heroes/Aurora/Materials/M_Aurora_Hair.uasset" 3685
"../../../../UE projects/rpg_project/Content/ParagonAurora/Characters/Heroes/Aurora/Materials/M_EyelashMaster_Aurora.uasset" 3686
"../../../../UE projects/rpg_project/Content/ParagonAurora/Characters/Heroes/Aurora/Materials/MI_Aurora_Eye.uasset" 3687
"../../../../UE projects/rpg_project/Content/ParagonAurora/Characters/Heroes/Aurora/Materials/PDO_AuroraTransition_Inst.uasset" 3688
"../../../../UE projects/rpg_project/Content/ParagonAurora/Characters/Heroes/Aurora/Meshes/Aurora_PhysicsAsset.uasset" 3689
"../../../Engine/Content/Animation/DefaultAnimBoneCompressionSettings.uasset" 3690
"../../../Engine/Content/Animation/DefaultAnimCurveCompressionSettings.uasset" 3691
"../../../../UE projects/rpg_project/Content/Characters/Mannequins/Anims/Unarmed/Jog/MF_Unarmed_Jog_Bwd.uasset" 3692
"../../../../UE projects/rpg_project/Content/Characters/Mannequins/Anims/Unarmed/Jog/MF_Unarmed_Jog_Bwd_Left.uasset" 3693
"../../../../UE projects/rpg_project/Content/Characters/Mannequins/Anims/Unarmed/Jog/MF_Unarmed_Jog_Bwd_Right.uasset" 3694
"../../../../UE projects/rpg_project/Content/Characters/Mannequins/Anims/Unarmed/Jog/MF_Unarmed_Jog_Fwd.uasset" 3695
"../../../../UE projects/rpg_project/Content/Characters/Mannequins/Anims/Unarmed/Jog/MF_Unarmed_Jog_Fwd_Left.uasset" 3696
"../../../../UE projects/rpg_project/Content/Characters/Mannequins/Anims/Unarmed/Jog/MF_Unarmed_Jog_Fwd_Right.uasset" 3697
"../../../../UE projects/rpg_project/Content/Characters/Mannequins/Anims/Unarmed/Jog/MF_Unarmed_Jog_Left.uasset" 3698
"../../../../UE projects/rpg_project/Content/Characters/Mannequins/Anims/Unarmed/Jog/MF_Unarmed_Jog_Right.uasset" 3699
"../../../../UE projects/rpg_project/Content/Characters/Mannequins/Anims/Unarmed/Walk/MF_Unarmed_Walk_Bwd.uasset" 3700
"../../../../UE projects/rpg_project/Content/Characters/Mannequins/Anims/Unarmed/Walk/MF_Unarmed_Walk_Bwd_Left.uasset" 3701
"../../../../UE projects/rpg_project/Content/Characters/Mannequins/Anims/Unarmed/Walk/MF_Unarmed_Walk_Bwd_Right.uasset" 3702
"../../../../UE projects/rpg_project/Content/Characters/Mannequins/Anims/Unarmed/Walk/MF_Unarmed_Walk_Fwd.uasset" 3703
"../../../../UE projects/rpg_project/Content/Characters/Mannequins/Anims/Unarmed/Walk/MF_Unarmed_Walk_Fwd_Left.uasset" 3704
"../../../../UE projects/rpg_project/Content/Characters/Mannequins/Anims/Unarmed/Walk/MF_Unarmed_Walk_Fwd_Right.uasset" 3705
"../../../../UE projects/rpg_project/Content/Characters/Mannequins/Anims/Unarmed/Walk/MF_Unarmed_Walk_Left.uasset" 3706
"../../../../UE projects/rpg_project/Content/Characters/Mannequins/Anims/Unarmed/Walk/MF_Unarmed_Walk_Right.uasset" 3707
"../../../../UE projects/rpg_project/Content/ParagonAurora/Characters/Heroes/Aurora/Meshes/Orion_Proto_Retarget.uasset" 3708
"../../../../UE projects/rpg_project/Content/Characters/Souls/Combat/SwordAttack.uasset" 3709
"../../../../UE projects/rpg_project/Content/Blueprints/BP_Notify_Damage.uasset" 3710
"../../../../UE projects/rpg_project/Content/Characters/Souls/Combat/SwordAttackCombo.uasset" 3711
"../../../../UE projects/rpg_project/Content/UI/WB_TargetLock.uasset" 3712
"../../../../UE projects/rpg_project/Content/ParagonAurora/FX/Materials/Aurora/M_Aurora_Fragment.uasset" 3713
"../../../../UE projects/rpg_project/Content/ParagonAurora/FX/Materials/Environment/Dust/M_AuroraFairyDust.uasset" 3714
"../../../../UE projects/rpg_project/Content/ParagonAurora/FX/Materials/Environment/Motes/M_Snowflake_FlipRandom_GPU.uasset" 3715
"../../../../UE projects/rpg_project/Content/ParagonAurora/FX/Materials/Flares/M_DarkFlare_DistShrink.uasset" 3716
"../../../../UE projects/rpg_project/Content/ParagonAurora/FX/Materials/Flares/M_Lensflare_TB_Soft.uasset" 3717
"../../../../UE projects/rpg_project/Content/ParagonAurora/FX/Materials/Sparks/M_Soft_Spark_Glow.uasset" 3718
"../../../../UE projects/rpg_project/Content/ParagonAurora/FX/Materials/Environment/Motes/M_Snowflake_FlipRandom_Mesh.uasset" 3719
"../../../../UE projects/rpg_project/Content/ParagonAurora/FX/Meshes/Debris/SM_Aurora_Fragment.uasset" 3720
"../../../../UE projects/rpg_project/Content/ParagonAurora/FX/Meshes/Shapes/SM_plane1poly.uasset" 3721
"../../../../UE projects/rpg_project/Content/ParagonAurora/FX/Textures/FX/T_ShadowSwirls_v2B.uasset" 3722
"../../../../UE projects/rpg_project/Content/ParagonAurora/FX/VectorFields/VF_RandomNoise_01_90.uasset" 3723
"../../../../UE projects/rpg_project/Content/Characters/Mannequins/Materials/M_Mannequin.uasset" 3724
"../../../../UE projects/rpg_project/Content/Characters/Mannequins/Textures/Quinn/T_Quinn_01_D.uasset" 3725
"../../../../UE projects/rpg_project/Content/Characters/Mannequins/Textures/Quinn/T_Quinn_01_MRA.uasset" 3726
"../../../../UE projects/rpg_project/Content/Characters/Mannequins/Textures/Quinn/T_Quinn_01_N.uasset" 3727
"../../../../UE projects/rpg_project/Content/Characters/Mannequins/Textures/Quinn/T_Quinn_02_D.uasset" 3728
"../../../../UE projects/rpg_project/Content/Characters/Mannequins/Textures/Quinn/T_Quinn_02_MRA.uasset" 3729
"../../../../UE projects/rpg_project/Content/Characters/Mannequins/Textures/Quinn/T_Quinn_02_N.uasset" 3730
"../../Plugins/Interchange/Assets/Content/gltf/MaterialInstances/MI_Default_Opaque_DS.uasset" 3731
"../../../../UE projects/rpg_project/Content/Fab/Sword/sword/Textures/sword_texture_0.uasset" 3732
"../../../../UE projects/rpg_project/Content/Fab/Sword/sword/Textures/sword_texture_1.uasset" 3733
"../../../../UE projects/rpg_project/Content/Fab/Sword/sword/Textures/sword_texture_2.uasset" 3734
"../../../Engine/Content/Functions/Engine_MaterialFunctions01/Gradient/LinearGradient.uasset" 3735
"../../../Engine/Content/Functions/Engine_MaterialFunctions01/ImageAdjustment/BlurSampleOffsets.uasset" 3736
"../../../Engine/Content/Functions/Engine_MaterialFunctions01/ImageAdjustment/SceneTextureAverage.uasset" 3737
"../../../Engine/Content/Functions/Engine_MaterialFunctions02/Utility/CameraVectorWithWPOOptions.uasset" 3738
"../../../../UE projects/rpg_project/Content/ParagonAurora/Characters/Global/Eyes/Textures/T_EyeOcclusion2.uasset" 3739
"../../../Engine/Content/Functions/Engine_MaterialFunctions01/ImageAdjustment/CheapContrast.uasset" 3740
"../../../Engine/Content/Functions/Engine_MaterialFunctions01/Shading/MetallicShading.uasset" 3741
"../../../Engine/Content/Functions/Engine_MaterialFunctions01/Texturing/WorldAlignedTexture.uasset" 3742
"../../../Engine/Content/Functions/Engine_MaterialFunctions02/Texturing/ScreenAlignedPixelToPixelUVs.uasset" 3743
"../../../Engine/Content/Functions/Engine_MaterialFunctions02/Utility/DitherTemporalAA.uasset" 3744
"../../../Engine/Content/Functions/Engine_MaterialFunctions03/Blends/Lerp_ScratchGrime.uasset" 3745
"../../../Engine/Content/Functions/MaterialLayerFunctions/MatLayerBlend_BreakBaseColor.uasset" 3746
"../../../Engine/Content/Functions/MaterialLayerFunctions/MatLayerBlend_Emissive.uasset" 3747
"../../../Engine/Content/Functions/MaterialLayerFunctions/MatLayerBlend_OverrideBaseColor.uasset" 3748
"../../../Engine/Content/Functions/MaterialLayerFunctions/MatLayerBlend_Standard.uasset" 3749
"../../../Engine/Content/Functions/MaterialLayerFunctions/MatLayerBlend_Tint.uasset" 3750
"../../../../UE projects/rpg_project/Content/ParagonAurora/Characters/Global/MaterialFunctions/MaterialLayerConstructors/MLC_ScratchAndGrime.uasset" 3751
"../../../../UE projects/rpg_project/Content/ParagonAurora/Characters/Global/MaterialFunctions/MaterialLayerConstructors/MLC_Standard.uasset" 3752
"../../../../UE projects/rpg_project/Content/ParagonAurora/Characters/Global/MaterialFunctions/MF_BrightnessAdjust.uasset" 3753
"../../../../UE projects/rpg_project/Content/ParagonAurora/Characters/Global/MaterialFunctions/MF_CharacterEffects.uasset" 3754
"../../../../UE projects/rpg_project/Content/ParagonAurora/Characters/Global/MaterialFunctions/MF_DeathFade.uasset" 3755
"../../../../UE projects/rpg_project/Content/ParagonAurora/Characters/Global/MaterialFunctions/MF_HitFlash.uasset" 3756
"../../../../UE projects/rpg_project/Content/ParagonAurora/Characters/Global/MaterialFunctions/MF_OrionRimlight.uasset" 3757
"../../../../UE projects/rpg_project/Content/ParagonAurora/Characters/Global/MaterialLayers/Metal/ML_blue_Metal.uasset" 3758
"../../../../UE projects/rpg_project/Content/ParagonAurora/Characters/Global/MaterialLayers/ML__Blank.uasset" 3759
"../../../../UE projects/rpg_project/Content/ParagonAurora/Characters/Global/ParameterCollections/OrionGlobalGameplayCollection.uasset" 3760
"../../../../UE projects/rpg_project/Content/ParagonAurora/Characters/Global/Eyes/Textures/SSP_TearDuct.uasset" 3761
"../../../../UE projects/rpg_project/Content/ParagonAurora/Characters/Global/Eyes/Textures/T_Eye_Tearduct__normals2.uasset" 3762
"../../../Engine/Content/Functions/Engine_MaterialFunctions01/Texturing/FlattenNormal.uasset" 3763
"../../../Engine/Content/Functions/Engine_MaterialFunctions02/Utility/BlendAngleCorrectedNormals.uasset" 3764
"../../../Engine/Content/Functions/MaterialLayerFunctions/MatLayerBlend_BakedNormal.uasset" 3765
"../../../Engine/Content/Functions/MaterialLayerFunctions/MatLayerBlend_TenLayerBlend.uasset" 3766
"../../../../UE projects/rpg_project/Content/ParagonAurora/Characters/Global/MaterialFunctions/Events/WinterHoliday2016/MF_Snow_Accumulation.uasset" 3767
"../../../../UE projects/rpg_project/Content/ParagonAurora/Characters/Global/MaterialFunctions/MaterialLayerConstructors/MF_BaseColorTintAndContrast.uasset" 3768
"../../../../UE projects/rpg_project/Content/ParagonAurora/Characters/Global/MaterialFunctions/MaterialLayerConstructors/MF_RoughnessAdjustment.uasset" 3769
"../../../../UE projects/rpg_project/Content/ParagonAurora/Characters/Global/MaterialFunctions/MaterialLayerConstructors/MLC_SolidValues.uasset" 3770
"../../../../UE projects/rpg_project/Content/ParagonAurora/Characters/Global/MaterialFunctions/MF_OrionCharacterAO.uasset" 3771
"../../../../UE projects/rpg_project/Content/ParagonAurora/Characters/Global/MaterialFunctions/MF_ThresholdMask.uasset" 3772
"../../../../UE projects/rpg_project/Content/ParagonAurora/Characters/Global/MaterialLayers/Events/WinterHoliday2016/ML_WinterFrost_1.uasset" 3773
"../../../../UE projects/rpg_project/Content/ParagonAurora/Characters/Global/MaterialLayers/Leather/ML_ThinLeather01.uasset" 3774
"../../../../UE projects/rpg_project/Content/ParagonAurora/Characters/Global/MaterialLayers/Metal/ML_LowContrastHardMetal.uasset" 3775
"../../../../UE projects/rpg_project/Content/ParagonAurora/Characters/Global/MaterialLayers/Special/MF_GemLike_Color.uasset" 3776
"../../../../UE projects/rpg_project/Content/ParagonAurora/Characters/Global/MaterialLayers/Special/MF_IcyNoise.uasset" 3777
"../../../../UE projects/rpg_project/Content/ParagonAurora/Characters/Global/MaterialLayers/Special/ML_TranslucentIceyGem_Cheap.uasset" 3778
"../../../../UE projects/rpg_project/Content/ParagonAurora/Characters/Heroes/Aurora/Textures/T_Aurora_Armor_MASK01.uasset" 3779
"../../../../UE projects/rpg_project/Content/ParagonAurora/Characters/Heroes/Aurora/Textures/T_Aurora_Armor_MASK02.uasset" 3780
"../../../../UE projects/rpg_project/Content/ParagonAurora/Characters/Heroes/Aurora/Textures/T_Aurora_Armor_RGB.uasset" 3781
"../../../../UE projects/rpg_project/Content/ParagonAurora/Characters/Heroes/Aurora/Textures/T_Aurora_metal_arm_normals_DEMO.uasset" 3782
"../../../../UE projects/rpg_project/Content/ParagonAurora/Characters/Global/MaterialFunctions/MF_cheapBlendAngleNormal.uasset" 3783
"../../../../UE projects/rpg_project/Content/ParagonAurora/Characters/Global/MaterialFunctions/MF_SkinPores.uasset" 3784
"../../../../UE projects/rpg_project/Content/ParagonAurora/Characters/Global/MaterialFunctions/ML_Skin.uasset" 3785
"../../../../UE projects/rpg_project/Content/ParagonAurora/Characters/Global/MaterialLayers/Special/MF_WinterFrost.uasset" 3786
"../../../../UE projects/rpg_project/Content/ParagonAurora/Characters/Global/MaterialLayers/Special/ML_TranslucentIce.uasset" 3787
"../../../../UE projects/rpg_project/Content/ParagonAurora/Characters/Heroes/Aurora/Materials/SSP_Aurora.uasset" 3788
"../../../../UE projects/rpg_project/Content/ParagonAurora/Characters/Heroes/Aurora/Textures/T_Aurora_body_Aurora_DEMO.uasset" 3789
"../../../../UE projects/rpg_project/Content/ParagonAurora/Characters/Heroes/Aurora/Textures/T_Aurora_Body_RGB.uasset" 3790
"../../../../UE projects/rpg_project/Content/ParagonAurora/Characters/Global/MaterialLayers/ML_FlatBlack.uasset" 3791
"../../../../UE projects/rpg_project/Content/ParagonAurora/Characters/Heroes/Aurora/Textures/T_Aurora_Body_MASK02.uasset" 3792
"../../../../UE projects/rpg_project/Content/ParagonAurora/Characters/Global/MaterialFunctions/MF_CharacterSkinAO.uasset" 3793
"../../../../UE projects/rpg_project/Content/ParagonAurora/Characters/Global/MaterialLayers/Metal/ML_Precious_Metal_Old.uasset" 3794
"../../../../UE projects/rpg_project/Content/ParagonAurora/Characters/Global/MaterialLayers/Skin/ML_Skin.uasset" 3795
"../../../../UE projects/rpg_project/Content/ParagonAurora/Characters/Heroes/Aurora/Materials/SSP_AuroraSkin.uasset" 3796
"../../../../UE projects/rpg_project/Content/ParagonAurora/Characters/Heroes/Aurora/Textures/T_Aurora_Body_MASK01.uasset" 3797
"../../../../UE projects/rpg_project/Content/ParagonAurora/Characters/Heroes/Aurora/Textures/T_Aurora_BodySkin_RGB.uasset" 3798
"../../../../UE projects/rpg_project/Content/ParagonAurora/Characters/Heroes/Aurora/Textures/T_Aurora_Legs_Snow.uasset" 3799
"../../../../UE projects/rpg_project/Content/ParagonAurora/Characters/Heroes/Aurora/Textures/T_Aurora_Skin_Color_BODY.uasset" 3800
"../../../../UE projects/rpg_project/Content/ParagonAurora/Characters/Global/MaterialLayers/Fabric/ML_Chiffon.uasset" 3801
"../../../../UE projects/rpg_project/Content/ParagonAurora/Characters/Global/MaterialLayers/Fabric/ML_Goldribbing02.uasset" 3802
"../../../../UE projects/rpg_project/Content/ParagonAurora/Characters/Heroes/Aurora/Textures/T_Aurora_Beta_Dress_RGBA.uasset" 3803
"../../../../UE projects/rpg_project/Content/ParagonAurora/Characters/Heroes/Aurora/Textures/T_Aurora_Dress_MASK01.uasset" 3804
"../../../../UE projects/rpg_project/Content/ParagonAurora/Characters/Heroes/Aurora/Textures/T_Aurora_Dress_MASK02.uasset" 3805
"../../../../UE projects/rpg_project/Content/ParagonAurora/Characters/Heroes/Aurora/Textures/T_Aurora_Dress_New_N.uasset" 3806
"../../../../UE projects/rpg_project/Content/ParagonAurora/Characters/Heroes/Aurora/Textures/T_Aurora_Dress_TransparencyGrad.uasset" 3807
"../../../../UE projects/rpg_project/Content/ParagonAurora/Characters/Heroes/Aurora/Textures/T_DressPattern01.uasset" 3808
"../../../Engine/Content/Functions/MaterialLayerFunctions/MatLayerBlend_OverrideMetalness.uasset" 3809
"../../../../UE projects/rpg_project/Content/ParagonAurora/Characters/Global/MaterialLayers/Special/ML_Glitter.uasset" 3810
"../../../../UE projects/rpg_project/Content/ParagonAurora/Characters/Global/MaterialFunctions/Textures/Noise/T_TilingNoise06.uasset" 3811
"../../../../UE projects/rpg_project/Content/ParagonAurora/Characters/Heroes/Aurora/Textures/T_Aurora_HEAD_AO.uasset" 3812
"../../../../UE projects/rpg_project/Content/ParagonAurora/Characters/Heroes/Aurora/Textures/T_Aurora_Head_RGB.uasset" 3813
"../../../../UE projects/rpg_project/Content/ParagonAurora/Characters/Heroes/Aurora/Textures/T_Aurora_Skin_Normal_2_HEAD.uasset" 3814
"../../../../UE projects/rpg_project/Content/ParagonAurora/Characters/Heroes/Aurora/Textures/T_Aurora_SkinFace_Color.uasset" 3815
"../../../../UE projects/rpg_project/Content/ParagonAurora/Characters/Heroes/Aurora/Textures/T_Aurora_Tattoos_m00_body_head_skin00.uasset" 3816
"../../../../UE projects/rpg_project/Content/ParagonAurora/Characters/Heroes/Aurora/Textures/T_HighFreqNoise.uasset" 3817
"../../../Engine/Content/Functions/Engine_MaterialFunctions02/Utility/DebugTimeSine.uasset" 3818
"../../../../UE projects/rpg_project/Content/ParagonAurora/Characters/Heroes/Aurora/Materials/MF_Aurora_Sword_FX.uasset" 3819
"../../../../UE projects/rpg_project/Content/ParagonAurora/Characters/Global/FX/Textures/Masks/T_GradientLaserSoft_M.uasset" 3820
"../../../../UE projects/rpg_project/Content/ParagonAurora/Characters/Heroes/Aurora/Textures/T_Aurora_SwordGradient.uasset" 3821
"../../../../UE projects/rpg_project/Content/ParagonAurora/Characters/Global/Mouth/Materials/M_Mouth_Master.uasset" 3822
"../../../../UE projects/rpg_project/Content/ParagonAurora/Characters/Global/Mouth/Textures/T_TeethAndTongue_D2.uasset" 3823
"../../../../UE projects/rpg_project/Content/ParagonAurora/Characters/Global/Mouth/Textures/T_TeethAndTongue_N.uasset" 3824
"../../../../UE projects/rpg_project/Content/ParagonAurora/Characters/Global/Hair/Materials/M_HairSheet_Master2.uasset" 3825
"../../../../UE projects/rpg_project/Content/ParagonAurora/Characters/Global/Hair/SharedHairContent/Dye_MaskGradients/T_AuroraHair_DyeMask.uasset" 3826
"../../../../UE projects/rpg_project/Content/ParagonAurora/Characters/Global/Hair/SharedHairContent/FemaleHair_Straight_Aurora/T_Alfa.uasset" 3827
"../../../../UE projects/rpg_project/Content/ParagonAurora/Characters/Global/Hair/SharedHairContent/FemaleHair_Straight_Aurora/T_Depth.uasset" 3828
"../../../../UE projects/rpg_project/Content/ParagonAurora/Characters/Global/Hair/SharedHairContent/FemaleHair_Straight_Aurora/T_ID.uasset" 3829
"../../../../UE projects/rpg_project/Content/ParagonAurora/Characters/Global/Hair/SharedHairContent/FemaleHair_Straight_Aurora/T_Roots.uasset" 3830
"../../../../UE projects/rpg_project/Content/ParagonAurora/Characters/Heroes/Aurora/Textures/T_Aurora_HairAO.uasset" 3831
"../../../../UE projects/rpg_project/Content/ParagonAurora/Characters/Global/Eyelash/M_EyelashMaster_N.uasset" 3832
"../../../../UE projects/rpg_project/Content/ParagonAurora/Characters/Global/Eyes/Materials/M_EyeRefractive.uasset" 3833
"../../../../UE projects/rpg_project/Content/ParagonAurora/Characters/Heroes/Aurora/Materials/M_PDO_AuroraTransition.uasset" 3834
"../../../../UE projects/rpg_project/Content/ParagonAurora/Characters/Global/MaterialLayers/Rock/Textures/T_HadriansScree_PDO01_H.uasset" 3835
"../../../../UE projects/rpg_project/Content/ParagonAurora/Characters/Global/MaterialLayers/Rock/Textures/T_HadriansScree_PDO01_N.uasset" 3836
"../../../Engine/Content/Functions/Engine_MaterialFunctions01/ImageAdjustment/DeriveHDRfromLDR.uasset" 3837
"../../../Engine/Content/Functions/Engine_MaterialFunctions02/Utility/Round.uasset" 3838
"../../../Engine/Content/Functions/Engine_MaterialFunctions02/Utility/Sign.uasset" 3839
"../../../../UE projects/rpg_project/Content/UI/Icons/Target_Lock.uasset" 3840
"../../../../UE projects/rpg_project/Content/ParagonAurora/FX/Textures/CubeMaps/T_Agora_Cube_Small.uasset" 3841
"../../../../UE projects/rpg_project/Content/ParagonAurora/FX/Textures/Environment/Rock/Textures/T_Slate_M.uasset" 3842
"../../../../UE projects/rpg_project/Content/ParagonAurora/FX/Textures/Environment/Rock/Textures/T_Slate_N.uasset" 3843
"../../../../UE projects/rpg_project/Content/ParagonAurora/FX/Materials/Functions/MF_ParticleShrinkDistance.uasset" 3844
"../../../../UE projects/rpg_project/Content/ParagonAurora/FX/Textures/Global/Noise/T_TilingNoise03.uasset" 3845
"../../../../UE projects/rpg_project/Content/ParagonAurora/FX/Textures/Tile/Noise/T_random_noise_highfreq_rgb.uasset" 3846
"../../../../UE projects/rpg_project/Content/ParagonAurora/FX/Materials/Functions/MF_CameraDistanceFade.uasset" 3847
"../../../../UE projects/rpg_project/Content/ParagonAurora/FX/Materials/Functions/MF_FX_EmissiveModulate.uasset" 3848
"../../../../UE projects/rpg_project/Content/ParagonAurora/FX/Materials/Functions/MF_RandomSubUV_GPUSprites.uasset" 3849
"../../../../UE projects/rpg_project/Content/ParagonAurora/FX/Textures/Environment/Motes/T_Snowflakes_Blurred_D.uasset" 3850
"../../../../UE projects/rpg_project/Content/ParagonAurora/FX/Textures/Environment/Motes/T_Snowflakes_D.uasset" 3851
"../../../../UE projects/rpg_project/Content/ParagonAurora/FX/Textures/Flares/T_Flare_Spikeball.uasset" 3852
"../../../../UE projects/rpg_project/Content/ParagonAurora/FX/Textures/Sparks/T_Spark_Soft.uasset" 3853
"../../../../UE projects/rpg_project/Content/Characters/Mannequins/Textures/Manny/T_Manny_01_BN.uasset" 3854
"../../../../UE projects/rpg_project/Content/Characters/Mannequins/Textures/Manny/T_Manny_01_D.uasset" 3855
"../../../../UE projects/rpg_project/Content/Characters/Mannequins/Textures/Manny/T_Manny_01_MRA.uasset" 3856
"../../../../UE projects/rpg_project/Content/Characters/Mannequins/Textures/Shared/T_UE_Logo_M.uasset" 3857
"../../Plugins/Interchange/Assets/Content/gltf/M_Default.uasset" 3858
"../../../Engine/Content/EngineMaterials/DefaultNormal.uasset" 3859
"../../../../UE projects/rpg_project/Content/ParagonAurora/Characters/Global/MaterialFunctions/Textures/Noise/T_AtmosphericCloudNoise01.uasset" 3860
"../../../../UE projects/rpg_project/Content/ParagonAurora/Characters/Global/MaterialFunctions/Textures/Noise/T_AtmosphericCloudNoise01_N.uasset" 3861
"../../../../UE projects/rpg_project/Content/ParagonAurora/Characters/Global/MaterialFunctions/Textures/Noise/T_AtmosphericCloudNoise03.uasset" 3862
"../../../../UE projects/rpg_project/Content/ParagonAurora/Characters/Global/MaterialLayers/Metal/T_Blue_Metal02.uasset" 3863
"../../../../UE projects/rpg_project/Content/ParagonAurora/Characters/Global/MaterialLayers/Rubber/T_Blank_N.uasset" 3864
"../../../../UE projects/rpg_project/Content/ParagonAurora/Characters/Global/MaterialLayers/T_TestML_Mask.uasset" 3865
"../../../../UE projects/rpg_project/Content/ParagonAurora/Characters/Global/T_Black_Linear.uasset" 3866
"../../../../UE projects/rpg_project/Content/ParagonAurora/Characters/Global/FX/Textures/Coords/T_LinearUVs.uasset" 3867
"../../../../UE projects/rpg_project/Content/ParagonAurora/Characters/Global/MaterialLayers/Events/WinterHoliday2016/T_Snow_Crystals_MASK.uasset" 3868
"../../../../UE projects/rpg_project/Content/ParagonAurora/Characters/Global/MaterialLayers/Events/WinterHoliday2016/T_Snow_Crystals_N.uasset" 3869
"../../../../UE projects/rpg_project/Content/ParagonAurora/Characters/Global/MaterialLayers/Leather/T_ML_FineLeather01.uasset" 3870
"../../../../UE projects/rpg_project/Content/ParagonAurora/Characters/Global/MaterialLayers/Leather/T_ML_FineLeather01_N.uasset" 3871
"../../../../UE projects/rpg_project/Content/ParagonAurora/Characters/Global/MaterialLayers/Metal/T_hardmetal2_D.uasset" 3872
"../../../../UE projects/rpg_project/Content/ParagonAurora/Characters/Global/MaterialLayers/Metal/T_ML_Aluminum_01_N.uasset" 3873
"../../../../UE projects/rpg_project/Content/ParagonAurora/Characters/Global/MaterialLayers/Special/T_Aurora_Noise_N.uasset" 3874
"../../../../UE projects/rpg_project/Content/ParagonAurora/Characters/Global/MaterialLayers/Special/T_Noise_Water.uasset" 3875
"../../../../UE projects/rpg_project/Content/ParagonAurora/Characters/Global/MaterialLayers/Special/T_AuroraVeins.uasset" 3876
"../../../../UE projects/rpg_project/Content/ParagonAurora/Characters/Global/MaterialLayers/Special/T_Metal_Lights_S.uasset" 3877
"../../../../UE projects/rpg_project/Content/ParagonAurora/Characters/Global/MaterialLayers/Special/T_Noise_Naki2.uasset" 3878
"../../../../UE projects/rpg_project/Content/ParagonAurora/Characters/Global/MaterialLayers/Skin/T_Pore_Normals2.uasset" 3879
"../../../../UE projects/rpg_project/Content/ParagonAurora/Characters/Global/MaterialLayers/Skin/T_Pore_Specular.uasset" 3880
"../../../../UE projects/rpg_project/Content/ParagonAurora/Characters/Global/MaterialLayers/Special/T_LightFrost.uasset" 3881
"../../../../UE projects/rpg_project/Content/ParagonAurora/Characters/Global/MaterialLayers/Special/T_LightFrost_Blurred_NRM.uasset" 3882
"../../../../UE projects/rpg_project/Content/ParagonAurora/Characters/Global/MaterialLayers/Rock/Details/T_RockSmooth0074_1_XL_H.uasset" 3883
"../../../../UE projects/rpg_project/Content/ParagonAurora/Characters/Global/MaterialLayers/Rock/MaterialLayers/T_Crunchy_2_D.uasset" 3884
"../../../../UE projects/rpg_project/Content/ParagonAurora/Characters/Global/MaterialLayers/Special/T_Aurora_Crystal_N_01.uasset" 3885
"../../../../UE projects/rpg_project/Content/ParagonAurora/Characters/Global/MaterialLayers/Special/T_Aurora_Crystal_S_01.uasset" 3886
"../../../../UE projects/rpg_project/Content/ParagonAurora/Characters/Global/MaterialLayers/Special/T_Glacier_Cap_N.uasset" 3887
"../../../../UE projects/rpg_project/Content/ParagonAurora/Characters/Global/MaterialLayers/Special/T_Noise_Anisotropic.uasset" 3888
"../../../../UE projects/rpg_project/Content/ParagonAurora/Characters/Global/MaterialLayers/Metal/T_Metal_Precious_Old_N.uasset" 3889
"../../../../UE projects/rpg_project/Content/ParagonAurora/Characters/Global/MaterialLayers/Metal/T_Metal_Precious_Old_RGBA.uasset" 3890
"../../../../UE projects/rpg_project/Content/ParagonAurora/Characters/Heroes/Aurora/Textures/T_Aurora_Normal_BODY.uasset" 3891
"../../../../UE projects/rpg_project/Content/ParagonAurora/Characters/Global/MaterialLayers/Fabric/T_GoldFabric01_N.uasset" 3892
"../../../../UE projects/rpg_project/Content/ParagonAurora/Characters/Global/MaterialLayers/Fabric/T_ML_Cloth_D.uasset" 3893
"../../../../UE projects/rpg_project/Content/ParagonAurora/Characters/Global/MaterialLayers/Fabric/T_GoldFabric03.uasset" 3894
"../../../../UE projects/rpg_project/Content/ParagonAurora/Characters/Global/MaterialLayers/Painted/T_NormalFlake.uasset" 3895
"../../../../UE projects/rpg_project/Content/ParagonAurora/Characters/Global/MaterialLayers/Special/T_Stars_Tile.uasset" 3896
"../../../../UE projects/rpg_project/Content/ParagonAurora/Characters/Global/MaterialLayers/Special/T_StarTile_Sine.uasset" 3897
"../../../../UE projects/rpg_project/Content/ParagonAurora/Characters/Global/Mouth/Materials/SSP_TeethSubsurfaceProfile.uasset" 3898
"../../../../UE projects/rpg_project/Content/ParagonAurora/Characters/Global/Mouth/Textures/T_Master_Mouth_1_COLOR.uasset" 3899
"../../../../UE projects/rpg_project/Content/ParagonAurora/Characters/Global/Mouth/Textures/T_Master_Mouth_1_N.uasset" 3900
"../../../../UE projects/rpg_project/Content/ParagonAurora/Characters/Global/Mouth/Textures/T_Master_Mouth_1_RGB.uasset" 3901
"../../../Engine/Content/Functions/Engine_MaterialFunctions02/HueShift.uasset" 3902
"../../../Engine/Content/Functions/Engine_MaterialFunctions02/Math/MultiplyAdd.uasset" 3903
"../../../../UE projects/rpg_project/Content/ParagonAurora/Characters/Global/Hair/Materials/MF_BlendHairColorsWithParam.uasset" 3904
"../../../../UE projects/rpg_project/Content/ParagonAurora/Characters/Global/MaterialFunctions/MF_ParagonCharacterHairWind.uasset" 3905
"../../../Engine/Content/EditorMaterials/Cascade/CASC_Solo_On.uasset" 3906
"../../../../UE projects/rpg_project/Content/ParagonAurora/Characters/Global/FX/Textures/Gradients/Masks/T_gradient_stasis.uasset" 3907
"../../../../UE projects/rpg_project/Content/ParagonAurora/Characters/Global/FX/Textures/Water/T_Caustics_2.uasset" 3908
"../../../../UE projects/rpg_project/Content/ParagonAurora/Characters/Global/Hair/T_Fire_Tiled_D.uasset" 3909
"../../../../UE projects/rpg_project/Content/ParagonAurora/Characters/Global/Hair/TestContent/T_HairClump02_Alpha.uasset" 3910
"../../../../UE projects/rpg_project/Content/ParagonAurora/Characters/Global/Hair/TestContent/T_HairClump02_Depth.uasset" 3911
"../../../../UE projects/rpg_project/Content/ParagonAurora/Characters/Global/Hair/TestContent/T_HairClump02_DyeMask.uasset" 3912
"../../../../UE projects/rpg_project/Content/ParagonAurora/Characters/Global/Hair/TestContent/T_HairClump02_ID.uasset" 3913
"../../../../UE projects/rpg_project/Content/ParagonAurora/Characters/Global/Hair/TestContent/T_HairClump02_Roots.uasset" 3914
"../../../../UE projects/rpg_project/Content/ParagonAurora/Characters/Global/Eyelash/T_Aurora_Eyelashes_D.uasset" 3915
"../../../../UE projects/rpg_project/Content/ParagonAurora/Characters/Global/Eyelash/T_Aurora_Eyelashes_N.uasset" 3916
"../../../Engine/Content/Functions/Engine_MaterialFunctions02/TangentBasis.uasset" 3917
"../../../../UE projects/rpg_project/Content/ParagonAurora/Characters/Global/MaterialFunctions/ML_AuroraULTEye.uasset" 3918
"../../../../UE projects/rpg_project/Content/ParagonAurora/Characters/Global/Eyes/Textures/Example/T_EyeScleraBaseColor_Example_2.uasset" 3919
"../../../../UE projects/rpg_project/Content/ParagonAurora/Characters/Global/Eyes/Textures/T_DecalMask_Radial03.uasset" 3920
"../../../../UE projects/rpg_project/Content/ParagonAurora/Characters/Global/Eyes/Textures/T_Swirly_Noise.uasset" 3921
"../../../../UE projects/rpg_project/Content/ParagonAurora/Characters/Global/T_EpicQuadPanorama_CC.uasset" 3922
"../../../../UE projects/rpg_project/Content/ParagonAurora/Characters/Global/MaterialFunctions/MF_PDO_QualitySwitch.uasset" 3923
"../../../../UE projects/rpg_project/Content/ParagonAurora/Characters/Global/PDO_Sheets/MF_ParallaxOcclusionMapping_Curvetest_Paragon.uasset" 3924
"../../../../UE projects/rpg_project/Content/ParagonAurora/Characters/Global/PDO_Sheets/MF_ScaleStepsByDistance.uasset" 3925
"../../../../UE projects/rpg_project/Content/ParagonAurora/Characters/Global/PDO_Sheets/MPC/MPC_POM.uasset" 3926
"../../../../UE projects/rpg_project/Content/ParagonAurora/Characters/Global/MaterialLayers/Rock/Textures/T_GDC_StonePath_Tile_N.uasset" 3927
"../../../../UE projects/rpg_project/Content/ParagonAurora/Characters/Global/MaterialLayers/Terrain/MaterialLayers/T_GDC_StonePath_Tile_H.uasset" 3928
"../../../Engine/Content/Functions/Engine_MaterialFunctions03/Math/RemapValueRange.uasset" 3929
"../../Plugins/Interchange/Assets/Content/Functions/MF_Iridescence.uasset" 3930
"../../Plugins/Interchange/Assets/Content/gltf/MaterialBodies/MF_Default_Body.uasset" 3931
"../../Plugins/Interchange/Assets/Content/gltf/MaterialFunctions/MF_BaseColor.uasset" 3932
"../../Plugins/Interchange/Assets/Content/gltf/MaterialFunctions/MF_Emissive.uasset" 3933
"../../Plugins/Interchange/Assets/Content/gltf/MaterialFunctions/MF_IOR.uasset" 3934
"../../Plugins/Interchange/Assets/Content/gltf/MaterialFunctions/MF_Iridescence.uasset" 3935
"../../Plugins/Interchange/Assets/Content/gltf/MaterialFunctions/MF_MetallicRoughness.uasset" 3936
"../../Plugins/Interchange/Assets/Content/gltf/MaterialFunctions/MF_Normals.uasset" 3937
"../../Plugins/Interchange/Assets/Content/gltf/MaterialFunctions/MF_Occlusion.uasset" 3938
"../../Plugins/Interchange/Assets/Content/gltf/MaterialFunctions/MF_RotateNormals_TS.uasset" 3939
"../../Plugins/Interchange/Assets/Content/gltf/MaterialFunctions/MF_RotateV2.uasset" 3940
"../../Plugins/Interchange/Assets/Content/gltf/MaterialFunctions/MF_ScaleNormal.uasset" 3941
"../../Plugins/Interchange/Assets/Content/gltf/MaterialFunctions/MF_Specular.uasset" 3942
"../../Plugins/Interchange/Assets/Content/gltf/MaterialFunctions/MF_SpecularAnisotropy.uasset" 3943
"../../Plugins/Interchange/Assets/Content/gltf/MaterialFunctions/MF_TransformUVs.uasset" 3944
"../../Plugins/Interchange/Assets/Content/gltf/Textures/T_Anisotropy_Direction_Linear.uasset" 3945
"../../Plugins/Interchange/Assets/Content/gltf/Textures/T_Generic_N.uasset" 3946
"../../Plugins/Interchange/Assets/Content/gltf/Textures/T_White_Linear.uasset" 3947
"../../Plugins/Interchange/Assets/Content/gltf/Textures/T_White_srgb.uasset" 3948
"../../Plugins/Interchange/Assets/Content/Utilities/New_LUT.uasset" 3949
"../../../Engine/Content/EngineMaterials/FlatNormal.uasset" 3950
"../../../../UE projects/rpg_project/Content/ParagonAurora/Characters/Global/FX/Textures/Flares/T_Aurora_Corona_D.uasset" 3951
"../../../Engine/Content/EngineVolumetrics/Fogsheet/Materials/T_EV_BlankWhite_01.uasset" 3952
"../../Plugins/Interchange/Assets/Content/Functions/MF_IridescenceNoLUT.uasset" 3953
"../../../Engine/Content/EngineSounds/Submixes/MasterReverbEffectPreset.uasset" 3954
"../../../Engine/Content/EngineSounds/Submixes/MasterSubmixDefault.uasset" 3955
"../../../Engine/Content/EngineSounds/Submixes/MasterReverbSubmixDefault.uasset" 3956
"../../../Engine/Content/EngineSounds/Submixes/MasterEQSubmixDefault.uasset" 3957
"../../../Engine/Plugins/Interchange/Assets/Content/gltf/M_ClearCoat.uasset" 3958
"../../../Engine/Plugins/Interchange/Assets/Content/gltf/MaterialBodies/MF_ClearCoat_Body.uasset" 3959
"../../../Engine/Plugins/Interchange/Assets/Content/gltf/MaterialInstances/MI_ClearCoat_Opaque.uasset" 3960
"../../../Engine/Plugins/Interchange/Assets/Content/gltf/MaterialInstances/MI_ClearCoat_Blend.uasset" 3961
"../../../Engine/Plugins/Interchange/Assets/Content/gltf/MaterialInstances/MI_ClearCoat_Mask.uasset" 3962
"../../../Engine/Plugins/Interchange/Assets/Content/gltf/MaterialInstances/MI_ClearCoat_Opaque_DS.uasset" 3963
"../../../Engine/Plugins/Interchange/Assets/Content/gltf/MaterialInstances/MI_ClearCoat_Mask_DS.uasset" 3964
"../../../Engine/Plugins/Interchange/Assets/Content/gltf/MaterialInstances/MI_ClearCoat_Blend_DS.uasset" 3965
"../../../Engine/Plugins/Interchange/Assets/Content/gltf/MaterialInstances/MI_Default_Opaque.uasset" 3966
"../../../Engine/Plugins/Interchange/Assets/Content/gltf/MaterialInstances/MI_Default_Mask_DS.uasset" 3967
"../../../Engine/Plugins/Interchange/Assets/Content/gltf/MaterialInstances/MI_Default_Blend.uasset" 3968
"../../../Engine/Content/EngineSounds/Submixes/MasterEQEffectPreset.uasset" 3969
"../../../Engine/Plugins/Interchange/Assets/Content/gltf/MaterialBodies/MF_Sheen_Body.uasset" 3970
"../../../Engine/Plugins/Interchange/Assets/Content/gltf/MaterialInstances/MI_Default_Mask.uasset" 3971
"../../../Engine/Plugins/Interchange/Assets/Content/gltf/M_Sheen.uasset" 3972
"../../../Engine/Plugins/Interchange/Assets/Content/gltf/MaterialInstances/MI_Sheen_Opaque.uasset" 3973
"../../../Engine/Plugins/Interchange/Assets/Content/gltf/MaterialInstances/MI_Sheen_Mask.uasset" 3974
"../../../Engine/Plugins/Interchange/Assets/Content/gltf/MaterialInstances/MI_Sheen_Opaque_DS.uasset" 3975
"../../../Engine/Plugins/Interchange/Assets/Content/gltf/MaterialInstances/MI_Sheen_Mask_DS.uasset" 3976
"../../../Engine/Plugins/Interchange/Assets/Content/gltf/MaterialFunctions/MF_Clearcoat.uasset" 3977
"../../../Engine/Plugins/Interchange/Assets/Content/gltf/MaterialInstances/MI_Default_Blend_DS.uasset" 3978
"../../../Engine/Plugins/Interchange/Assets/Content/gltf/MaterialInstances/MI_Sheen_Blend.uasset" 3979
"../../../Engine/Plugins/Interchange/Assets/Content/gltf/MaterialFunctions/MF_Sheen.uasset" 3980
"/Engine/EngineSounds/Submixes/MasterReverbEffectPreset" 3981
"/Engine/EngineSounds/Submixes/MasterEQEffectPreset" 3982
"/Engine/EngineSounds/Submixes/MasterEQSubmixDefault" 3983
"../../../Engine/Plugins/Interchange/Assets/Shaders/ThinFilmFunctions.usf" 3984
"/InterchangeAssets/gltf/MaterialFunctions/MF_Clearcoat" 3985
"/InterchangeAssets/gltf/MaterialBodies/MF_ClearCoat_Body" 3986
"/InterchangeAssets/gltf/MaterialFunctions/MF_Sheen" 3987
"/InterchangeAssets/gltf/MaterialBodies/MF_Sheen_Body" 3988
"/InterchangeAssets/gltf/M_ClearCoat" 3989
"/InterchangeAssets/gltf/M_Sheen" 3990
"/InterchangeAssets/gltf/MaterialInstances/MI_Sheen_Mask_DS" 3991
"/InterchangeAssets/gltf/MaterialInstances/MI_Sheen_Opaque_DS" 3992
"/InterchangeAssets/gltf/MaterialInstances/MI_ClearCoat_Blend_DS" 3993
"/InterchangeAssets/gltf/MaterialInstances/MI_ClearCoat_Mask_DS" 3994
"/InterchangeAssets/gltf/MaterialInstances/MI_ClearCoat_Opaque_DS" 3995
"/InterchangeAssets/gltf/MaterialInstances/MI_Default_Blend_DS" 3996
"/InterchangeAssets/gltf/MaterialInstances/MI_Default_Mask_DS" 3997
"/InterchangeAssets/gltf/MaterialInstances/MI_Sheen_Blend" 3998
"/Game/__ExternalActors__/ThirdPerson/Lvl_ThirdPerson/0/9R/UKIMD8EYGPZFS8OC6GX24A" 3999
"../../../../UE projects/rpg_project/Content/__ExternalActors__/ThirdPerson/Lvl_ThirdPerson/0/9R/UKIMD8EYGPZFS8OC6GX24A.uasset" 4000
"../../../../UE projects/rpg_project/Content/ThirdPerson/MI_ThirdPersonColWay.uasset" 4001
"../../../../UE projects/rpg_project/Content/LevelPrototyping/Meshes/SM_Cube.uasset" 4002
"../../../../UE projects/rpg_project/Content/LevelPrototyping/Materials/MI_DefaultColorway.uasset" 4003
"../../../../UE projects/rpg_project/Content/LevelPrototyping/Materials/MI_PrototypeGrid_Gray.uasset" 4004
"../../../../UE projects/rpg_project/Content/LevelPrototyping/Materials/M_FlatCol.uasset" 4005
"../../../../UE projects/rpg_project/Content/LevelPrototyping/Materials/M_PrototypeGrid.uasset" 4006
"../../../../UE projects/rpg_project/Content/LevelPrototyping/Materials/MF_ProcGrid.uasset" 4007
"../../../../UE projects/rpg_project/Content/LevelPrototyping/Textures/T_GridChecker_A.uasset" 4008
"/Game/__ExternalActors__/ThirdPerson/Lvl_ThirdPerson/0/PV/LMOJHXI2D6KURLFIHDKLHD" 4009
"../../../../UE projects/rpg_project/Content/__ExternalActors__/ThirdPerson/Lvl_ThirdPerson/0/PV/LMOJHXI2D6KURLFIHDKLHD.uasset" 4010
"/Game/__ExternalActors__/ThirdPerson/Lvl_ThirdPerson/1/EU/X5MT1GOX9C5UUGZAKRVC3R" 4011
"../../../../UE projects/rpg_project/Content/__ExternalActors__/ThirdPerson/Lvl_ThirdPerson/1/EU/X5MT1GOX9C5UUGZAKRVC3R.uasset" 4012
"../../../../UE projects/rpg_project/Content/LevelPrototyping/Meshes/SM_Ramp.uasset" 4013
"/Game/__ExternalActors__/ThirdPerson/Lvl_ThirdPerson/1/K3/79QZQ7KG2RXNWMD6RSPKUM" 4014
"../../../../UE projects/rpg_project/Content/__ExternalActors__/ThirdPerson/Lvl_ThirdPerson/1/K3/79QZQ7KG2RXNWMD6RSPKUM.uasset" 4015
"/Game/__ExternalActors__/ThirdPerson/Lvl_ThirdPerson/1/MV/2U2IE6JXO1320Q32RJQKSE" 4016
"../../../../UE projects/rpg_project/Content/__ExternalActors__/ThirdPerson/Lvl_ThirdPerson/1/MV/2U2IE6JXO1320Q32RJQKSE.uasset" 4017
"../../../../UE projects/rpg_project/Content/LevelPrototyping/Meshes/SM_QuarterCylinder.uasset" 4018
"/Game/__ExternalActors__/ThirdPerson/Lvl_ThirdPerson/1/X5/JDOWWCJ7DZVSHT4Y29GQ4D" 4019
"../../../../UE projects/rpg_project/Content/__ExternalActors__/ThirdPerson/Lvl_ThirdPerson/1/X5/JDOWWCJ7DZVSHT4Y29GQ4D.uasset" 4020
"/Game/__ExternalActors__/ThirdPerson/Lvl_ThirdPerson/2/AM/9YGDW7FMEY1CZD31VUYO11" 4021
"../../../../UE projects/rpg_project/Content/__ExternalActors__/ThirdPerson/Lvl_ThirdPerson/2/AM/9YGDW7FMEY1CZD31VUYO11.uasset" 4022
"../../../Engine/Content/EngineSky/M_SimpleSkyDome.uasset" 4023
"../../../Engine/Content/EngineSky/SM_SkySphere.uasset" 4024
"../../../Engine/Content/EngineSky/M_Sky_Panning_Clouds2.uasset" 4025
"../../../Engine/Content/EngineSky/T_Sky_Blue.uasset" 4026
"../../../Engine/Content/EngineSky/T_Sky_Clouds_M.uasset" 4027
"../../../Engine/Content/EngineSky/T_Sky_Stars.uasset" 4028
"/Game/__ExternalActors__/ThirdPerson/Lvl_ThirdPerson/2/AX/QEPSHOMS1K2ANUR3LXWOJM" 4029
"../../../../UE projects/rpg_project/Content/__ExternalActors__/ThirdPerson/Lvl_ThirdPerson/2/AX/QEPSHOMS1K2ANUR3LXWOJM.uasset" 4030
"/Game/__ExternalActors__/ThirdPerson/Lvl_ThirdPerson/2/TV/DYUIEBPX2N8UFXT326WX2O" 4031
"../../../../UE projects/rpg_project/Content/__ExternalActors__/ThirdPerson/Lvl_ThirdPerson/2/TV/DYUIEBPX2N8UFXT326WX2O.uasset" 4032
"/Game/__ExternalActors__/ThirdPerson/Lvl_ThirdPerson/2/V0/9XTUAMN5S6UUCFB5K0ZGZM" 4033
"../../../../UE projects/rpg_project/Content/__ExternalActors__/ThirdPerson/Lvl_ThirdPerson/2/V0/9XTUAMN5S6UUCFB5K0ZGZM.uasset" 4034
"/Game/__ExternalActors__/ThirdPerson/Lvl_ThirdPerson/3/0N/NTRPN55OWWUSD03K29ZOSH" 4035
"../../../../UE projects/rpg_project/Content/__ExternalActors__/ThirdPerson/Lvl_ThirdPerson/3/0N/NTRPN55OWWUSD03K29ZOSH.uasset" 4036
"../../../Engine/Content/EngineSky/VolumetricClouds/m_SimpleVolumetricCloud_Inst.uasset" 4037
"../../../Engine/Content/EngineSky/VolumetricClouds/m_SimpleVolumetricCloud.uasset" 4038
"../../../Engine/Content/EngineSky/VolumetricClouds/T_CloudMask.uasset" 4039
"../../../Engine/Content/EngineSky/VolumetricClouds/T_CloudPattern.uasset" 4040
"../../../Engine/Content/EngineSky/VolumetricClouds/T_Profile_08.uasset" 4041
"../../../Engine/Content/EngineSky/VolumetricClouds/VT_PerlinWorley_Balanced.uasset" 4042
"../../../Engine/Content/Functions/Engine_MaterialFunctions01/Units/Km-to-Cm.uasset" 4043
"../../../Engine/Content/Functions/Engine_MaterialFunctions02/Utility/BreakOutFloat4Components.uasset" 4044
"../../../Engine/Content/Functions/Engine_MaterialFunctions02/Utility/MakeFloat4.uasset" 4045
"../../../Engine/Content/EngineSky/VolumetricClouds/VT_Lightning.uasset" 4046
"/Game/__ExternalActors__/ThirdPerson/Lvl_ThirdPerson/3/C5/3LNK9WKCBL4YVMWIBXQZ1I" 4047
"../../../../UE projects/rpg_project/Content/__ExternalActors__/ThirdPerson/Lvl_ThirdPerson/3/C5/3LNK9WKCBL4YVMWIBXQZ1I.uasset" 4048
"/Game/__ExternalActors__/ThirdPerson/Lvl_ThirdPerson/3/D3/XWEMBL7KZTNQP83W1KTMXE" 4049
"../../../../UE projects/rpg_project/Content/__ExternalActors__/ThirdPerson/Lvl_ThirdPerson/3/D3/XWEMBL7KZTNQP83W1KTMXE.uasset" 4050
"/Game/__ExternalActors__/ThirdPerson/Lvl_ThirdPerson/3/E2/L159AMTR83MORHTF2GEOKE" 4051
"../../../../UE projects/rpg_project/Content/__ExternalActors__/ThirdPerson/Lvl_ThirdPerson/3/E2/L159AMTR83MORHTF2GEOKE.uasset" 4052
"/Game/__ExternalActors__/ThirdPerson/Lvl_ThirdPerson/3/L5/790AP8RYBMX9YBLGTW6WE6" 4053
"../../../../UE projects/rpg_project/Content/__ExternalActors__/ThirdPerson/Lvl_ThirdPerson/3/L5/790AP8RYBMX9YBLGTW6WE6.uasset" 4054
"/Game/__ExternalActors__/ThirdPerson/Lvl_ThirdPerson/4/CQ/I205QOSSXONYWBP69RVMVA" 4055
"../../../../UE projects/rpg_project/Content/__ExternalActors__/ThirdPerson/Lvl_ThirdPerson/4/CQ/I205QOSSXONYWBP69RVMVA.uasset" 4056
"/Game/__ExternalActors__/ThirdPerson/Lvl_ThirdPerson/5/25/3IO0LF8AOO4YLSEAEN2JO1" 4057
"../../../../UE projects/rpg_project/Content/__ExternalActors__/ThirdPerson/Lvl_ThirdPerson/5/25/3IO0LF8AOO4YLSEAEN2JO1.uasset" 4058
"/Game/__ExternalActors__/ThirdPerson/Lvl_ThirdPerson/5/9M/BJR5SDQDQW7QDFFPNUUMNX" 4059
"../../../../UE projects/rpg_project/Content/__ExternalActors__/ThirdPerson/Lvl_ThirdPerson/5/9M/BJR5SDQDQW7QDFFPNUUMNX.uasset" 4060
"/Game/__ExternalActors__/ThirdPerson/Lvl_ThirdPerson/5/KG/ETKAO35ANVW90XFH3J8GJ2" 4061
"../../../../UE projects/rpg_project/Content/__ExternalActors__/ThirdPerson/Lvl_ThirdPerson/5/KG/ETKAO35ANVW90XFH3J8GJ2.uasset" 4062
"/Game/__ExternalActors__/ThirdPerson/Lvl_ThirdPerson/5/W9/ZAAGYIUQZ2W6WEO3HPXAX7" 4063
"../../../../UE projects/rpg_project/Content/__ExternalActors__/ThirdPerson/Lvl_ThirdPerson/5/W9/ZAAGYIUQZ2W6WEO3HPXAX7.uasset" 4064
"/Game/__ExternalActors__/ThirdPerson/Lvl_ThirdPerson/6/3C/KAT90QYQLFOHNMOF9BEDZK" 4065
"../../../../UE projects/rpg_project/Content/__ExternalActors__/ThirdPerson/Lvl_ThirdPerson/6/3C/KAT90QYQLFOHNMOF9BEDZK.uasset" 4066
"/Game/__ExternalActors__/ThirdPerson/Lvl_ThirdPerson/6/8I/HFL05AWIVBP8M8UXTV4H5K" 4067
"../../../../UE projects/rpg_project/Content/__ExternalActors__/ThirdPerson/Lvl_ThirdPerson/6/8I/HFL05AWIVBP8M8UXTV4H5K.uasset" 4068
"/Game/__ExternalActors__/ThirdPerson/Lvl_ThirdPerson/6/G9/77SUGCMHUBU5E7FP1DLCVD" 4069
"../../../../UE projects/rpg_project/Content/__ExternalActors__/ThirdPerson/Lvl_ThirdPerson/6/G9/77SUGCMHUBU5E7FP1DLCVD.uasset" 4070
"/Game/__ExternalActors__/ThirdPerson/Lvl_ThirdPerson/6/UK/OT5UOZ3WBJ9P30TU3DBDEK" 4071
"../../../../UE projects/rpg_project/Content/__ExternalActors__/ThirdPerson/Lvl_ThirdPerson/6/UK/OT5UOZ3WBJ9P30TU3DBDEK.uasset" 4072
"/Game/__ExternalActors__/ThirdPerson/Lvl_ThirdPerson/6/XM/SN8KJL01L24VVIYC52MNFR" 4073
"../../../../UE projects/rpg_project/Content/__ExternalActors__/ThirdPerson/Lvl_ThirdPerson/6/XM/SN8KJL01L24VVIYC52MNFR.uasset" 4074
"/Game/__ExternalActors__/ThirdPerson/Lvl_ThirdPerson/6/YB/C5UDZYKFL5M0YW62JXMPIZ" 4075
"../../../../UE projects/rpg_project/Content/__ExternalActors__/ThirdPerson/Lvl_ThirdPerson/6/YB/C5UDZYKFL5M0YW62JXMPIZ.uasset" 4076
"/Game/__ExternalActors__/ThirdPerson/Lvl_ThirdPerson/7/GV/W5DNM2FP1ON7VGU0C2BGMV" 4077
"../../../../UE projects/rpg_project/Content/__ExternalActors__/ThirdPerson/Lvl_ThirdPerson/7/GV/W5DNM2FP1ON7VGU0C2BGMV.uasset" 4078
"/Game/__ExternalActors__/ThirdPerson/Lvl_ThirdPerson/7/JD/OCW0UZT4ANZZD9YHEAOMAP" 4079
"../../../../UE projects/rpg_project/Content/__ExternalActors__/ThirdPerson/Lvl_ThirdPerson/7/JD/OCW0UZT4ANZZD9YHEAOMAP.uasset" 4080
"/Game/__ExternalActors__/ThirdPerson/Lvl_ThirdPerson/7/O7/IHUOIGG1MW1YZY097JJ8O7" 4081
"../../../../UE projects/rpg_project/Content/__ExternalActors__/ThirdPerson/Lvl_ThirdPerson/7/O7/IHUOIGG1MW1YZY097JJ8O7.uasset" 4082
"/Game/__ExternalActors__/ThirdPerson/Lvl_ThirdPerson/7/XU/RW3P9HUUCOCG5TL3TPG6XF" 4083
"../../../../UE projects/rpg_project/Content/__ExternalActors__/ThirdPerson/Lvl_ThirdPerson/7/XU/RW3P9HUUCOCG5TL3TPG6XF.uasset" 4084
"/Game/__ExternalActors__/ThirdPerson/Lvl_ThirdPerson/8/0N/1OONKTGJMLVBN21M6JE59I" 4085
"../../../../UE projects/rpg_project/Content/__ExternalActors__/ThirdPerson/Lvl_ThirdPerson/8/0N/1OONKTGJMLVBN21M6JE59I.uasset" 4086
"/Game/__ExternalActors__/ThirdPerson/Lvl_ThirdPerson/8/1Y/ZYEC6B62VFHHE4YI4TNZOO" 4087
"../../../../UE projects/rpg_project/Content/__ExternalActors__/ThirdPerson/Lvl_ThirdPerson/8/1Y/ZYEC6B62VFHHE4YI4TNZOO.uasset" 4088
"/Game/__ExternalActors__/ThirdPerson/Lvl_ThirdPerson/8/7A/C0UVMH95QVQO1KMTVK7MSB" 4089
"../../../../UE projects/rpg_project/Content/__ExternalActors__/ThirdPerson/Lvl_ThirdPerson/8/7A/C0UVMH95QVQO1KMTVK7MSB.uasset" 4090
"/Game/__ExternalActors__/ThirdPerson/Lvl_ThirdPerson/8/HN/XXZLD30WH49IXWEHJXSVAR" 4091
"../../../../UE projects/rpg_project/Content/__ExternalActors__/ThirdPerson/Lvl_ThirdPerson/8/HN/XXZLD30WH49IXWEHJXSVAR.uasset" 4092
"/Game/__ExternalActors__/ThirdPerson/Lvl_ThirdPerson/8/VS/XX060WNO6GEZU5BZQCLZPP" 4093
"../../../../UE projects/rpg_project/Content/__ExternalActors__/ThirdPerson/Lvl_ThirdPerson/8/VS/XX060WNO6GEZU5BZQCLZPP.uasset" 4094
"/Game/__ExternalActors__/ThirdPerson/Lvl_ThirdPerson/8/WI/FHUVUALB8C8XRJ0PY9XXTI" 4095
"../../../../UE projects/rpg_project/Content/__ExternalActors__/ThirdPerson/Lvl_ThirdPerson/8/WI/FHUVUALB8C8XRJ0PY9XXTI.uasset" 4096
"/Game/__ExternalActors__/ThirdPerson/Lvl_ThirdPerson/8/XH/SKCKQTQDTE8ZNW6C0FCBRO" 4097
"../../../../UE projects/rpg_project/Content/__ExternalActors__/ThirdPerson/Lvl_ThirdPerson/8/XH/SKCKQTQDTE8ZNW6C0FCBRO.uasset" 4098
"/Game/__ExternalActors__/ThirdPerson/Lvl_ThirdPerson/9/5G/29Z6AXUGZPZ0CXHLK2DICG" 4099
"../../../../UE projects/rpg_project/Content/__ExternalActors__/ThirdPerson/Lvl_ThirdPerson/9/5G/29Z6AXUGZPZ0CXHLK2DICG.uasset" 4100
"/Game/__ExternalActors__/ThirdPerson/Lvl_ThirdPerson/9/6V/AV0JKCFBVPU58UEBGB0GC0" 4101
"../../../../UE projects/rpg_project/Content/__ExternalActors__/ThirdPerson/Lvl_ThirdPerson/9/6V/AV0JKCFBVPU58UEBGB0GC0.uasset" 4102
"/Game/__ExternalActors__/ThirdPerson/Lvl_ThirdPerson/9/EE/OCR348BHEJWLHO72TR249H" 4103
"../../../../UE projects/rpg_project/Content/__ExternalActors__/ThirdPerson/Lvl_ThirdPerson/9/EE/OCR348BHEJWLHO72TR249H.uasset" 4104
"/Game/__ExternalActors__/ThirdPerson/Lvl_ThirdPerson/9/UM/1F7R5WQFM2D9KH7A94JFBU" 4105
"../../../../UE projects/rpg_project/Content/__ExternalActors__/ThirdPerson/Lvl_ThirdPerson/9/UM/1F7R5WQFM2D9KH7A94JFBU.uasset" 4106
"/Game/__ExternalActors__/ThirdPerson/Lvl_ThirdPerson/A/3J/Q8CQM512VVS7UZZW0KQRSV" 4107
"../../../../UE projects/rpg_project/Content/__ExternalActors__/ThirdPerson/Lvl_ThirdPerson/A/3J/Q8CQM512VVS7UZZW0KQRSV.uasset" 4108
"/Game/__ExternalActors__/ThirdPerson/Lvl_ThirdPerson/A/8N/4L4W0MLV9WFUGRTMUBLBOP" 4109
"../../../../UE projects/rpg_project/Content/__ExternalActors__/ThirdPerson/Lvl_ThirdPerson/A/8N/4L4W0MLV9WFUGRTMUBLBOP.uasset" 4110
"/Game/__ExternalActors__/ThirdPerson/Lvl_ThirdPerson/A/BN/LKN4IB4C3UPW62GHBEKTIW" 4111
"../../../../UE projects/rpg_project/Content/__ExternalActors__/ThirdPerson/Lvl_ThirdPerson/A/BN/LKN4IB4C3UPW62GHBEKTIW.uasset" 4112
"/Game/__ExternalActors__/ThirdPerson/Lvl_ThirdPerson/A/EI/QF7LIXRSSNUJ3F6GVAPZEM" 4113
"../../../../UE projects/rpg_project/Content/__ExternalActors__/ThirdPerson/Lvl_ThirdPerson/A/EI/QF7LIXRSSNUJ3F6GVAPZEM.uasset" 4114
"../../../../UE projects/rpg_project/Content/Blueprints/AI/BP_Enemy_Boss.uasset" 4115
"../../../../UE projects/rpg_project/Content/ParagonGrux/Characters/ABP_Grux.uasset" 4116
"../../../../UE projects/rpg_project/Content/ParagonGrux/Characters/Heroes/Grux/Animations/BigAttack_Montage.uasset" 4117
"../../../../UE projects/rpg_project/Content/ParagonGrux/Characters/Heroes/Grux/Animations/HitReact_Back_Montage.uasset" 4118
"../../../../UE projects/rpg_project/Content/ParagonGrux/Characters/Heroes/Grux/Animations/PrimaryAttack_FourStrikes_Montage.uasset" 4119
"../../../../UE projects/rpg_project/Content/ParagonGrux/Characters/Heroes/Grux/Animations/PrimaryAttack_LA_Montage.uasset" 4120
"../../../../UE projects/rpg_project/Content/Blueprints/AI/BP_Enemy.uasset" 4121
"../../../../UE projects/rpg_project/Content/Blueprints/AI/BP_AI_Enemy_Boss.uasset" 4122
"../../../../UE projects/rpg_project/Content/ParagonGrux/Characters/Heroes/Grux/Meshes/Grux.uasset" 4123
"../../../../UE projects/rpg_project/Content/UI/WB_BossHealth.uasset" 4124
"../../../../UE projects/rpg_project/Content/ParagonGrux/Characters/Heroes/Grux/Animations/Idle.uasset" 4125
"../../../../UE projects/rpg_project/Content/ParagonGrux/Characters/Heroes/Grux/Animations/Blendspaces/BaseHero_Locomotion_BS.uasset" 4126
"../../../../UE projects/rpg_project/Content/ParagonGrux/Characters/Heroes/Grux/Meshes/Grux_Skeleton.uasset" 4127
"../../../../UE projects/rpg_project/Content/ParagonGrux/Characters/Heroes/Grux/Animations/BigAttack.uasset" 4128
"../../../../UE projects/rpg_project/Content/Blueprints/BP_Notify_PointDamage.uasset" 4129
"../../../../UE projects/rpg_project/Content/ParagonGrux/Characters/Heroes/Grux/Animations/HitReact_Back.uasset" 4130
"../../../../UE projects/rpg_project/Content/ParagonGrux/Characters/Heroes/Grux/Animations/PrimaryAttack_FourStrikes.uasset" 4131
"../../../../UE projects/rpg_project/Content/ParagonGrux/Characters/Heroes/Grux/Animations/PrimaryAttack_LA.uasset" 4132
"../../../../UE projects/rpg_project/Content/Blueprints/AI/ABP_Enemy.uasset" 4133
"../../../../UE projects/rpg_project/Content/Characters/Souls/Combat/BigAttack_Montage.uasset" 4134
"../../../../UE projects/rpg_project/Content/Blueprints/AI/BP_AI_Enemy.uasset" 4135
"../../../../UE projects/rpg_project/Content/Blueprints/AI/BPI_Enemy.uasset" 4136
"../../../../UE projects/rpg_project/Content/Characters/Mannequins/Meshes/SKM_Manny_Simple.uasset" 4137
"../../../../UE projects/rpg_project/Content/UI/WB_EnemyHealth.uasset" 4138
"../../../../UE projects/rpg_project/Content/Blueprints/AI/BT_Boss.uasset" 4139
"../../../../UE projects/rpg_project/Content/ParagonGrux/Characters/Global/Eyes/Materials/M_Eye_Occlusion.uasset" 4140
"../../../../UE projects/rpg_project/Content/ParagonGrux/Characters/Global/Eyes/Materials/M_TearDuct_2.uasset" 4141
"../../../../UE projects/rpg_project/Content/ParagonGrux/Characters/Global/Eyes/Materials/M_TearLine.uasset" 4142
"../../../../UE projects/rpg_project/Content/ParagonGrux/Characters/Heroes/Grux/Materials/M_Grux_Accessory.uasset" 4143
"../../../../UE projects/rpg_project/Content/ParagonGrux/Characters/Heroes/Grux/Materials/M_Grux_Torso.uasset" 4144
"../../../../UE projects/rpg_project/Content/ParagonGrux/Characters/Heroes/Grux/Materials/MI_Grux_Eye.uasset" 4145
"../../../../UE projects/rpg_project/Content/ParagonGrux/Characters/Heroes/Grux/Materials/MI_Grux_Head.uasset" 4146
"../../../../UE projects/rpg_project/Content/ParagonGrux/Characters/Heroes/Grux/Materials/MI_Grux_LegsHands.uasset" 4147
"../../../../UE projects/rpg_project/Content/ParagonGrux/Characters/Heroes/Grux/Meshes/Grux_CylShadows.uasset" 4148
"../../../../UE projects/rpg_project/Content/ParagonGrux/Characters/Heroes/Grux/Meshes/Grux_Extents.uasset" 4149
"../../../../UE projects/rpg_project/Content/ParagonGrux/Characters/Heroes/Grux/Animations/Jog_Bwd.uasset" 4150
"../../../../UE projects/rpg_project/Content/ParagonGrux/Characters/Heroes/Grux/Animations/Jog_Fwd.uasset" 4151
"../../../../UE projects/rpg_project/Content/ParagonGrux/Characters/Heroes/Grux/Animations/Jog_Lft.uasset" 4152
"../../../../UE projects/rpg_project/Content/ParagonGrux/Characters/Heroes/Grux/Animations/Jog_Rgt.uasset" 4153
"../../../../UE projects/rpg_project/Content/ParagonGrux/Characters/Heroes/Grux/Animations/Run_Fwd.uasset" 4154
"../../../../UE projects/rpg_project/Content/ParagonGrux/Characters/Heroes/Grux/Animations/Run_Lft.uasset" 4155
"../../../../UE projects/rpg_project/Content/ParagonGrux/Characters/Heroes/Grux/Animations/Run_Rt.uasset" 4156
"../../../../UE projects/rpg_project/Content/ParagonGrux/Characters/Heroes/Grux/Meshes/Paragon_Proto_Retarget.uasset" 4157
"../../../../UE projects/rpg_project/Content/Characters/Souls/Movement/BS_StrafeMovement.uasset" 4158
"../../../../UE projects/rpg_project/Content/Characters/Souls/Combat/BigAttack.uasset" 4159
"../../../../UE projects/rpg_project/Content/Blueprints/AI/BT_Enemy.uasset" 4160
"../../../../UE projects/rpg_project/Content/Characters/Mannequins/Materials/Manny/MI_Manny_01_New.uasset" 4161
"../../../../UE projects/rpg_project/Content/Characters/Mannequins/Materials/Manny/MI_Manny_02_New.uasset" 4162
"../../../../UE projects/rpg_project/Content/Blueprints/AI/BD_AI.uasset" 4163
"../../../../UE projects/rpg_project/Content/Blueprints/AI/Tasks/Task_BigAttack.uasset" 4164
"../../../../UE projects/rpg_project/Content/Blueprints/AI/Tasks/Task_ChaseTarget.uasset" 4165
"../../../../UE projects/rpg_project/Content/Blueprints/AI/Tasks/Task_ComboAttack.uasset" 4166
"../../../../UE projects/rpg_project/Content/Blueprints/AI/Tasks/Task_SwordAttack.uasset" 4167
"../../../../UE projects/rpg_project/Content/ParagonGrux/Characters/Global/Eyes/Textures/T_EyeOcclusion2.uasset" 4168
"../../../../UE projects/rpg_project/Content/ParagonGrux/Characters/Global/MaterialFunctions/HitFlash.uasset" 4169
"../../../../UE projects/rpg_project/Content/ParagonGrux/Characters/Global/MaterialFunctions/MaterialLayerConstructors/MLC_ScratchAndGrime.uasset" 4170
"../../../../UE projects/rpg_project/Content/ParagonGrux/Characters/Global/MaterialFunctions/MaterialLayerConstructors/MLC_Standard.uasset" 4171
"../../../../UE projects/rpg_project/Content/ParagonGrux/Characters/Global/MaterialFunctions/MF_BrightnessAdjust.uasset" 4172
"../../../../UE projects/rpg_project/Content/ParagonGrux/Characters/Global/MaterialFunctions/MF_CharacterEffects.uasset" 4173
"../../../../UE projects/rpg_project/Content/ParagonGrux/Characters/Global/MaterialFunctions/MF_DeathFade.uasset" 4174
"../../../../UE projects/rpg_project/Content/ParagonGrux/Characters/Global/MaterialFunctions/MF_OrionRimlight.uasset" 4175
"../../../../UE projects/rpg_project/Content/ParagonGrux/Characters/Global/MaterialLayers/Metal/ML_blue_Metal.uasset" 4176
"../../../../UE projects/rpg_project/Content/ParagonGrux/Characters/Global/MaterialLayers/ML__Blank.uasset" 4177
"../../../../UE projects/rpg_project/Content/ParagonGrux/Characters/Global/ParameterCollections/OrionGlobalGameplayCollection.uasset" 4178
"../../../../UE projects/rpg_project/Content/ParagonGrux/Characters/Global/Eyes/Textures/Eye_Tearduct__normals2.uasset" 4179
"../../../../UE projects/rpg_project/Content/ParagonGrux/Characters/Global/Eyes/Textures/TearDuctSubsurfaceProfile.uasset" 4180
"../../../../UE projects/rpg_project/Content/ParagonGrux/Characters/Global/MaterialFunctions/MaterialLayerConstructors/MF_BaseColorTintAndContrast.uasset" 4181
"../../../../UE projects/rpg_project/Content/ParagonGrux/Characters/Global/MaterialFunctions/MaterialLayerConstructors/MF_RoughnessAdjustment.uasset" 4182
"../../../../UE projects/rpg_project/Content/ParagonGrux/Characters/Global/MaterialFunctions/MF_ClothShading.uasset" 4183
"../../../../UE projects/rpg_project/Content/ParagonGrux/Characters/Global/MaterialFunctions/MF_OrionCharacterAO.uasset" 4184
"../../../../UE projects/rpg_project/Content/ParagonGrux/Characters/Global/MaterialLayers/Fabric/ML_Canvas_Grey01.uasset" 4185
"../../../../UE projects/rpg_project/Content/ParagonGrux/Characters/Global/MaterialLayers/Metal/ML_Steel_rough.uasset" 4186
"../../../../UE projects/rpg_project/Content/ParagonGrux/Characters/Heroes/Grux/Materials/Functions/mf_GruxEmissive_Weapons.uasset" 4187
"../../../../UE projects/rpg_project/Content/ParagonGrux/Characters/Heroes/Grux/Textures/T_Grux_accessory_EmissiveMask.uasset" 4188
"../../../../UE projects/rpg_project/Content/ParagonGrux/Characters/Heroes/Grux/Textures/T_Grux_accessory_Mask01.uasset" 4189
"../../../../UE projects/rpg_project/Content/ParagonGrux/Characters/Heroes/Grux/Textures/T_Grux_accessory_normals.uasset" 4190
"../../../../UE projects/rpg_project/Content/ParagonGrux/Characters/Heroes/Grux/Materials/Functions/mf_GruxEmissive_TorsoGlow.uasset" 4191
"../../../../UE projects/rpg_project/Content/ParagonGrux/Characters/Heroes/Grux/Materials/Grux_SS_Profile.uasset" 4192
"../../../../UE projects/rpg_project/Content/ParagonGrux/Characters/Heroes/Grux/Skins/Tier_1/War_Chief/Textures/T_Grux_Torso_TribalMask01.uasset" 4193
"../../../../UE projects/rpg_project/Content/ParagonGrux/Characters/Heroes/Grux/Textures/T_Grux_Skin_Elephant.uasset" 4194
"../../../../UE projects/rpg_project/Content/ParagonGrux/Characters/Heroes/Grux/Textures/T_Grux_Skin_Elephant_Color.uasset" 4195
"../../../../UE projects/rpg_project/Content/ParagonGrux/Characters/Heroes/Grux/Textures/T_Grux_Torso_D.uasset" 4196
"../../../../UE projects/rpg_project/Content/ParagonGrux/Characters/Heroes/Grux/Textures/T_Grux_Torso_Mask01.uasset" 4197
"../../../../UE projects/rpg_project/Content/ParagonGrux/Characters/Heroes/Grux/Textures/T_Grux_Torso_Mask03.uasset" 4198
"../../../../UE projects/rpg_project/Content/ParagonGrux/Characters/Heroes/Grux/Textures/T_Grux_Torso_normals.uasset" 4199
"../../../../UE projects/rpg_project/Content/ParagonGrux/Characters/Heroes/Grux/Textures/T_Grux_Torso_Tint_MASK.uasset" 4200
"../../../../UE projects/rpg_project/Content/ParagonGrux/Characters/Global/Eyes/Materials/M_EyeRefractive.uasset" 4201
"../../../../UE projects/rpg_project/Content/ParagonGrux/Characters/Heroes/Grux/Textures/T_Grux_Eye_D.uasset" 4202
"../../../../UE projects/rpg_project/Content/ParagonGrux/Characters/Heroes/Grux/Skins/Tier_1/War_Chief/Textures/T_Grux_Head_TribalMask01.uasset" 4203
"../../../../UE projects/rpg_project/Content/ParagonGrux/Characters/Heroes/Grux/Textures/T_Grux_Head_D.uasset" 4204
"../../../../UE projects/rpg_project/Content/ParagonGrux/Characters/Heroes/Grux/Textures/T_Grux_Head_Mask01.uasset" 4205
"../../../../UE projects/rpg_project/Content/ParagonGrux/Characters/Heroes/Grux/Textures/T_Grux_head_normals.uasset" 4206
"../../../../UE projects/rpg_project/Content/ParagonGrux/Characters/Heroes/Grux/Skins/Tier_1/War_Chief/Textures/T_Grux_TribalLegshandsMask01.uasset" 4207
"../../../../UE projects/rpg_project/Content/ParagonGrux/Characters/Heroes/Grux/Textures/T_Grux_LegsHands_D.uasset" 4208
"../../../../UE projects/rpg_project/Content/ParagonGrux/Characters/Heroes/Grux/Textures/T_Grux_Legshands_normals.uasset" 4209
"../../../../UE projects/rpg_project/Content/ParagonGrux/Characters/Heroes/Grux/Textures/T_Grux_LegshandsMask01.uasset" 4210
"../../../../UE projects/rpg_project/Content/ParagonGrux/Characters/Heroes/Grux/Textures/T_Grux_LegshandsMask02.uasset" 4211
"../../../../UE projects/rpg_project/Content/Characters/Souls/Movement/M_Neutral_Run_Loop_B.uasset" 4212
"../../../../UE projects/rpg_project/Content/Characters/Souls/Movement/M_Neutral_Run_Loop_BL.uasset" 4213
"../../../../UE projects/rpg_project/Content/Characters/Souls/Movement/M_Neutral_Run_Loop_BR.uasset" 4214
"../../../../UE projects/rpg_project/Content/Characters/Souls/Movement/M_Neutral_Run_Loop_F.uasset" 4215
"../../../../UE projects/rpg_project/Content/Characters/Souls/Movement/M_Neutral_Run_Loop_FL.uasset" 4216
"../../../../UE projects/rpg_project/Content/Characters/Souls/Movement/M_Neutral_Run_Loop_FR.uasset" 4217
"../../../../UE projects/rpg_project/Content/Characters/Souls/Movement/M_Neutral_Run_Loop_LL.uasset" 4218
"../../../../UE projects/rpg_project/Content/Characters/Souls/Movement/M_Neutral_Run_Loop_LR.uasset" 4219
"../../../../UE projects/rpg_project/Content/Characters/Souls/Movement/M_Neutral_Stand_Idle_Loop.uasset" 4220
"../../../../UE projects/rpg_project/Content/Characters/Mannequins/Textures/Manny/T_Manny_02_BN.uasset" 4221
"../../../../UE projects/rpg_project/Content/Characters/Mannequins/Textures/Manny/T_Manny_02_D.uasset" 4222
"../../../../UE projects/rpg_project/Content/Characters/Mannequins/Textures/Manny/T_Manny_02_MRA.uasset" 4223
"../../../../UE projects/rpg_project/Content/ParagonGrux/Characters/Global/MaterialFunctions/Textures/T_AtmosphericCloudNoise01.uasset" 4224
"../../../../UE projects/rpg_project/Content/ParagonGrux/Characters/Global/MaterialFunctions/Textures/T_AtmosphericCloudNoise01_N.uasset" 4225
"../../../../UE projects/rpg_project/Content/ParagonGrux/Characters/Global/MaterialFunctions/Textures/T_AtmosphericCloudNoise03.uasset" 4226
"../../../../UE projects/rpg_project/Content/ParagonGrux/Characters/Global/MaterialLayers/Metal/T_Blue_Metal02.uasset" 4227
"../../../../UE projects/rpg_project/Content/ParagonGrux/Characters/Global/MaterialLayers/Rubber/T_Blank_N.uasset" 4228
"../../../../UE projects/rpg_project/Content/ParagonGrux/Characters/Global/MaterialLayers/T_TestML_Mask.uasset" 4229
"../../../../UE projects/rpg_project/Content/ParagonGrux/Characters/Global/T_Black_Linear.uasset" 4230
"../../../../UE projects/rpg_project/Content/ParagonGrux/Characters/Global/MaterialLayers/Fabric/T_ML_Canvas_Grey01.uasset" 4231
"../../../../UE projects/rpg_project/Content/ParagonGrux/Characters/Global/MaterialLayers/Fabric/T_ML_Canvas_Grey01_N.uasset" 4232
"../../../../UE projects/rpg_project/Content/ParagonGrux/Characters/Global/MaterialLayers/Metal/T_Gadget_Machine_Base_RGB.uasset" 4233
"../../../../UE projects/rpg_project/Content/ParagonGrux/Characters/Global/MaterialLayers/Metal/T_RoughMetal01.uasset" 4234
"../../../../UE projects/rpg_project/Content/ParagonGrux/Characters/Global/MaterialLayers/Metal/T_RoughMetal01_N2.uasset" 4235
"../../../../UE projects/rpg_project/Content/ParagonGrux/Characters/Global/FX/Textures/Tile/Cloud/T_Clouds_01.uasset" 4236
"../../../../UE projects/rpg_project/Content/ParagonGrux/Characters/Global/FX/Textures/Tile/Noise/T_Voronoi_Cells_02.uasset" 4237
"../../../../UE projects/rpg_project/Content/ParagonGrux/Characters/Global/Eyes/MaterialFunctions/ML_EyeRefraction.uasset" 4238
"../../../../UE projects/rpg_project/Content/ParagonGrux/Characters/Global/MaterialLayers/ML_TacticiaULTEye.uasset" 4239
"../../../../UE projects/rpg_project/Content/ParagonGrux/Characters/Global/Eyes/Textures/EpicQuadPanorama_CC.uasset" 4240
"../../../../UE projects/rpg_project/Content/ParagonGrux/Characters/Global/Eyes/Textures/EYE_NORMALS.uasset" 4241
"../../../../UE projects/rpg_project/Content/ParagonGrux/Characters/Global/Eyes/Textures/EyeInner_Profile.uasset" 4242
"../../../../UE projects/rpg_project/Content/ParagonGrux/Characters/Global/Eyes/Textures/T_DecalMask_Radial03.uasset" 4243
"../../../../UE projects/rpg_project/Content/ParagonGrux/Characters/Global/Eyes/Textures/T_Eye_Wet_Normal.uasset" 4244
"../../../../UE projects/rpg_project/Content/ParagonGrux/Characters/Global/Eyes/Textures/T_EyeIrisBaseColor_Example_2.uasset" 4245
"../../../../UE projects/rpg_project/Content/ParagonGrux/Characters/Global/Eyes/Textures/T_EyeMidPlaneDisplacement_Example.uasset" 4246
"../../../../UE projects/rpg_project/Content/ParagonGrux/Characters/Global/Eyes/Textures/T_EyeScleraBaseColor_Example_2.uasset" 4247
"../../../../UE projects/rpg_project/Content/ParagonGrux/Characters/Global/Eyes/Textures/T_Sphere_EYE_NORMALS.uasset" 4248
"../../../../UE projects/rpg_project/Content/ParagonGrux/Characters/Global/Eyes/Textures/T_Swirly_Noise.uasset" 4249
"../../../../UE projects/rpg_project/Content/ParagonGrux/Characters/Global/MaterialLayers/Metal/T_RoughMetal01_N.uasset" 4250
"../../../../UE projects/rpg_project/Content/ParagonGrux/Characters/Global/FX/Textures/Flares/T_Grux_Corona_D.uasset" 4251
"/Game/__ExternalActors__/ThirdPerson/Lvl_ThirdPerson/A/IP/MGVQPE8M923OBBJLZBI1PC" 4252
"../../../../UE projects/rpg_project/Content/__ExternalActors__/ThirdPerson/Lvl_ThirdPerson/A/IP/MGVQPE8M923OBBJLZBI1PC.uasset" 4253
"/Game/__ExternalActors__/ThirdPerson/Lvl_ThirdPerson/B/0L/IL99N1JAI1J4A2DFQBQL53" 4254
"../../../../UE projects/rpg_project/Content/__ExternalActors__/ThirdPerson/Lvl_ThirdPerson/B/0L/IL99N1JAI1J4A2DFQBQL53.uasset" 4255
"/Game/__ExternalActors__/ThirdPerson/Lvl_ThirdPerson/B/2F/XTDQUHCYJJV6JCH4OJSVLG" 4256
"../../../../UE projects/rpg_project/Content/__ExternalActors__/ThirdPerson/Lvl_ThirdPerson/B/2F/XTDQUHCYJJV6JCH4OJSVLG.uasset" 4257
"/Game/__ExternalActors__/ThirdPerson/Lvl_ThirdPerson/B/HX/PES0ONLF01PSQTJCC5USD2" 4258
"../../../../UE projects/rpg_project/Content/__ExternalActors__/ThirdPerson/Lvl_ThirdPerson/B/HX/PES0ONLF01PSQTJCC5USD2.uasset" 4259
"/Game/__ExternalActors__/ThirdPerson/Lvl_ThirdPerson/B/P1/LRQT09TOYHOXK9DY22EIKE" 4260
"../../../../UE projects/rpg_project/Content/__ExternalActors__/ThirdPerson/Lvl_ThirdPerson/B/P1/LRQT09TOYHOXK9DY22EIKE.uasset" 4261
"/Game/__ExternalActors__/ThirdPerson/Lvl_ThirdPerson/B/RX/297QBXCKTP06G7NIHIULK4" 4262
"../../../../UE projects/rpg_project/Content/__ExternalActors__/ThirdPerson/Lvl_ThirdPerson/B/RX/297QBXCKTP06G7NIHIULK4.uasset" 4263
"/Game/__ExternalActors__/ThirdPerson/Lvl_ThirdPerson/C/27/6ZCCZ1F7ZO6DM3C8OLVGTF" 4264
"../../../../UE projects/rpg_project/Content/__ExternalActors__/ThirdPerson/Lvl_ThirdPerson/C/27/6ZCCZ1F7ZO6DM3C8OLVGTF.uasset" 4265
"/Game/__ExternalActors__/ThirdPerson/Lvl_ThirdPerson/C/EE/HZ5WNBFZRJYQPUA6X8TVVT" 4266
"../../../../UE projects/rpg_project/Content/__ExternalActors__/ThirdPerson/Lvl_ThirdPerson/C/EE/HZ5WNBFZRJYQPUA6X8TVVT.uasset" 4267
"/Game/__ExternalActors__/ThirdPerson/Lvl_ThirdPerson/C/HY/Q7CPP7VHOXBAMAJI90W626" 4268
"../../../../UE projects/rpg_project/Content/__ExternalActors__/ThirdPerson/Lvl_ThirdPerson/C/HY/Q7CPP7VHOXBAMAJI90W626.uasset" 4269
"/Game/__ExternalActors__/ThirdPerson/Lvl_ThirdPerson/D/13/EPTYZCFZWXT7Z7XYKZ88XK" 4270
"../../../../UE projects/rpg_project/Content/__ExternalActors__/ThirdPerson/Lvl_ThirdPerson/D/13/EPTYZCFZWXT7Z7XYKZ88XK.uasset" 4271
"/Game/__ExternalActors__/ThirdPerson/Lvl_ThirdPerson/D/50/395Y4QE4IIEWI3KSE3SB6L" 4272
"../../../../UE projects/rpg_project/Content/__ExternalActors__/ThirdPerson/Lvl_ThirdPerson/D/50/395Y4QE4IIEWI3KSE3SB6L.uasset" 4273
"/Game/__ExternalActors__/ThirdPerson/Lvl_ThirdPerson/D/8U/VKFLMM0CV8ZCC0P3TQGTTM" 4274
"../../../../UE projects/rpg_project/Content/__ExternalActors__/ThirdPerson/Lvl_ThirdPerson/D/8U/VKFLMM0CV8ZCC0P3TQGTTM.uasset" 4275
"/Game/__ExternalActors__/ThirdPerson/Lvl_ThirdPerson/D/AY/KLCRMXKI9WR2P0GDY96C36" 4276
"../../../../UE projects/rpg_project/Content/__ExternalActors__/ThirdPerson/Lvl_ThirdPerson/D/AY/KLCRMXKI9WR2P0GDY96C36.uasset" 4277
"/Game/__ExternalActors__/ThirdPerson/Lvl_ThirdPerson/D/K5/NQBPXM7AM8N39CBW4ZT57P" 4278
"../../../../UE projects/rpg_project/Content/__ExternalActors__/ThirdPerson/Lvl_ThirdPerson/D/K5/NQBPXM7AM8N39CBW4ZT57P.uasset" 4279
"../../../Engine/Content/MapTemplates/SM_Template_Map_Floor.uasset" 4280
"/Game/__ExternalActors__/ThirdPerson/Lvl_ThirdPerson/D/M3/6T1XG4EDG4ZEE1U9HMYL4C" 4281
"../../../../UE projects/rpg_project/Content/__ExternalActors__/ThirdPerson/Lvl_ThirdPerson/D/M3/6T1XG4EDG4ZEE1U9HMYL4C.uasset" 4282
"/Game/__ExternalActors__/ThirdPerson/Lvl_ThirdPerson/D/MG/EDRUPW3EOYDDSI6HNSIVT1" 4283
"../../../../UE projects/rpg_project/Content/__ExternalActors__/ThirdPerson/Lvl_ThirdPerson/D/MG/EDRUPW3EOYDDSI6HNSIVT1.uasset" 4284
"/Game/__ExternalActors__/ThirdPerson/Lvl_ThirdPerson/E/96/RFQP83S9K0LC7IW8CXS6C0" 4285
"../../../../UE projects/rpg_project/Content/__ExternalActors__/ThirdPerson/Lvl_ThirdPerson/E/96/RFQP83S9K0LC7IW8CXS6C0.uasset" 4286
"/Game/__ExternalActors__/ThirdPerson/Lvl_ThirdPerson/E/JR/W7S9610Y7RWELGF93FZYAE" 4287
"../../../../UE projects/rpg_project/Content/__ExternalActors__/ThirdPerson/Lvl_ThirdPerson/E/JR/W7S9610Y7RWELGF93FZYAE.uasset" 4288
"/Game/__ExternalActors__/ThirdPerson/Lvl_ThirdPerson/E/SS/QXUZ4IXFNKHCYFWERA1HQA" 4289
"../../../../UE projects/rpg_project/Content/__ExternalActors__/ThirdPerson/Lvl_ThirdPerson/E/SS/QXUZ4IXFNKHCYFWERA1HQA.uasset" 4290
"/Game/__ExternalActors__/ThirdPerson/Lvl_ThirdPerson/F/4G/TYFCMQ9MC435YW6FZBF5FS" 4291
"../../../../UE projects/rpg_project/Content/__ExternalActors__/ThirdPerson/Lvl_ThirdPerson/F/4G/TYFCMQ9MC435YW6FZBF5FS.uasset" 4292
"/Engine/EditorResources/EmptyActor" 4293
"../../../Engine/Content/EditorResources/EmptyActor.uasset" 4294
"/InterchangeAssets/gltf/MaterialInstances/MI_Sheen_Mask" 4295
"/InterchangeAssets/gltf/MaterialInstances/MI_Sheen_Opaque" 4296
"/InterchangeAssets/gltf/MaterialInstances/MI_ClearCoat_Blend" 4297
"/InterchangeAssets/gltf/MaterialInstances/MI_ClearCoat_Mask" 4298
"/InterchangeAssets/gltf/MaterialInstances/MI_ClearCoat_Opaque" 4299
"/InterchangeAssets/gltf/MaterialInstances/MI_Default_Blend" 4300
"/InterchangeAssets/gltf/MaterialInstances/MI_Default_Mask" 4301
"/InterchangeAssets/gltf/MaterialInstances/MI_Default_Opaque" 4302
"../../../Engine/Plugins/Interchange/Assets/Content/gltf/MaterialFunctions/MF_Transmission.uasset" 4303
"../../../Engine/Plugins/Interchange/Assets/Content/gltf/MaterialFunctions/MF_Temporal_Blur.uasset" 4304
"../../../Engine/Plugins/Interchange/Assets/Content/gltf/MaterialBodies/MF_Transmission_Body.uasset" 4305
"../../../Engine/Plugins/Interchange/Assets/Content/gltf/MaterialFunctions/MF_Fresnel_DS.uasset" 4306
"../../../Engine/Plugins/Interchange/Assets/Content/gltf/M_Transmission.uasset" 4307
"../../../Engine/Plugins/Interchange/Assets/Content/gltf/MaterialInstances/MI_Transmission_DS.uasset" 4308
"../../../Engine/Plugins/Interchange/Assets/Content/gltf/MaterialFunctions/MF_PerceivedBrightness.uasset" 4309
"../../../Engine/Plugins/Interchange/Assets/Content/gltf/MaterialFunctions/MF_SpecGlossToMetalRoughness.uasset" 4310
"../../../Engine/Plugins/Interchange/Assets/Content/gltf/MaterialFunctions/MF_MaxComponentValue.uasset" 4311
"../../../Engine/Plugins/Interchange/Assets/Content/gltf/MaterialFunctions/MF_DiffuseSpecGloss.uasset" 4312
"../../../Engine/Plugins/Interchange/Assets/Content/gltf/MaterialBodies/MF_SpecularGlossiness_Body.uasset" 4313
"../../../Engine/Content/Functions/Engine_MaterialFunctions02/Math/AddComponents.uasset" 4314
"../../../Engine/Plugins/Interchange/Assets/Content/gltf/M_SpecularGlossiness.uasset" 4315
"../../../Engine/Plugins/Interchange/Assets/Content/gltf/MaterialInstances/MI_SpecularGlossiness_Mask.uasset" 4316
"../../../Engine/Plugins/Interchange/Assets/Content/gltf/MaterialInstances/MI_SpecularGlossiness_Opaque_DS.uasset" 4317
"../../../Engine/Plugins/Interchange/Assets/Content/gltf/MaterialInstances/MI_SpecularGlossiness_Opaque.uasset" 4318
"../../../Engine/Plugins/Interchange/Assets/Content/gltf/MaterialInstances/MI_SpecularGlossiness_Blend_DS.uasset" 4319
"../../../Engine/Plugins/Interchange/Assets/Content/gltf/MaterialInstances/MI_SpecularGlossiness_Blend.uasset" 4320
"../../../Engine/Plugins/Interchange/Assets/Content/gltf/MaterialInstances/MI_Sheen_Blend_DS.uasset" 4321
"../../../Engine/Plugins/Interchange/Assets/Content/gltf/MaterialInstances/MI_Transmission.uasset" 4322
"../../../Engine/Plugins/Interchange/Assets/Content/gltf/MaterialInstances/MI_SpecularGlossiness_Mask_DS.uasset" 4323
"/InterchangeAssets/gltf/MaterialFunctions/MF_Temporal_Blur" 4324
"/InterchangeAssets/gltf/MaterialFunctions/MF_Transmission" 4325
"/InterchangeAssets/gltf/MaterialInstances/MI_SpecularGlossiness_Blend_DS" 4326
"/InterchangeAssets/gltf/MaterialInstances/MI_SpecularGlossiness_Mask_DS" 4327
"/InterchangeAssets/gltf/MaterialInstances/MI_SpecularGlossiness_Opaque_DS" 4328
"/InterchangeAssets/gltf/MaterialInstances/MI_SpecularGlossiness_Blend" 4329
"/InterchangeAssets/gltf/MaterialInstances/MI_SpecularGlossiness_Mask" 4330
"/InterchangeAssets/gltf/MaterialInstances/MI_SpecularGlossiness_Opaque" 4331
"/InterchangeAssets/gltf/MaterialInstances/MI_Transmission_DS" 4332
"/InterchangeAssets/gltf/MaterialInstances/MI_Transmission" 4333
"/InterchangeAssets/gltf/MaterialInstances/MI_Sheen_Blend_DS" 4334
"../../../Engine/Plugins/Interchange/Assets/Content/Functions/MX_Transmission.uasset" 4335
"../../../Engine/Plugins/Interchange/Assets/Content/gltf/MaterialBodies/MF_Unlit_Body.uasset" 4336
"../../../Engine/Plugins/Interchange/Assets/Content/Functions/MX_OpenPBR_Translucent.uasset" 4337
"../../../Engine/Plugins/Interchange/Assets/Content/gltf/M_Unlit.uasset" 4338
"../../../Engine/Plugins/Interchange/Assets/Content/Functions/MX_StandardSurface.uasset" 4339
"../../../Engine/Content/Functions/Substrate/MF_SchlickInternal.uasset" 4340
"../../../Engine/Plugins/Interchange/Assets/Content/Functions/MX_TransmissionSurface.uasset" 4341
"../../../Engine/Plugins/Interchange/Assets/Content/gltf/MaterialInstances/MI_Unlit_Mask.uasset" 4342
"../../../Engine/Plugins/Interchange/Assets/Content/gltf/MaterialInstances/MI_Unlit_Blend.uasset" 4343
"../../../Engine/Plugins/Interchange/Assets/Content/gltf/MaterialInstances/MI_Unlit_Opaque_DS.uasset" 4344
"../../../Engine/Plugins/Interchange/Assets/Content/gltf/MaterialInstances/MI_Unlit_Mask_DS.uasset" 4345
"../../../Engine/Content/Functions/Engine_MaterialFunctions01/Volumetrics/BeersLaw.uasset" 4346
"../../../Engine/Plugins/Interchange/Assets/Content/gltf/MaterialInstances/MI_Unlit_Blend_DS.uasset" 4347
"../../../Engine/Plugins/Interchange/Assets/Content/gltf/MaterialInstances/MI_Unlit_Opaque.uasset" 4348
"../../../Engine/Plugins/Interchange/Assets/Content/Functions/MF_OrenNayerView.uasset" 4349
"/InterchangeAssets/gltf/MaterialInstances/MI_Unlit_Blend_DS" 4350
"/InterchangeAssets/gltf/MaterialInstances/MI_Unlit_Mask_DS" 4351
"/InterchangeAssets/gltf/MaterialInstances/MI_Unlit_Opaque_DS" 4352
"/InterchangeAssets/gltf/MaterialInstances/MI_Unlit_Blend" 4353
"/InterchangeAssets/gltf/MaterialInstances/MI_Unlit_Mask" 4354
"/InterchangeAssets/gltf/MaterialInstances/MI_Unlit_Opaque" 4355
"/InterchangeAssets/Functions/MX_OpenPBR_Translucent" 4356
"../../../Engine/Plugins/Interchange/Assets/Content/Functions/MX_OpenPBR_Opaque.uasset" 4357
"../../../Engine/Plugins/Animation/ControlRig/Content/Controls/ControlRig_Sphere_solid.uasset" 4358
"../../../Engine/Plugins/Animation/ControlRig/Content/Controls/ControlRig_Arrow2_solid.uasset" 4359
"../../../Engine/Plugins/Animation/ControlRig/Content/Controls/ControlRig_Arrow4_1mm.uasset" 4360
"../../../Engine/Plugins/Animation/ControlRig/Content/Controls/ControlRig_Arrow4_3mm.uasset" 4361
"../../../Engine/Plugins/Animation/ControlRig/Content/Controls/ControlRig_Arrow4_solid.uasset" 4362
"../../../Engine/Plugins/Animation/ControlRig/Content/Controls/ControlRig_Arrow_1mm.uasset" 4363
"../../../Engine/Plugins/Animation/ControlRig/Content/Controls/ControlRig_Arrow_3mm.uasset" 4364
"../../../Engine/Plugins/Animation/ControlRig/Content/Controls/ControlRig_Arrow_solid.uasset" 4365
"../../../Engine/Plugins/Animation/ControlRig/Content/Controls/ControlRig_Box_1mm.uasset" 4366
"../../../Engine/Plugins/Animation/ControlRig/Content/Controls/ControlRig_Box_3mm.uasset" 4367
"../../../Engine/Plugins/Animation/ControlRig/Content/Controls/ControlRig_Box_solid.uasset" 4368
"../../../Engine/Plugins/Animation/ControlRig/Content/Controls/ControlRig_Circle_1mm.uasset" 4369
"../../../Engine/Plugins/Animation/ControlRig/Content/Controls/ControlRig_Circle_3mm.uasset" 4370
"../../../Engine/Plugins/Animation/ControlRig/Content/Controls/ControlRig_Circle_solid.uasset" 4371
"../../../Engine/Plugins/Animation/ControlRig/Content/Controls/ControlRig_Diamond_1mm.uasset" 4372
"../../../Engine/Plugins/Animation/ControlRig/Content/Controls/ControlRig_Diamond_3mm.uasset" 4373
"../../../Engine/Plugins/Animation/ControlRig/Content/Controls/ControlRig_Diamond_solid.uasset" 4374
"../../../Engine/Plugins/Animation/ControlRig/Content/Controls/ControlRig_HalfCircle_1mm.uasset" 4375
"../../../Engine/Plugins/Animation/ControlRig/Content/Controls/ControlRig_HalfCircle_solid.uasset" 4376
"../../../Engine/Plugins/Animation/ControlRig/Content/Controls/ControlRig_HalfCircle_3mm.uasset" 4377
"../../../Engine/Plugins/Animation/ControlRig/Content/Controls/ControlRig_Arrow2_1mm.uasset" 4378
"../../../Engine/Plugins/Animation/ControlRig/Content/Controls/ControlRig_Hexagon_1mm.uasset" 4379
"../../../Engine/Plugins/Animation/ControlRig/Content/Controls/ControlRig_Arrow2_3mm.uasset" 4380
"/ControlRig/Controls/ControlRig_Arrow2_solid" 4381
"/ControlRig/Controls/ControlRig_Sphere_solid" 4382
"/InterchangeAssets/Functions/MX_OpenPBR_Opaque" 4383
"/ControlRig/Controls/ControlRig_Hexagon_1mm" 4384
"/ControlRig/Controls/ControlRig_HalfCircle_solid" 4385
"/ControlRig/Controls/ControlRig_HalfCircle_3mm" 4386
"/ControlRig/Controls/ControlRig_Diamond_3mm" 4387
"/ControlRig/Controls/ControlRig_Diamond_1mm" 4388
"/ControlRig/Controls/ControlRig_Circle_solid" 4389
"/ControlRig/Controls/ControlRig_Circle_3mm" 4390
"/ControlRig/Controls/ControlRig_Circle_1mm" 4391
"/ControlRig/Controls/ControlRig_Box_solid" 4392
"/ControlRig/Controls/ControlRig_Box_3mm" 4393
"/ControlRig/Controls/ControlRig_Box_1mm" 4394
"/ControlRig/Controls/ControlRig_Arrow_solid" 4395
"/ControlRig/Controls/ControlRig_Arrow_3mm" 4396
"/ControlRig/Controls/ControlRig_Arrow_1mm" 4397
"/ControlRig/Controls/ControlRig_Arrow4_solid" 4398
"/ControlRig/Controls/ControlRig_Arrow4_3mm" 4399
"/ControlRig/Controls/ControlRig_Arrow4_1mm" 4400
"/ControlRig/Controls/ControlRig_Arrow2_3mm" 4401
"/ControlRig/Controls/ControlRig_Arrow2_1mm" 4402
"/ControlRig/Controls/ControlRig_HalfCircle_1mm" 4403
"/ControlRig/Controls/ControlRig_Diamond_solid" 4404
"../../../Engine/Plugins/Animation/ControlRig/Content/Controls/ControlRig_Hexagon_3mm.uasset" 4405
"../../../Engine/Plugins/Animation/ControlRig/Content/Controls/ControlRig_Octagon_1mm.uasset" 4406
"../../../Engine/Plugins/Animation/ControlRig/Content/Controls/ControlRig_Octagon_3mm.uasset" 4407
"../../../Engine/Plugins/Animation/ControlRig/Content/Controls/ControlRig_Pyramid_1mm.uasset" 4408
"../../../Engine/Plugins/Animation/ControlRig/Content/Controls/ControlRig_Octagon_solid.uasset" 4409
"../../../Engine/Plugins/Animation/ControlRig/Content/Controls/ControlRig_Hexagon_solid.uasset" 4410
"../../../Engine/Plugins/Animation/ControlRig/Content/Controls/ControlRig_QuarterCircle_1mm.uasset" 4411
"../../../Engine/Plugins/Animation/ControlRig/Content/Controls/ControlRig_Pyramid_solid.uasset" 4412
"/ControlRig/Controls/ControlRig_Octagon_1mm" 4413
"../../../Engine/Plugins/Animation/ControlRig/Content/Controls/ControlRig_RoundedSquare_1mm.uasset" 4414
"../../../Engine/Plugins/Animation/ControlRig/Content/Controls/ControlRig_QuarterCircle_solid.uasset" 4415
"../../../Engine/Plugins/Animation/ControlRig/Content/Controls/ControlRig_QuarterCircle_3mm.uasset" 4416
"../../../Engine/Plugins/Animation/ControlRig/Content/Controls/ControlRig_Pyramid_3mm.uasset" 4417
"../../../Engine/Plugins/Animation/ControlRig/Content/Controls/ControlRig_RoundedSquare_3mm.uasset" 4418
"../../../Engine/Plugins/Animation/ControlRig/Content/Controls/ControlRig_RoundedSquare_solid.uasset" 4419
"../../../Engine/Plugins/Animation/ControlRig/Content/Controls/ControlRig_RoundedTriangle_1mm.uasset" 4420
"../../../Engine/Plugins/Animation/ControlRig/Content/Controls/ControlRig_RoundedTriangle_3mm.uasset" 4421
"../../../Engine/Plugins/Animation/ControlRig/Content/Controls/ControlRig_Sphere_1mm.uasset" 4422
"../../../Engine/Plugins/Animation/ControlRig/Content/Controls/ControlRig_Sphere_3mm.uasset" 4423
"../../../Engine/Plugins/Animation/ControlRig/Content/Controls/ControlRig_Square_1mm.uasset" 4424
"../../../Engine/Plugins/Animation/ControlRig/Content/Controls/ControlRig_RoundedTriangle_solid.uasset" 4425
"../../../Engine/Plugins/Animation/ControlRig/Content/Controls/ControlRig_Square_3mm.uasset" 4426
"../../../Engine/Plugins/Animation/ControlRig/Content/Controls/ControlRig_Square_solid.uasset" 4427
"../../../Engine/Plugins/Animation/ControlRig/Content/Controls/ControlRig_Star4_solid.uasset" 4428
"../../../Engine/Plugins/Animation/ControlRig/Content/Controls/ControlRig_Triangle_1mm.uasset" 4429
"../../../Engine/Plugins/Animation/ControlRig/Content/Controls/ControlRig_Triangle_3mm.uasset" 4430
"../../../Engine/Plugins/Animation/ControlRig/Content/Controls/ControlRig_Triangle_solid.uasset" 4431
"../../../Engine/Plugins/Animation/ControlRig/Content/Controls/ControlRig_Wedge_1mm.uasset" 4432
"../../../Engine/Plugins/Animation/ControlRig/Content/Controls/ControlRig_Star4_3mm.uasset" 4433
"../../../Engine/Plugins/Animation/ControlRig/Content/Controls/ControlRig_Wedge_solid.uasset" 4434
"../../../Engine/Plugins/Animation/ControlRig/Content/Controls/ControlRig_Wedge_3mm.uasset" 4435
"../../../Engine/Content/Maps/Entry_BuiltData.uasset" 4436
"../../../Engine/Plugins/Animation/ControlRig/Content/Controls/ControlRig_Star4_1mm.uasset" 4437
"/ControlRig/Controls/ControlRig_Hexagon_3mm" 4438
"../../../Engine/Content/Maps/Entry.umap" 4439
"/Engine/Maps/Entry_BuiltData" 4440
"/ControlRig/Controls/ControlRig_Wedge_solid" 4441
"/ControlRig/Controls/ControlRig_Wedge_3mm" 4442
"/ControlRig/Controls/ControlRig_Wedge_1mm" 4443
"/ControlRig/Controls/ControlRig_Triangle_solid" 4444
"/ControlRig/Controls/ControlRig_Triangle_3mm" 4445
"/ControlRig/Controls/ControlRig_Triangle_1mm" 4446
"/ControlRig/Controls/ControlRig_Star4_solid" 4447
"/ControlRig/Controls/ControlRig_Square_3mm" 4448
"/ControlRig/Controls/ControlRig_Square_1mm" 4449
"/ControlRig/Controls/ControlRig_Sphere_3mm" 4450
"/ControlRig/Controls/ControlRig_Sphere_1mm" 4451
"/ControlRig/Controls/ControlRig_RoundedTriangle_solid" 4452
"/ControlRig/Controls/ControlRig_RoundedTriangle_3mm" 4453
"/ControlRig/Controls/ControlRig_RoundedTriangle_1mm" 4454
"/ControlRig/Controls/ControlRig_RoundedSquare_solid" 4455
"/ControlRig/Controls/ControlRig_RoundedSquare_3mm" 4456
"/ControlRig/Controls/ControlRig_RoundedSquare_1mm" 4457
"/ControlRig/Controls/ControlRig_QuarterCircle_solid" 4458
"/ControlRig/Controls/ControlRig_QuarterCircle_3mm" 4459
"/ControlRig/Controls/ControlRig_QuarterCircle_1mm" 4460
"/ControlRig/Controls/ControlRig_Pyramid_solid" 4461
"/ControlRig/Controls/ControlRig_Pyramid_3mm" 4462
"/ControlRig/Controls/ControlRig_Pyramid_1mm" 4463
"/ControlRig/Controls/ControlRig_Octagon_solid" 4464
"/ControlRig/Controls/ControlRig_Star4_3mm" 4465
"/ControlRig/Controls/ControlRig_Octagon_3mm" 4466
"/ControlRig/Controls/ControlRig_Star4_1mm" 4467
"/ControlRig/Controls/ControlRig_Hexagon_solid" 4468
"/Engine/Maps/Entry" 4469
"/ControlRig/Controls/ControlRig_Square_solid" 4470
"../../../Engine/Content/EngineMaterials/Substrate/GLints/dict_16_192_64_0p5_0p02_0000_0001.uasset" 4471
"../../../Engine/Content/EngineMaterials/Substrate/GLints/dict_16_192_64_0p5_0p02_0000_0000.uasset" 4472
"../../../Engine/Content/EditorMaterials/PreviewShadowIndicatorMaterial.uasset" 4473
"../../../Engine/Content/EngineMaterials/Substrate/GLints/dict_16_192_64_0p5_0p02_0000_0002.uasset" 4474
"../../../Engine/Content/EngineMaterials/Substrate/GLints/dict_16_192_64_0p5_0p02_0000_0003.uasset" 4475
"../../../Engine/Content/EngineMaterials/Substrate/GLints/dict_16_192_64_0p5_0p02_0000_0005.uasset" 4476
"../../../Engine/Content/EngineMaterials/Substrate/GLints/dict_16_192_64_0p5_0p02_0000_0006.uasset" 4477
"../../../Engine/Content/EngineMaterials/Substrate/GLints/dict_16_192_64_0p5_0p02_0000_0007.uasset" 4478
"../../../Engine/Content/EngineMaterials/Substrate/GLints/dict_16_192_64_0p5_0p02_0000_0009.uasset" 4479
"../../../Engine/Content/EngineMaterials/Substrate/GLints/dict_16_192_64_0p5_0p02_0000_0008.uasset" 4480
"../../../Engine/Content/EngineMaterials/Substrate/GLints/dict_16_192_64_0p5_0p02_0000_0010.uasset" 4481
"../../../Engine/Content/EngineMaterials/Substrate/GLints/dict_16_192_64_0p5_0p02_0000_0011.uasset" 4482
"../../../Engine/Content/EngineMaterials/Substrate/GLints/dict_16_192_64_0p5_0p02_0000_0012.uasset" 4483
"../../../Engine/Content/EngineMaterials/Substrate/GLints/dict_16_192_64_0p5_0p02_0000_0013.uasset" 4484
"../../../Engine/Content/EngineMaterials/Substrate/GLints/dict_16_192_64_0p5_0p02_0000_0014.uasset" 4485
"../../../Engine/Content/EngineMaterials/Substrate/GLints/dict_16_192_64_0p5_0p02_0000_0015.uasset" 4486
"../../../Engine/Content/EngineMaterials/Substrate/GLints/dict_16_192_64_0p5_0p02_0001_0000.uasset" 4487
"../../../Engine/Content/EngineMaterials/Substrate/GLints/dict_16_192_64_0p5_0p02_0001_0001.uasset" 4488
"../../../Engine/Content/EngineMaterials/Substrate/GLints/dict_16_192_64_0p5_0p02_0001_0002.uasset" 4489
"../../../Engine/Content/EngineMaterials/Substrate/GLints/dict_16_192_64_0p5_0p02_0001_0003.uasset" 4490
"../../../Engine/Content/EngineMaterials/Substrate/GLints/dict_16_192_64_0p5_0p02_0000_0004.uasset" 4491
"../../../Engine/Content/EngineMaterials/Substrate/GLints/dict_16_192_64_0p5_0p02_0001_0004.uasset" 4492
"../../../Engine/Content/EngineMaterials/Substrate/GLints/dict_16_192_64_0p5_0p02_0001_0005.uasset" 4493
"../../../Engine/Content/EngineMaterials/Substrate/GLints/dict_16_192_64_0p5_0p02_0001_0006.uasset" 4494
"../../../Engine/Content/EngineMaterials/Substrate/GLints/dict_16_192_64_0p5_0p02_0001_0007.uasset" 4495
"../../../Engine/Content/EngineMaterials/Substrate/GLints/dict_16_192_64_0p5_0p02_0001_0009.uasset" 4496
"../../../Engine/Content/EngineMaterials/Substrate/GLints/dict_16_192_64_0p5_0p02_0001_0008.uasset" 4497
"../../../Engine/Content/EngineMaterials/Substrate/GLints/dict_16_192_64_0p5_0p02_0001_0010.uasset" 4498
"../../../Engine/Content/EngineMaterials/Substrate/GLints/dict_16_192_64_0p5_0p02_0001_0012.uasset" 4499
"../../../Engine/Content/EngineMaterials/Substrate/GLints/dict_16_192_64_0p5_0p02_0001_0011.uasset" 4500
"../../../Engine/Content/EngineMaterials/Substrate/GLints/dict_16_192_64_0p5_0p02_0001_0013.uasset" 4501
"../../../Engine/Content/EditorMaterials/PreviewShadowIndicator.uasset" 4502
"/Engine/EngineMaterials/Substrate/GLints/dict_16_192_64_0p5_0p02_0000_0003" 4503
"/Engine/EngineMaterials/Substrate/GLints/dict_16_192_64_0p5_0p02_0000_0002" 4504
"/Engine/EngineMaterials/Substrate/GLints/dict_16_192_64_0p5_0p02_0000_0001" 4505
"../../../Engine/Content/EngineMaterials/Substrate/GLints/dict_16_192_64_0p5_0p02_0002_0000.uasset" 4506
"../../../Engine/Content/EngineMaterials/Substrate/GLints/dict_16_192_64_0p5_0p02_0001_0014.uasset" 4507
"../../../Engine/Content/EngineMaterials/Substrate/GLints/dict_16_192_64_0p5_0p02_0001_0015.uasset" 4508
"/Engine/EngineMaterials/Substrate/GLints/dict_16_192_64_0p5_0p02_0001_0012" 4509
"/Engine/EngineMaterials/Substrate/GLints/dict_16_192_64_0p5_0p02_0001_0011" 4510
"/Engine/EngineMaterials/Substrate/GLints/dict_16_192_64_0p5_0p02_0001_0010" 4511
"/Engine/EngineMaterials/Substrate/GLints/dict_16_192_64_0p5_0p02_0001_0009" 4512
"/Engine/EngineMaterials/Substrate/GLints/dict_16_192_64_0p5_0p02_0001_0008" 4513
"/Engine/EngineMaterials/Substrate/GLints/dict_16_192_64_0p5_0p02_0001_0007" 4514
"/Engine/EngineMaterials/Substrate/GLints/dict_16_192_64_0p5_0p02_0001_0006" 4515
"/Engine/EngineMaterials/Substrate/GLints/dict_16_192_64_0p5_0p02_0001_0005" 4516
"/Engine/EngineMaterials/Substrate/GLints/dict_16_192_64_0p5_0p02_0001_0004" 4517
"/Engine/EngineMaterials/Substrate/GLints/dict_16_192_64_0p5_0p02_0001_0003" 4518
"/Engine/EngineMaterials/Substrate/GLints/dict_16_192_64_0p5_0p02_0001_0002" 4519
"/Engine/EngineMaterials/Substrate/GLints/dict_16_192_64_0p5_0p02_0001_0001" 4520
"/Engine/EngineMaterials/Substrate/GLints/dict_16_192_64_0p5_0p02_0001_0000" 4521
"/Engine/EngineMaterials/Substrate/GLints/dict_16_192_64_0p5_0p02_0000_0015" 4522
"/Engine/EngineMaterials/Substrate/GLints/dict_16_192_64_0p5_0p02_0000_0014" 4523
"/Engine/EngineMaterials/Substrate/GLints/dict_16_192_64_0p5_0p02_0000_0013" 4524
"/Engine/EngineMaterials/Substrate/GLints/dict_16_192_64_0p5_0p02_0000_0012" 4525
"/Engine/EngineMaterials/Substrate/GLints/dict_16_192_64_0p5_0p02_0000_0011" 4526
"/Engine/EngineMaterials/Substrate/GLints/dict_16_192_64_0p5_0p02_0000_0010" 4527
"/Engine/EngineMaterials/Substrate/GLints/dict_16_192_64_0p5_0p02_0000_0009" 4528
"/Engine/EngineMaterials/Substrate/GLints/dict_16_192_64_0p5_0p02_0000_0008" 4529
"/Engine/EngineMaterials/Substrate/GLints/dict_16_192_64_0p5_0p02_0000_0007" 4530
"/Engine/EngineMaterials/Substrate/GLints/dict_16_192_64_0p5_0p02_0000_0006" 4531
"/Engine/EngineMaterials/Substrate/GLints/dict_16_192_64_0p5_0p02_0000_0005" 4532
"/Engine/EngineMaterials/Substrate/GLints/dict_16_192_64_0p5_0p02_0000_0004" 4533
"/Engine/EngineMaterials/Substrate/GLints/dict_16_192_64_0p5_0p02_0002_0000" 4534
"/Engine/EngineMaterials/Substrate/GLints/dict_16_192_64_0p5_0p02_0001_0015" 4535
"/Engine/EngineMaterials/Substrate/GLints/dict_16_192_64_0p5_0p02_0001_0013" 4536
"/Engine/EngineMaterials/Substrate/GLints/dict_16_192_64_0p5_0p02_0001_0014" 4537
"/Engine/EngineMaterials/Substrate/GLints/dict_16_192_64_0p5_0p02_0000_0000" 4538
"/Engine/EditorMaterials/PreviewShadowIndicatorMaterial" 4539
"../../../Engine/Content/EngineMaterials/Substrate/GLints/dict_16_192_64_0p5_0p02_0002_0001.uasset" 4540
"../../../Engine/Content/EngineMaterials/Substrate/GLints/dict_16_192_64_0p5_0p02_0002_0002.uasset" 4541
"../../../Engine/Content/EngineMaterials/Substrate/GLints/dict_16_192_64_0p5_0p02_0002_0003.uasset" 4542
"../../../Engine/Content/EngineMaterials/Substrate/GLints/dict_16_192_64_0p5_0p02_0002_0005.uasset" 4543
"../../../Engine/Content/EngineMaterials/Substrate/GLints/dict_16_192_64_0p5_0p02_0002_0004.uasset" 4544
"../../../Engine/Content/EngineMaterials/Substrate/GLints/dict_16_192_64_0p5_0p02_0002_0006.uasset" 4545
"../../../Engine/Content/EngineMaterials/Substrate/GLints/dict_16_192_64_0p5_0p02_0002_0008.uasset" 4546
"../../../Engine/Content/EngineMaterials/Substrate/GLints/dict_16_192_64_0p5_0p02_0002_0007.uasset" 4547
"../../../Engine/Content/EngineMaterials/Substrate/GLints/dict_16_192_64_0p5_0p02_0002_0010.uasset" 4548
"../../../Engine/Content/EngineMaterials/Substrate/GLints/dict_16_192_64_0p5_0p02_0002_0012.uasset" 4549
"../../../Engine/Content/EngineMaterials/Substrate/GLints/dict_16_192_64_0p5_0p02_0002_0013.uasset" 4550
"../../../Engine/Content/EngineMaterials/Substrate/GLints/dict_16_192_64_0p5_0p02_0002_0014.uasset" 4551
"../../../Engine/Content/EngineMaterials/Substrate/GLints/dict_16_192_64_0p5_0p02_0003_0000.uasset" 4552
"../../../Engine/Content/EngineMaterials/Substrate/GLints/dict_16_192_64_0p5_0p02_0002_0015.uasset" 4553
"../../../Engine/Content/EngineMaterials/Substrate/GLints/dict_16_192_64_0p5_0p02_0003_0001.uasset" 4554
"../../../Engine/Content/EngineMaterials/Substrate/GLints/dict_16_192_64_0p5_0p02_0003_0002.uasset" 4555
"../../../Engine/Content/EngineMaterials/Substrate/GLints/dict_16_192_64_0p5_0p02_0003_0003.uasset" 4556
"../../../Engine/Content/EngineMaterials/Substrate/GLints/dict_16_192_64_0p5_0p02_0003_0004.uasset" 4557
"../../../Engine/Content/EngineMaterials/Substrate/GLints/dict_16_192_64_0p5_0p02_0003_0005.uasset" 4558
"../../../Engine/Content/EngineMaterials/Substrate/GLints/dict_16_192_64_0p5_0p02_0003_0006.uasset" 4559
"../../../Engine/Content/EngineMaterials/Substrate/GLints/dict_16_192_64_0p5_0p02_0003_0007.uasset" 4560
"../../../Engine/Content/EngineMaterials/Substrate/GLints/dict_16_192_64_0p5_0p02_0003_0009.uasset" 4561
"../../../Engine/Content/EngineMaterials/Substrate/GLints/dict_16_192_64_0p5_0p02_0003_0011.uasset" 4562
"../../../Engine/Content/EngineMaterials/Substrate/GLints/dict_16_192_64_0p5_0p02_0003_0012.uasset" 4563
"../../../Engine/Content/EngineMaterials/Substrate/GLints/dict_16_192_64_0p5_0p02_0003_0013.uasset" 4564
"../../../Engine/Content/EngineMaterials/Substrate/GLints/dict_16_192_64_0p5_0p02_0003_0014.uasset" 4565
"../../../Engine/Content/EngineMaterials/Substrate/GLints/dict_16_192_64_0p5_0p02_0002_0009.uasset" 4566
"../../../Engine/Content/EngineMaterials/Substrate/GLints/dict_16_192_64_0p5_0p02_0003_0015.uasset" 4567
"../../../Engine/Content/EngineMaterials/Substrate/GLints/dict_16_192_64_0p5_0p02_0003_0008.uasset" 4568
"../../../Engine/Content/EngineMaterials/Substrate/GLints/dict_16_192_64_0p5_0p02_0003_0010.uasset" 4569
"../../../Engine/Content/EngineMaterials/Substrate/GLints/dict_16_192_64_0p5_0p02_0004_0000.uasset" 4570
"../../../Engine/Content/EngineMaterials/Substrate/GLints/dict_16_192_64_0p5_0p02_0002_0011.uasset" 4571
"/Engine/EngineMaterials/Substrate/GLints/dict_16_192_64_0p5_0p02_0002_0003" 4572
"/Engine/EngineMaterials/Substrate/GLints/dict_16_192_64_0p5_0p02_0002_0002" 4573
"/Engine/EngineMaterials/Substrate/GLints/dict_16_192_64_0p5_0p02_0002_0001" 4574
"../../../Engine/Content/EngineMaterials/Substrate/GLints/dict_16_192_64_0p5_0p02_0004_0002.uasset" 4575
"../../../Engine/Content/EngineMaterials/Substrate/GLints/dict_16_192_64_0p5_0p02_0004_0001.uasset" 4576
"../../../Engine/Content/EngineMaterials/Substrate/GLints/dict_16_192_64_0p5_0p02_0004_0003.uasset" 4577
"../../../Engine/Plugins/Animation/DeformerGraph/Shaders/Private/DataInterfaceCustomComputeKernel.ush" 4578
"../../../Engine/Plugins/Animation/DeformerGraph/Shaders/Private/DataInterfaceCloth.ush" 4579
"../../../Engine/Plugins/Animation/DeformerGraph/Shaders/Private/DataInterfaceSkinnedMeshRead.ush" 4580
"../../../Engine/Plugins/Animation/DeformerGraph/Shaders/Private/DataInterfaceSkeleton.ush" 4581
"../../../Engine/Plugins/Animation/DeformerGraph/Shaders/Private/DataInterfaceSkeletonCommon.ush" 4582
"../../../Engine/Plugins/Animation/DeformerGraph/Shaders/Private/DataInterfaceMorphTarget.ush" 4583
"../../../Engine/Plugins/Animation/DeformerGraph/Shaders/Private/DataInterfaceSkinnedMeshWrite.ush" 4584
"../../../Engine/Plugins/Animation/DeformerGraph/Shaders/Private/DataInterfaceRawBuffer.ush" 4585
"../../../Engine/Plugins/Runtime/ComputeFramework/Shaders/Private/BufferAlias.ush" 4586
"../../../Engine/Plugins/Animation/DeformerGraph/Shaders/Private/DataInterfaceSkinnedMesh.ush" 4587
"../../../Engine/Plugins/Animation/DeformerGraph/Shaders/Private/DataInterfaceHalfEdge.ush" 4588
"/Engine/EngineMaterials/Substrate/GLints/dict_16_192_64_0p5_0p02_0004_0000" 4589
"/Engine/EngineMaterials/Substrate/GLints/dict_16_192_64_0p5_0p02_0003_0015" 4590
"/Engine/EngineMaterials/Substrate/GLints/dict_16_192_64_0p5_0p02_0003_0014" 4591
"/Engine/EngineMaterials/Substrate/GLints/dict_16_192_64_0p5_0p02_0003_0013" 4592
"/Engine/EngineMaterials/Substrate/GLints/dict_16_192_64_0p5_0p02_0003_0012" 4593
"/Engine/EngineMaterials/Substrate/GLints/dict_16_192_64_0p5_0p02_0003_0011" 4594
"/Engine/EngineMaterials/Substrate/GLints/dict_16_192_64_0p5_0p02_0003_0010" 4595
"/Engine/EngineMaterials/Substrate/GLints/dict_16_192_64_0p5_0p02_0003_0009" 4596
"/Engine/EngineMaterials/Substrate/GLints/dict_16_192_64_0p5_0p02_0003_0008" 4597
"/Engine/EngineMaterials/Substrate/GLints/dict_16_192_64_0p5_0p02_0003_0007" 4598
"/Engine/EngineMaterials/Substrate/GLints/dict_16_192_64_0p5_0p02_0003_0006" 4599
"/Engine/EngineMaterials/Substrate/GLints/dict_16_192_64_0p5_0p02_0003_0005" 4600
"/Engine/EngineMaterials/Substrate/GLints/dict_16_192_64_0p5_0p02_0003_0004" 4601
"/Engine/EngineMaterials/Substrate/GLints/dict_16_192_64_0p5_0p02_0003_0003" 4602
"/Engine/EngineMaterials/Substrate/GLints/dict_16_192_64_0p5_0p02_0003_0002" 4603
"/Engine/EngineMaterials/Substrate/GLints/dict_16_192_64_0p5_0p02_0003_0001" 4604
"/Engine/EngineMaterials/Substrate/GLints/dict_16_192_64_0p5_0p02_0003_0000" 4605
"/Engine/EngineMaterials/Substrate/GLints/dict_16_192_64_0p5_0p02_0002_0015" 4606
"/Engine/EngineMaterials/Substrate/GLints/dict_16_192_64_0p5_0p02_0002_0014" 4607
"/Engine/EngineMaterials/Substrate/GLints/dict_16_192_64_0p5_0p02_0002_0013" 4608
"/Engine/EngineMaterials/Substrate/GLints/dict_16_192_64_0p5_0p02_0002_0012" 4609
"/Engine/EngineMaterials/Substrate/GLints/dict_16_192_64_0p5_0p02_0002_0011" 4610
"/Engine/EngineMaterials/Substrate/GLints/dict_16_192_64_0p5_0p02_0002_0010" 4611
"/Engine/EngineMaterials/Substrate/GLints/dict_16_192_64_0p5_0p02_0002_0009" 4612
"/Engine/EngineMaterials/Substrate/GLints/dict_16_192_64_0p5_0p02_0002_0008" 4613
"/Engine/EngineMaterials/Substrate/GLints/dict_16_192_64_0p5_0p02_0002_0007" 4614
"/Engine/EngineMaterials/Substrate/GLints/dict_16_192_64_0p5_0p02_0002_0006" 4615
"/Engine/EngineMaterials/Substrate/GLints/dict_16_192_64_0p5_0p02_0002_0005" 4616
"/Engine/EngineMaterials/Substrate/GLints/dict_16_192_64_0p5_0p02_0002_0004" 4617
"/Engine/EngineMaterials/Substrate/GLints/dict_16_192_64_0p5_0p02_0004_0003" 4618
"/Engine/EngineMaterials/Substrate/GLints/dict_16_192_64_0p5_0p02_0004_0002" 4619
"/Engine/EngineMaterials/Substrate/GLints/dict_16_192_64_0p5_0p02_0004_0001" 4620
"../../../Engine/Content/EngineMaterials/Substrate/GLints/dict_16_192_64_0p5_0p02_0004_0006.uasset" 4621
"../../../Engine/Content/EngineMaterials/Substrate/GLints/dict_16_192_64_0p5_0p02_0004_0007.uasset" 4622
"../../../Engine/Content/EngineMaterials/Substrate/GLints/dict_16_192_64_0p5_0p02_0004_0008.uasset" 4623
"../../../Engine/Content/EngineMaterials/Substrate/GLints/dict_16_192_64_0p5_0p02_0004_0005.uasset" 4624
"../../../Engine/Content/EngineMaterials/Substrate/GLints/dict_16_192_64_0p5_0p02_0004_0010.uasset" 4625
"../../../Engine/Content/EngineMaterials/Substrate/GLints/dict_16_192_64_0p5_0p02_0004_0009.uasset" 4626
"../../../Engine/Content/EngineMaterials/Substrate/GLints/dict_16_192_64_0p5_0p02_0004_0012.uasset" 4627
"../../../Engine/Content/EngineMaterials/Substrate/GLints/dict_16_192_64_0p5_0p02_0004_0011.uasset" 4628
"../../../Engine/Content/EngineMaterials/Substrate/GLints/dict_16_192_64_0p5_0p02_0004_0013.uasset" 4629
"../../../Engine/Content/EngineMaterials/Substrate/GLints/dict_16_192_64_0p5_0p02_0004_0015.uasset" 4630
"../../../Engine/Content/EngineMaterials/Substrate/GLints/dict_16_192_64_0p5_0p02_0004_0004.uasset" 4631
"../../../Engine/Content/EngineMaterials/Substrate/GLints/dict_16_192_64_0p5_0p02_0005_0000.uasset" 4632
"../../../Engine/Content/EngineMaterials/Substrate/GLints/dict_16_192_64_0p5_0p02_0005_0001.uasset" 4633
"../../../Engine/Content/EngineMaterials/Substrate/GLints/dict_16_192_64_0p5_0p02_0005_0003.uasset" 4634
"../../../Engine/Content/EngineMaterials/Substrate/GLints/dict_16_192_64_0p5_0p02_0005_0002.uasset" 4635
"../../../Engine/Content/EngineMaterials/Substrate/GLints/dict_16_192_64_0p5_0p02_0005_0005.uasset" 4636
"../../../Engine/Content/EngineMaterials/Substrate/GLints/dict_16_192_64_0p5_0p02_0005_0007.uasset" 4637
"../../../Engine/Content/EngineMaterials/Substrate/GLints/dict_16_192_64_0p5_0p02_0005_0006.uasset" 4638
"../../../Engine/Content/EngineMaterials/Substrate/GLints/dict_16_192_64_0p5_0p02_0005_0008.uasset" 4639
"../../../Engine/Content/EngineMaterials/Substrate/GLints/dict_16_192_64_0p5_0p02_0005_0004.uasset" 4640
"../../../Engine/Content/EngineMaterials/Substrate/GLints/dict_16_192_64_0p5_0p02_0005_0009.uasset" 4641
"../../../Engine/Content/EngineMaterials/Substrate/GLints/dict_16_192_64_0p5_0p02_0005_0012.uasset" 4642
"../../../Engine/Content/EngineMaterials/Substrate/GLints/dict_16_192_64_0p5_0p02_0005_0013.uasset" 4643
"../../../Engine/Content/EngineMaterials/Substrate/GLints/dict_16_192_64_0p5_0p02_0005_0014.uasset" 4644
"../../../Engine/Content/EngineMaterials/Substrate/GLints/dict_16_192_64_0p5_0p02_0005_0015.uasset" 4645
"../../../Engine/Content/EngineMaterials/Substrate/GLints/dict_16_192_64_0p5_0p02_0006_0000.uasset" 4646
"../../../Engine/Content/EngineMaterials/Substrate/GLints/dict_16_192_64_0p5_0p02_0005_0011.uasset" 4647
"../../../Engine/Content/EngineMaterials/Substrate/GLints/dict_16_192_64_0p5_0p02_0006_0003.uasset" 4648
"../../../Engine/Content/EngineMaterials/Substrate/GLints/dict_16_192_64_0p5_0p02_0004_0014.uasset" 4649
"../../../Engine/Content/EngineMaterials/Substrate/GLints/dict_16_192_64_0p5_0p02_0006_0001.uasset" 4650
"../../../Engine/Content/EngineMaterials/Substrate/GLints/dict_16_192_64_0p5_0p02_0006_0002.uasset" 4651
"../../../Engine/Content/EngineMaterials/Substrate/GLints/dict_16_192_64_0p5_0p02_0005_0010.uasset" 4652
"/Engine/EngineMaterials/Substrate/GLints/dict_16_192_64_0p5_0p02_0004_0010" 4653
"/Engine/EngineMaterials/Substrate/GLints/dict_16_192_64_0p5_0p02_0004_0009" 4654
"/Engine/EngineMaterials/Substrate/GLints/dict_16_192_64_0p5_0p02_0004_0008" 4655
"/Engine/EngineMaterials/Substrate/GLints/dict_16_192_64_0p5_0p02_0004_0007" 4656
"/Engine/EngineMaterials/Substrate/GLints/dict_16_192_64_0p5_0p02_0004_0006" 4657
"/Engine/EngineMaterials/Substrate/GLints/dict_16_192_64_0p5_0p02_0004_0005" 4658
"../../../Engine/Content/EngineMaterials/Substrate/GLints/dict_16_192_64_0p5_0p02_0006_0004.uasset" 4659
"../../../Engine/Content/EngineMaterials/Substrate/GLints/dict_16_192_64_0p5_0p02_0006_0005.uasset" 4660
"../../../Engine/Content/EngineMaterials/Substrate/GLints/dict_16_192_64_0p5_0p02_0006_0006.uasset" 4661
"../../../Engine/Content/EngineMaterials/Substrate/GLints/dict_16_192_64_0p5_0p02_0006_0007.uasset" 4662
"../../../Engine/Content/EngineMaterials/Substrate/GLints/dict_16_192_64_0p5_0p02_0006_0008.uasset" 4663
"../../../Engine/Content/EngineMaterials/Substrate/GLints/dict_16_192_64_0p5_0p02_0006_0009.uasset" 4664
"/Engine/EngineMaterials/Substrate/GLints/dict_16_192_64_0p5_0p02_0006_0003" 4665
"/Engine/EngineMaterials/Substrate/GLints/dict_16_192_64_0p5_0p02_0006_0002" 4666
"/Engine/EngineMaterials/Substrate/GLints/dict_16_192_64_0p5_0p02_0006_0001" 4667
"/Engine/EngineMaterials/Substrate/GLints/dict_16_192_64_0p5_0p02_0006_0000" 4668
"/Engine/EngineMaterials/Substrate/GLints/dict_16_192_64_0p5_0p02_0005_0015" 4669
"/Engine/EngineMaterials/Substrate/GLints/dict_16_192_64_0p5_0p02_0005_0014" 4670
"/Engine/EngineMaterials/Substrate/GLints/dict_16_192_64_0p5_0p02_0005_0013" 4671
"/Engine/EngineMaterials/Substrate/GLints/dict_16_192_64_0p5_0p02_0005_0012" 4672
"/Engine/EngineMaterials/Substrate/GLints/dict_16_192_64_0p5_0p02_0005_0011" 4673
"/Engine/EngineMaterials/Substrate/GLints/dict_16_192_64_0p5_0p02_0005_0010" 4674
"/Engine/EngineMaterials/Substrate/GLints/dict_16_192_64_0p5_0p02_0005_0009" 4675
"/Engine/EngineMaterials/Substrate/GLints/dict_16_192_64_0p5_0p02_0005_0008" 4676
"/Engine/EngineMaterials/Substrate/GLints/dict_16_192_64_0p5_0p02_0005_0007" 4677
"/Engine/EngineMaterials/Substrate/GLints/dict_16_192_64_0p5_0p02_0005_0006" 4678
"/Engine/EngineMaterials/Substrate/GLints/dict_16_192_64_0p5_0p02_0005_0005" 4679
"/Engine/EngineMaterials/Substrate/GLints/dict_16_192_64_0p5_0p02_0005_0004" 4680
"/Engine/EngineMaterials/Substrate/GLints/dict_16_192_64_0p5_0p02_0005_0003" 4681
"/Engine/EngineMaterials/Substrate/GLints/dict_16_192_64_0p5_0p02_0005_0002" 4682
"/Engine/EngineMaterials/Substrate/GLints/dict_16_192_64_0p5_0p02_0005_0001" 4683
"/Engine/EngineMaterials/Substrate/GLints/dict_16_192_64_0p5_0p02_0005_0000" 4684
"/Engine/EngineMaterials/Substrate/GLints/dict_16_192_64_0p5_0p02_0004_0015" 4685
"/Engine/EngineMaterials/Substrate/GLints/dict_16_192_64_0p5_0p02_0004_0014" 4686
"/Engine/EngineMaterials/Substrate/GLints/dict_16_192_64_0p5_0p02_0004_0013" 4687
"/Engine/EngineMaterials/Substrate/GLints/dict_16_192_64_0p5_0p02_0004_0012" 4688
"/Engine/EngineMaterials/Substrate/GLints/dict_16_192_64_0p5_0p02_0004_0011" 4689
"/Engine/EngineMaterials/Substrate/GLints/dict_16_192_64_0p5_0p02_0006_0006" 4690
"/Engine/EngineMaterials/Substrate/GLints/dict_16_192_64_0p5_0p02_0006_0005" 4691
"/Engine/EngineMaterials/Substrate/GLints/dict_16_192_64_0p5_0p02_0006_0004" 4692
"/Engine/EngineMaterials/Substrate/GLints/dict_16_192_64_0p5_0p02_0004_0004" 4693
"../../../Engine/Content/EngineMaterials/Substrate/GLints/dict_16_192_64_0p5_0p02_0006_0011.uasset" 4694
"../../../Engine/Content/EngineMaterials/Substrate/GLints/dict_16_192_64_0p5_0p02_0006_0012.uasset" 4695
"../../../Engine/Content/EngineMaterials/Substrate/GLints/dict_16_192_64_0p5_0p02_0006_0013.uasset" 4696
"../../../Engine/Content/EngineMaterials/Substrate/GLints/dict_16_192_64_0p5_0p02_0006_0010.uasset" 4697
"../../../Engine/Content/EngineMaterials/Substrate/GLints/dict_16_192_64_0p5_0p02_0006_0014.uasset" 4698
"../../../Engine/Content/EngineMaterials/Substrate/GLints/dict_16_192_64_0p5_0p02_0006_0015.uasset" 4699
"../../../Engine/Content/EngineMaterials/Substrate/GLints/dict_16_192_64_0p5_0p02_0007_0000.uasset" 4700
"../../../Engine/Content/EngineMaterials/Substrate/GLints/dict_16_192_64_0p5_0p02_0007_0001.uasset" 4701
"../../../Engine/Content/EngineMaterials/Substrate/GLints/dict_16_192_64_0p5_0p02_0007_0002.uasset" 4702
"../../../Engine/Content/EngineMaterials/Substrate/GLints/dict_16_192_64_0p5_0p02_0007_0003.uasset" 4703
"../../../Engine/Content/EngineMaterials/Substrate/GLints/dict_16_192_64_0p5_0p02_0007_0005.uasset" 4704
"../../../Engine/Content/EngineMaterials/Substrate/GLints/dict_16_192_64_0p5_0p02_0007_0006.uasset" 4705
"../../../Engine/Content/EngineMaterials/Substrate/GLints/dict_16_192_64_0p5_0p02_0007_0007.uasset" 4706
"../../../Engine/Content/EngineMaterials/Substrate/GLints/dict_16_192_64_0p5_0p02_0007_0008.uasset" 4707
"../../../Engine/Content/EngineMaterials/Substrate/GLints/dict_16_192_64_0p5_0p02_0007_0009.uasset" 4708
"../../../Engine/Content/EngineMaterials/Substrate/GLints/dict_16_192_64_0p5_0p02_0007_0010.uasset" 4709
"../../../Engine/Content/EngineMaterials/Substrate/GLints/dict_16_192_64_0p5_0p02_0007_0011.uasset" 4710
"../../../Engine/Content/EngineMaterials/Substrate/GLints/dict_16_192_64_0p5_0p02_0007_0012.uasset" 4711
"../../../Engine/Content/EngineMaterials/Substrate/GLints/dict_16_192_64_0p5_0p02_0007_0013.uasset" 4712
"../../../Engine/Content/EngineMaterials/Substrate/GLints/dict_16_192_64_0p5_0p02_0007_0014.uasset" 4713
"../../../Engine/Content/EngineMaterials/Substrate/GLints/dict_16_192_64_0p5_0p02_0007_0015.uasset" 4714
"../../../Engine/Content/EngineMaterials/Substrate/GLints/dict_16_192_64_0p5_0p02_0008_0000.uasset" 4715
"../../../Engine/Content/EngineMaterials/Substrate/GLints/dict_16_192_64_0p5_0p02_0008_0001.uasset" 4716
"../../../Engine/Content/EngineMaterials/Substrate/GLints/dict_16_192_64_0p5_0p02_0008_0002.uasset" 4717
"../../../Engine/Content/EngineMaterials/Substrate/GLints/dict_16_192_64_0p5_0p02_0008_0003.uasset" 4718
"../../../Engine/Content/EngineMaterials/Substrate/GLints/dict_16_192_64_0p5_0p02_0008_0004.uasset" 4719
"../../../Engine/Content/EngineMaterials/Substrate/GLints/dict_16_192_64_0p5_0p02_0008_0005.uasset" 4720
"../../../Engine/Content/EngineMaterials/Substrate/GLints/dict_16_192_64_0p5_0p02_0008_0006.uasset" 4721
"../../../Engine/Content/EngineMaterials/Substrate/GLints/dict_16_192_64_0p5_0p02_0007_0004.uasset" 4722
"/Engine/EngineMaterials/Substrate/GLints/dict_16_192_64_0p5_0p02_0006_0009" 4723
"/Engine/EngineMaterials/Substrate/GLints/dict_16_192_64_0p5_0p02_0006_0008" 4724
"/Engine/EngineMaterials/Substrate/GLints/dict_16_192_64_0p5_0p02_0006_0007" 4725
"/Engine/EngineMaterials/Substrate/GLints/dict_16_192_64_0p5_0p02_0006_0013" 4726
"/Engine/EngineMaterials/Substrate/GLints/dict_16_192_64_0p5_0p02_0006_0011" 4727
"/Engine/EngineMaterials/Substrate/GLints/dict_16_192_64_0p5_0p02_0006_0010" 4728
"../../../Engine/Content/EngineMaterials/Substrate/GLints/dict_16_192_64_0p5_0p02_0008_0008.uasset" 4729
"../../../Engine/Content/EngineMaterials/Substrate/GLints/dict_16_192_64_0p5_0p02_0008_0009.uasset" 4730
"../../../Engine/Content/EngineMaterials/Substrate/GLints/dict_16_192_64_0p5_0p02_0008_0010.uasset" 4731
"../../../Engine/Content/EngineMaterials/Substrate/GLints/dict_16_192_64_0p5_0p02_0008_0011.uasset" 4732
"../../../Engine/Content/EngineMaterials/Substrate/GLints/dict_16_192_64_0p5_0p02_0008_0012.uasset" 4733
"../../../Engine/Content/EngineMaterials/Substrate/GLints/dict_16_192_64_0p5_0p02_0008_0007.uasset" 4734
"/Engine/EngineMaterials/Substrate/GLints/dict_16_192_64_0p5_0p02_0008_0006" 4735
"/Engine/EngineMaterials/Substrate/GLints/dict_16_192_64_0p5_0p02_0008_0005" 4736
"/Engine/EngineMaterials/Substrate/GLints/dict_16_192_64_0p5_0p02_0008_0004" 4737
"/Engine/EngineMaterials/Substrate/GLints/dict_16_192_64_0p5_0p02_0008_0003" 4738
"/Engine/EngineMaterials/Substrate/GLints/dict_16_192_64_0p5_0p02_0008_0002" 4739
"/Engine/EngineMaterials/Substrate/GLints/dict_16_192_64_0p5_0p02_0008_0001" 4740
"/Engine/EngineMaterials/Substrate/GLints/dict_16_192_64_0p5_0p02_0008_0000" 4741
"/Engine/EngineMaterials/Substrate/GLints/dict_16_192_64_0p5_0p02_0007_0015" 4742
"/Engine/EngineMaterials/Substrate/GLints/dict_16_192_64_0p5_0p02_0007_0014" 4743
"/Engine/EngineMaterials/Substrate/GLints/dict_16_192_64_0p5_0p02_0007_0013" 4744
"/Engine/EngineMaterials/Substrate/GLints/dict_16_192_64_0p5_0p02_0007_0012" 4745
"/Engine/EngineMaterials/Substrate/GLints/dict_16_192_64_0p5_0p02_0007_0011" 4746
"/Engine/EngineMaterials/Substrate/GLints/dict_16_192_64_0p5_0p02_0007_0010" 4747
"/Engine/EngineMaterials/Substrate/GLints/dict_16_192_64_0p5_0p02_0007_0009" 4748
"/Engine/EngineMaterials/Substrate/GLints/dict_16_192_64_0p5_0p02_0007_0008" 4749
"/Engine/EngineMaterials/Substrate/GLints/dict_16_192_64_0p5_0p02_0007_0007" 4750
"/Engine/EngineMaterials/Substrate/GLints/dict_16_192_64_0p5_0p02_0007_0006" 4751
"/Engine/EngineMaterials/Substrate/GLints/dict_16_192_64_0p5_0p02_0007_0005" 4752
"/Engine/EngineMaterials/Substrate/GLints/dict_16_192_64_0p5_0p02_0007_0004" 4753
"/Engine/EngineMaterials/Substrate/GLints/dict_16_192_64_0p5_0p02_0007_0003" 4754
"/Engine/EngineMaterials/Substrate/GLints/dict_16_192_64_0p5_0p02_0007_0002" 4755
"/Engine/EngineMaterials/Substrate/GLints/dict_16_192_64_0p5_0p02_0007_0001" 4756
"/Engine/EngineMaterials/Substrate/GLints/dict_16_192_64_0p5_0p02_0007_0000" 4757
"/Engine/EngineMaterials/Substrate/GLints/dict_16_192_64_0p5_0p02_0006_0015" 4758
"/Engine/EngineMaterials/Substrate/GLints/dict_16_192_64_0p5_0p02_0006_0014" 4759
"/Engine/EngineMaterials/Substrate/GLints/dict_16_192_64_0p5_0p02_0006_0012" 4760
"/Engine/EngineMaterials/Substrate/GLints/dict_16_192_64_0p5_0p02_0008_0008" 4761
"../../../Engine/Content/EngineMaterials/Substrate/GLints/dict_16_192_64_0p5_0p02_0008_0015.uasset" 4762
"../../../Engine/Content/EngineMaterials/Substrate/GLints/dict_16_192_64_0p5_0p02_0008_0014.uasset" 4763
"../../../Engine/Content/EngineMaterials/Substrate/GLints/dict_16_192_64_0p5_0p02_0009_0001.uasset" 4764
"../../../Engine/Content/EngineMaterials/Substrate/GLints/dict_16_192_64_0p5_0p02_0009_0004.uasset" 4765
"../../../Engine/Content/EngineMaterials/Substrate/GLints/dict_16_192_64_0p5_0p02_0009_0003.uasset" 4766
"../../../Engine/Content/EngineMaterials/Substrate/GLints/dict_16_192_64_0p5_0p02_0009_0006.uasset" 4767
"../../../Engine/Content/EngineMaterials/Substrate/GLints/dict_16_192_64_0p5_0p02_0009_0007.uasset" 4768
"../../../Engine/Content/EngineMaterials/Substrate/GLints/dict_16_192_64_0p5_0p02_0009_0005.uasset" 4769
"../../../Engine/Content/EngineMaterials/Substrate/GLints/dict_16_192_64_0p5_0p02_0008_0013.uasset" 4770
"../../../Engine/Content/EngineMaterials/Substrate/GLints/dict_16_192_64_0p5_0p02_0009_0009.uasset" 4771
"../../../Engine/Content/EngineMaterials/Substrate/GLints/dict_16_192_64_0p5_0p02_0009_0008.uasset" 4772
"../../../Engine/Content/EngineMaterials/Substrate/GLints/dict_16_192_64_0p5_0p02_0009_0011.uasset" 4773
"../../../Engine/Content/EngineMaterials/Substrate/GLints/dict_16_192_64_0p5_0p02_0009_0010.uasset" 4774
"../../../Engine/Content/EngineMaterials/Substrate/GLints/dict_16_192_64_0p5_0p02_0009_0012.uasset" 4775
"../../../Engine/Content/EngineMaterials/Substrate/GLints/dict_16_192_64_0p5_0p02_0009_0014.uasset" 4776
"../../../Engine/Content/EngineMaterials/Substrate/GLints/dict_16_192_64_0p5_0p02_0010_0000.uasset" 4777
"../../../Engine/Content/EngineMaterials/Substrate/GLints/dict_16_192_64_0p5_0p02_0009_0015.uasset" 4778
"../../../Engine/Content/EngineMaterials/Substrate/GLints/dict_16_192_64_0p5_0p02_0010_0002.uasset" 4779
"../../../Engine/Content/EngineMaterials/Substrate/GLints/dict_16_192_64_0p5_0p02_0009_0000.uasset" 4780
"../../../Engine/Content/EngineMaterials/Substrate/GLints/dict_16_192_64_0p5_0p02_0010_0004.uasset" 4781
"../../../Engine/Content/EngineMaterials/Substrate/GLints/dict_16_192_64_0p5_0p02_0010_0003.uasset" 4782
"../../../Engine/Content/EngineMaterials/Substrate/GLints/dict_16_192_64_0p5_0p02_0010_0006.uasset" 4783
"../../../Engine/Content/EngineMaterials/Substrate/GLints/dict_16_192_64_0p5_0p02_0010_0005.uasset" 4784
"../../../Engine/Content/EngineMaterials/Substrate/GLints/dict_16_192_64_0p5_0p02_0010_0007.uasset" 4785
"../../../Engine/Content/EngineMaterials/Substrate/GLints/dict_16_192_64_0p5_0p02_0009_0013.uasset" 4786
"../../../Engine/Content/EngineMaterials/Substrate/GLints/dict_16_192_64_0p5_0p02_0010_0001.uasset" 4787
"../../../Engine/Content/EngineMaterials/Substrate/GLints/dict_16_192_64_0p5_0p02_0009_0002.uasset" 4788
"/Engine/EngineMaterials/Substrate/GLints/dict_16_192_64_0p5_0p02_0009_0006" 4789
"/Engine/EngineMaterials/Substrate/GLints/dict_16_192_64_0p5_0p02_0009_0005" 4790
"/Engine/EngineMaterials/Substrate/GLints/dict_16_192_64_0p5_0p02_0009_0004" 4791
"/Engine/EngineMaterials/Substrate/GLints/dict_16_192_64_0p5_0p02_0009_0003" 4792
"/Engine/EngineMaterials/Substrate/GLints/dict_16_192_64_0p5_0p02_0009_0001" 4793
"/Engine/EngineMaterials/Substrate/GLints/dict_16_192_64_0p5_0p02_0008_0015" 4794
"/Engine/EngineMaterials/Substrate/GLints/dict_16_192_64_0p5_0p02_0008_0012" 4795
"/Engine/EngineMaterials/Substrate/GLints/dict_16_192_64_0p5_0p02_0008_0011" 4796
"/Engine/EngineMaterials/Substrate/GLints/dict_16_192_64_0p5_0p02_0008_0010" 4797
"/Engine/EngineMaterials/Substrate/GLints/dict_16_192_64_0p5_0p02_0008_0009" 4798
"/Engine/EngineMaterials/Substrate/GLints/dict_16_192_64_0p5_0p02_0008_0014" 4799
"/Engine/EngineMaterials/Substrate/GLints/dict_16_192_64_0p5_0p02_0008_0013" 4800
"/Engine/EngineMaterials/Substrate/GLints/dict_16_192_64_0p5_0p02_0008_0007" 4801
"../../../Engine/Content/EngineMaterials/Substrate/GLints/dict_16_192_64_0p5_0p02_0010_0009.uasset" 4802
"../../../Engine/Content/EngineMaterials/Substrate/GLints/dict_16_192_64_0p5_0p02_0010_0010.uasset" 4803
"../../../Engine/Content/EngineMaterials/Substrate/GLints/dict_16_192_64_0p5_0p02_0010_0012.uasset" 4804
"../../../Engine/Content/EngineMaterials/Substrate/GLints/dict_16_192_64_0p5_0p02_0010_0013.uasset" 4805
"../../../Engine/Content/EngineMaterials/Substrate/GLints/dict_16_192_64_0p5_0p02_0010_0014.uasset" 4806
"../../../Engine/Content/EngineMaterials/Substrate/GLints/dict_16_192_64_0p5_0p02_0010_0015.uasset" 4807
"../../../Engine/Content/EngineMaterials/Substrate/GLints/dict_16_192_64_0p5_0p02_0010_0008.uasset" 4808
"../../../Engine/Content/EngineMaterials/Substrate/GLints/dict_16_192_64_0p5_0p02_0011_0002.uasset" 4809
"../../../Engine/Content/EngineMaterials/Substrate/GLints/dict_16_192_64_0p5_0p02_0010_0011.uasset" 4810
"../../../Engine/Content/EngineMaterials/Substrate/GLints/dict_16_192_64_0p5_0p02_0011_0004.uasset" 4811
"../../../Engine/Content/EngineMaterials/Substrate/GLints/dict_16_192_64_0p5_0p02_0011_0001.uasset" 4812
"../../../Engine/Content/EngineMaterials/Substrate/GLints/dict_16_192_64_0p5_0p02_0011_0000.uasset" 4813
"../../../Engine/Content/EngineMaterials/Substrate/GLints/dict_16_192_64_0p5_0p02_0011_0003.uasset" 4814
"/Engine/EngineMaterials/Substrate/GLints/dict_16_192_64_0p5_0p02_0010_0007" 4815
"/Engine/EngineMaterials/Substrate/GLints/dict_16_192_64_0p5_0p02_0010_0006" 4816
"/Engine/EngineMaterials/Substrate/GLints/dict_16_192_64_0p5_0p02_0010_0005" 4817
"/Engine/EngineMaterials/Substrate/GLints/dict_16_192_64_0p5_0p02_0010_0004" 4818
"/Engine/EngineMaterials/Substrate/GLints/dict_16_192_64_0p5_0p02_0010_0003" 4819
"/Engine/EngineMaterials/Substrate/GLints/dict_16_192_64_0p5_0p02_0010_0002" 4820
"/Engine/EngineMaterials/Substrate/GLints/dict_16_192_64_0p5_0p02_0010_0001" 4821
"/Engine/EngineMaterials/Substrate/GLints/dict_16_192_64_0p5_0p02_0010_0000" 4822
"/Engine/EngineMaterials/Substrate/GLints/dict_16_192_64_0p5_0p02_0009_0015" 4823
"/Engine/EngineMaterials/Substrate/GLints/dict_16_192_64_0p5_0p02_0009_0014" 4824
"/Engine/EngineMaterials/Substrate/GLints/dict_16_192_64_0p5_0p02_0009_0013" 4825
"/Engine/EngineMaterials/Substrate/GLints/dict_16_192_64_0p5_0p02_0009_0012" 4826
"/Engine/EngineMaterials/Substrate/GLints/dict_16_192_64_0p5_0p02_0009_0011" 4827
"/Engine/EngineMaterials/Substrate/GLints/dict_16_192_64_0p5_0p02_0009_0010" 4828
"/Engine/EngineMaterials/Substrate/GLints/dict_16_192_64_0p5_0p02_0009_0009" 4829
"/Engine/EngineMaterials/Substrate/GLints/dict_16_192_64_0p5_0p02_0009_0008" 4830
"/Engine/EngineMaterials/Substrate/GLints/dict_16_192_64_0p5_0p02_0009_0007" 4831
"/Engine/EngineMaterials/Substrate/GLints/dict_16_192_64_0p5_0p02_0009_0002" 4832
"/Engine/EngineMaterials/Substrate/GLints/dict_16_192_64_0p5_0p02_0009_0000" 4833
"/Engine/EngineMaterials/Substrate/GLints/dict_16_192_64_0p5_0p02_0010_0014" 4834
"/Engine/EngineMaterials/Substrate/GLints/dict_16_192_64_0p5_0p02_0010_0013" 4835
"/Engine/EngineMaterials/Substrate/GLints/dict_16_192_64_0p5_0p02_0010_0012" 4836
"/Engine/EngineMaterials/Substrate/GLints/dict_16_192_64_0p5_0p02_0010_0010" 4837
"/Engine/EngineMaterials/Substrate/GLints/dict_16_192_64_0p5_0p02_0010_0009" 4838
"../../../Engine/Content/EngineMaterials/Substrate/GLints/dict_16_192_64_0p5_0p02_0011_0005.uasset" 4839
"../../../Engine/Content/EngineMaterials/Substrate/GLints/dict_16_192_64_0p5_0p02_0011_0008.uasset" 4840
"../../../Engine/Content/EngineMaterials/Substrate/GLints/dict_16_192_64_0p5_0p02_0011_0009.uasset" 4841
"../../../Engine/Content/EngineMaterials/Substrate/GLints/dict_16_192_64_0p5_0p02_0011_0010.uasset" 4842
"../../../Engine/Content/EngineMaterials/Substrate/GLints/dict_16_192_64_0p5_0p02_0011_0012.uasset" 4843
"../../../Engine/Content/EngineMaterials/Substrate/GLints/dict_16_192_64_0p5_0p02_0011_0011.uasset" 4844
"../../../Engine/Content/EngineMaterials/Substrate/GLints/dict_16_192_64_0p5_0p02_0011_0006.uasset" 4845
"../../../Engine/Content/EngineMaterials/Substrate/GLints/dict_16_192_64_0p5_0p02_0011_0013.uasset" 4846
"../../../Engine/Content/EngineMaterials/Substrate/GLints/dict_16_192_64_0p5_0p02_0011_0014.uasset" 4847
"../../../Engine/Content/EngineMaterials/Substrate/GLints/dict_16_192_64_0p5_0p02_0011_0015.uasset" 4848
"../../../Engine/Content/EngineMaterials/Substrate/GLints/dict_16_192_64_0p5_0p02_0012_0000.uasset" 4849
"../../../Engine/Content/EngineMaterials/Substrate/GLints/dict_16_192_64_0p5_0p02_0012_0002.uasset" 4850
"/Engine/EngineMaterials/Substrate/GLints/dict_16_192_64_0p5_0p02_0011_0004" 4851
"../../../Engine/Content/EngineMaterials/Substrate/GLints/dict_16_192_64_0p5_0p02_0012_0001.uasset" 4852
"../../../Engine/Content/EngineMaterials/Substrate/GLints/dict_16_192_64_0p5_0p02_0012_0004.uasset" 4853
"../../../Engine/Content/EngineMaterials/Substrate/GLints/dict_16_192_64_0p5_0p02_0012_0005.uasset" 4854
"../../../Engine/Content/EngineMaterials/Substrate/GLints/dict_16_192_64_0p5_0p02_0012_0006.uasset" 4855
"../../../Engine/Content/EngineMaterials/Substrate/GLints/dict_16_192_64_0p5_0p02_0012_0007.uasset" 4856
"../../../Engine/Content/EngineMaterials/Substrate/GLints/dict_16_192_64_0p5_0p02_0012_0008.uasset" 4857
"../../../Engine/Content/EngineMaterials/Substrate/GLints/dict_16_192_64_0p5_0p02_0012_0011.uasset" 4858
"../../../Engine/Content/EngineMaterials/Substrate/GLints/dict_16_192_64_0p5_0p02_0012_0009.uasset" 4859
"../../../Engine/Content/EngineMaterials/Substrate/GLints/dict_16_192_64_0p5_0p02_0011_0007.uasset" 4860
"../../../Engine/Content/EngineMaterials/Substrate/GLints/dict_16_192_64_0p5_0p02_0012_0010.uasset" 4861
"../../../Engine/Content/EngineMaterials/Substrate/GLints/dict_16_192_64_0p5_0p02_0012_0012.uasset" 4862
"../../../Engine/Content/EngineMaterials/Substrate/GLints/dict_16_192_64_0p5_0p02_0012_0003.uasset" 4863
"/Engine/EngineMaterials/Substrate/GLints/dict_16_192_64_0p5_0p02_0011_0003" 4864
"/Engine/EngineMaterials/Substrate/GLints/dict_16_192_64_0p5_0p02_0011_0002" 4865
"/Engine/EngineMaterials/Substrate/GLints/dict_16_192_64_0p5_0p02_0011_0001" 4866
"/Engine/EngineMaterials/Substrate/GLints/dict_16_192_64_0p5_0p02_0011_0000" 4867
"/Engine/EngineMaterials/Substrate/GLints/dict_16_192_64_0p5_0p02_0011_0010" 4868
"/Engine/EngineMaterials/Substrate/GLints/dict_16_192_64_0p5_0p02_0010_0015" 4869
"/Engine/EngineMaterials/Substrate/GLints/dict_16_192_64_0p5_0p02_0011_0009" 4870
"/Engine/EngineMaterials/Substrate/GLints/dict_16_192_64_0p5_0p02_0011_0008" 4871
"/Engine/EngineMaterials/Substrate/GLints/dict_16_192_64_0p5_0p02_0010_0011" 4872
"/Engine/EngineMaterials/Substrate/GLints/dict_16_192_64_0p5_0p02_0011_0005" 4873
"/Engine/EngineMaterials/Substrate/GLints/dict_16_192_64_0p5_0p02_0010_0008" 4874
"/Engine/EngineMaterials/Substrate/GLints/dict_16_192_64_0p5_0p02_0012_0012" 4875
"../../../Engine/Content/EngineMaterials/Substrate/GLints/dict_16_192_64_0p5_0p02_0012_0013.uasset" 4876
"../../../Engine/Content/EngineMaterials/Substrate/GLints/dict_16_192_64_0p5_0p02_0012_0014.uasset" 4877
"../../../Engine/Content/EngineMaterials/Substrate/GLints/dict_16_192_64_0p5_0p02_0012_0015.uasset" 4878
"../../../Engine/Content/EngineMaterials/Substrate/GLints/dict_16_192_64_0p5_0p02_0013_0000.uasset" 4879
"../../../Engine/Content/EngineMaterials/Substrate/GLints/dict_16_192_64_0p5_0p02_0013_0001.uasset" 4880
"/Engine/EngineMaterials/Substrate/GLints/dict_16_192_64_0p5_0p02_0012_0011" 4881
"../../../Engine/Content/EngineMaterials/Substrate/GLints/dict_16_192_64_0p5_0p02_0013_0002.uasset" 4882
"../../../Engine/Content/EngineMaterials/Substrate/GLints/dict_16_192_64_0p5_0p02_0013_0004.uasset" 4883
"../../../Engine/Content/EngineMaterials/Substrate/GLints/dict_16_192_64_0p5_0p02_0013_0005.uasset" 4884
"../../../Engine/Content/EngineMaterials/Substrate/GLints/dict_16_192_64_0p5_0p02_0013_0006.uasset" 4885
"../../../Engine/Content/EngineMaterials/Substrate/GLints/dict_16_192_64_0p5_0p02_0013_0007.uasset" 4886
"../../../Engine/Content/EngineMaterials/Substrate/GLints/dict_16_192_64_0p5_0p02_0013_0008.uasset" 4887
"../../../Engine/Content/EngineMaterials/Substrate/GLints/dict_16_192_64_0p5_0p02_0013_0003.uasset" 4888
"/Engine/EngineMaterials/Substrate/GLints/dict_16_192_64_0p5_0p02_0012_0010" 4889
"/Engine/EngineMaterials/Substrate/GLints/dict_16_192_64_0p5_0p02_0012_0009" 4890
"/Engine/EngineMaterials/Substrate/GLints/dict_16_192_64_0p5_0p02_0012_0008" 4891
"/Engine/EngineMaterials/Substrate/GLints/dict_16_192_64_0p5_0p02_0012_0007" 4892
"/Engine/EngineMaterials/Substrate/GLints/dict_16_192_64_0p5_0p02_0012_0006" 4893
"/Engine/EngineMaterials/Substrate/GLints/dict_16_192_64_0p5_0p02_0012_0005" 4894
"/Engine/EngineMaterials/Substrate/GLints/dict_16_192_64_0p5_0p02_0012_0004" 4895
"/Engine/EngineMaterials/Substrate/GLints/dict_16_192_64_0p5_0p02_0012_0003" 4896
"/Engine/EngineMaterials/Substrate/GLints/dict_16_192_64_0p5_0p02_0012_0002" 4897
"/Engine/EngineMaterials/Substrate/GLints/dict_16_192_64_0p5_0p02_0012_0001" 4898
"/Engine/EngineMaterials/Substrate/GLints/dict_16_192_64_0p5_0p02_0012_0000" 4899
"/Engine/EngineMaterials/Substrate/GLints/dict_16_192_64_0p5_0p02_0011_0015" 4900
"/Engine/EngineMaterials/Substrate/GLints/dict_16_192_64_0p5_0p02_0011_0014" 4901
"/Engine/EngineMaterials/Substrate/GLints/dict_16_192_64_0p5_0p02_0011_0013" 4902
"/Engine/EngineMaterials/Substrate/GLints/dict_16_192_64_0p5_0p02_0011_0012" 4903
"/Engine/EngineMaterials/Substrate/GLints/dict_16_192_64_0p5_0p02_0011_0011" 4904
"/Engine/EngineMaterials/Substrate/GLints/dict_16_192_64_0p5_0p02_0011_0007" 4905
"/Engine/EngineMaterials/Substrate/GLints/dict_16_192_64_0p5_0p02_0011_0006" 4906
"../../../Engine/Content/EngineMaterials/Substrate/GLints/dict_16_192_64_0p5_0p02_0013_0009.uasset" 4907
"../../../Engine/Content/EngineMaterials/Substrate/GLints/dict_16_192_64_0p5_0p02_0013_0011.uasset" 4908
"../../../Engine/Content/EngineMaterials/Substrate/GLints/dict_16_192_64_0p5_0p02_0013_0012.uasset" 4909
"../../../Engine/Content/EngineMaterials/Substrate/GLints/dict_16_192_64_0p5_0p02_0013_0014.uasset" 4910
"../../../Engine/Content/EngineMaterials/Substrate/GLints/dict_16_192_64_0p5_0p02_0013_0013.uasset" 4911
"../../../Engine/Content/EngineMaterials/Substrate/GLints/dict_16_192_64_0p5_0p02_0013_0015.uasset" 4912
"/Engine/EngineMaterials/Substrate/GLints/dict_16_192_64_0p5_0p02_0013_0008" 4913
"../../../Engine/Content/EngineMaterials/Substrate/GLints/dict_16_192_64_0p5_0p02_0014_0001.uasset" 4914
"../../../Engine/Content/EngineMaterials/Substrate/GLints/dict_16_192_64_0p5_0p02_0014_0002.uasset" 4915
"../../../Engine/Content/EngineMaterials/Substrate/GLints/dict_16_192_64_0p5_0p02_0014_0003.uasset" 4916
"../../../Engine/Content/EngineMaterials/Substrate/GLints/dict_16_192_64_0p5_0p02_0014_0004.uasset" 4917
"../../../Engine/Content/EngineMaterials/Substrate/GLints/dict_16_192_64_0p5_0p02_0013_0010.uasset" 4918
"../../../Engine/Content/EngineMaterials/Substrate/GLints/dict_16_192_64_0p5_0p02_0014_0005.uasset" 4919
"../../../Engine/Content/EngineMaterials/Substrate/GLints/dict_16_192_64_0p5_0p02_0014_0006.uasset" 4920
"../../../Engine/Content/EngineMaterials/Substrate/GLints/dict_16_192_64_0p5_0p02_0014_0007.uasset" 4921
"../../../Engine/Content/EngineMaterials/Substrate/GLints/dict_16_192_64_0p5_0p02_0014_0008.uasset" 4922
"../../../Engine/Content/EngineMaterials/Substrate/GLints/dict_16_192_64_0p5_0p02_0014_0010.uasset" 4923
"../../../Engine/Content/EngineMaterials/Substrate/GLints/dict_16_192_64_0p5_0p02_0014_0009.uasset" 4924
"../../../Engine/Content/EngineMaterials/Substrate/GLints/dict_16_192_64_0p5_0p02_0014_0011.uasset" 4925
"../../../Engine/Content/EngineMaterials/Substrate/GLints/dict_16_192_64_0p5_0p02_0014_0012.uasset" 4926
"../../../Engine/Content/EngineMaterials/Substrate/GLints/dict_16_192_64_0p5_0p02_0014_0000.uasset" 4927
"/Engine/EngineMaterials/Substrate/GLints/dict_16_192_64_0p5_0p02_0013_0007" 4928
"/Engine/EngineMaterials/Substrate/GLints/dict_16_192_64_0p5_0p02_0013_0006" 4929
"/Engine/EngineMaterials/Substrate/GLints/dict_16_192_64_0p5_0p02_0013_0005" 4930
"/Engine/EngineMaterials/Substrate/GLints/dict_16_192_64_0p5_0p02_0013_0011" 4931
"/Engine/EngineMaterials/Substrate/GLints/dict_16_192_64_0p5_0p02_0013_0004" 4932
"/Engine/EngineMaterials/Substrate/GLints/dict_16_192_64_0p5_0p02_0013_0003" 4933
"/Engine/EngineMaterials/Substrate/GLints/dict_16_192_64_0p5_0p02_0013_0002" 4934
"/Engine/EngineMaterials/Substrate/GLints/dict_16_192_64_0p5_0p02_0013_0001" 4935
"/Engine/EngineMaterials/Substrate/GLints/dict_16_192_64_0p5_0p02_0013_0000" 4936
"/Engine/EngineMaterials/Substrate/GLints/dict_16_192_64_0p5_0p02_0012_0015" 4937
"/Engine/EngineMaterials/Substrate/GLints/dict_16_192_64_0p5_0p02_0013_0009" 4938
"/Engine/EngineMaterials/Substrate/GLints/dict_16_192_64_0p5_0p02_0012_0014" 4939
"/Engine/EngineMaterials/Substrate/GLints/dict_16_192_64_0p5_0p02_0012_0013" 4940
"../../../Engine/Content/EngineMaterials/Substrate/GLints/dict_16_192_64_0p5_0p02_0014_0014.uasset" 4941
"../../../Engine/Content/EngineMaterials/Substrate/GLints/dict_16_192_64_0p5_0p02_0014_0013.uasset" 4942
"../../../Engine/Content/EngineMaterials/Substrate/GLints/dict_16_192_64_0p5_0p02_0015_0000.uasset" 4943
"../../../Engine/Content/EngineMaterials/Substrate/GLints/dict_16_192_64_0p5_0p02_0014_0015.uasset" 4944
"../../../Engine/Content/EngineMaterials/Substrate/GLints/dict_16_192_64_0p5_0p02_0015_0001.uasset" 4945
"../../../Engine/Content/EngineMaterials/Substrate/GLints/dict_16_192_64_0p5_0p02_0015_0002.uasset" 4946
"/Engine/EngineMaterials/Substrate/GLints/dict_16_192_64_0p5_0p02_0014_0012" 4947
"../../../Engine/Content/EngineMaterials/Substrate/GLints/dict_16_192_64_0p5_0p02_0015_0003.uasset" 4948
"../../../Engine/Content/EngineMaterials/Substrate/GLints/dict_16_192_64_0p5_0p02_0015_0005.uasset" 4949
"../../../Engine/Content/EngineMaterials/Substrate/GLints/dict_16_192_64_0p5_0p02_0015_0006.uasset" 4950
"../../../Engine/Content/EngineMaterials/Substrate/GLints/dict_16_192_64_0p5_0p02_0015_0007.uasset" 4951
"../../../Engine/Content/EngineMaterials/Substrate/GLints/dict_16_192_64_0p5_0p02_0015_0008.uasset" 4952
"../../../Engine/Content/EngineMaterials/Substrate/GLints/dict_16_192_64_0p5_0p02_0015_0009.uasset" 4953
"../../../Engine/Content/EngineMaterials/Substrate/GLints/dict_16_192_64_0p5_0p02_0015_0010.uasset" 4954
"../../../Engine/Content/EngineMaterials/Substrate/GLints/dict_16_192_64_0p5_0p02_0015_0004.uasset" 4955
"/Engine/EngineMaterials/Substrate/GLints/dict_16_192_64_0p5_0p02_0014_0011" 4956
"/Engine/EngineMaterials/Substrate/GLints/dict_16_192_64_0p5_0p02_0014_0010" 4957
"/Engine/EngineMaterials/Substrate/GLints/dict_16_192_64_0p5_0p02_0014_0009" 4958
"/Engine/EngineMaterials/Substrate/GLints/dict_16_192_64_0p5_0p02_0014_0008" 4959
"/Engine/EngineMaterials/Substrate/GLints/dict_16_192_64_0p5_0p02_0014_0007" 4960
"/Engine/EngineMaterials/Substrate/GLints/dict_16_192_64_0p5_0p02_0014_0006" 4961
"/Engine/EngineMaterials/Substrate/GLints/dict_16_192_64_0p5_0p02_0014_0005" 4962
"/Engine/EngineMaterials/Substrate/GLints/dict_16_192_64_0p5_0p02_0014_0004" 4963
"/Engine/EngineMaterials/Substrate/GLints/dict_16_192_64_0p5_0p02_0014_0003" 4964
"/Engine/EngineMaterials/Substrate/GLints/dict_16_192_64_0p5_0p02_0014_0002" 4965
"/Engine/EngineMaterials/Substrate/GLints/dict_16_192_64_0p5_0p02_0014_0001" 4966
"/Engine/EngineMaterials/Substrate/GLints/dict_16_192_64_0p5_0p02_0014_0000" 4967
"/Engine/EngineMaterials/Substrate/GLints/dict_16_192_64_0p5_0p02_0013_0015" 4968
"/Engine/EngineMaterials/Substrate/GLints/dict_16_192_64_0p5_0p02_0013_0014" 4969
"/Engine/EngineMaterials/Substrate/GLints/dict_16_192_64_0p5_0p02_0013_0013" 4970
"/Engine/EngineMaterials/Substrate/GLints/dict_16_192_64_0p5_0p02_0013_0012" 4971
"/Engine/EngineMaterials/Substrate/GLints/dict_16_192_64_0p5_0p02_0013_0010" 4972
"/Engine/EngineMaterials/Substrate/GLints/dict_16_192_64_0p5_0p02_0015_0000" 4973
"/Engine/EngineMaterials/Substrate/GLints/dict_16_192_64_0p5_0p02_0014_0015" 4974
"/Engine/EngineMaterials/Substrate/GLints/dict_16_192_64_0p5_0p02_0014_0014" 4975
"/Engine/EngineMaterials/Substrate/GLints/dict_16_192_64_0p5_0p02_0014_0013" 4976
"/Engine/EngineMaterials/Substrate/GLints/dict_16_192_64_0p5_0p02_0015_0010" 4977
"../../../Engine/Content/EngineMaterials/Substrate/GLints/dict_16_192_64_0p5_0p02_0015_0013.uasset" 4978
"../../../Engine/Content/EngineMaterials/Substrate/GLints/dict_16_192_64_0p5_0p02_0015_0014.uasset" 4979
"../../../Engine/Content/EngineMaterials/Substrate/GLints/dict_16_192_64_0p5_0p02_0015_0011.uasset" 4980
"../../../Engine/Content/EngineMaterials/Substrate/GLints/dict_16_192_64_0p5_0p02_0015_0015.uasset" 4981
"../../../Engine/Content/EngineMaterials/Substrate/GLints/dict_16_192_64_0p5_0p02_0016_0001.uasset" 4982
"../../../Engine/Content/EngineMaterials/Substrate/GLints/dict_16_192_64_0p5_0p02_0015_0012.uasset" 4983
"../../../Engine/Content/EngineMaterials/Substrate/GLints/dict_16_192_64_0p5_0p02_0016_0002.uasset" 4984
"../../../Engine/Content/EngineMaterials/Substrate/GLints/dict_16_192_64_0p5_0p02_0016_0003.uasset" 4985
"../../../Engine/Content/EngineMaterials/Substrate/GLints/dict_16_192_64_0p5_0p02_0016_0005.uasset" 4986
"../../../Engine/Content/EngineMaterials/Substrate/GLints/dict_16_192_64_0p5_0p02_0016_0009.uasset" 4987
"../../../Engine/Content/EngineMaterials/Substrate/GLints/dict_16_192_64_0p5_0p02_0016_0010.uasset" 4988
"/Engine/EngineMaterials/Substrate/GLints/dict_16_192_64_0p5_0p02_0015_0009" 4989
"../../../Engine/Content/EngineMaterials/Substrate/GLints/dict_16_192_64_0p5_0p02_0016_0000.uasset" 4990
"../../../Engine/Content/EngineMaterials/Substrate/GLints/dict_16_192_64_0p5_0p02_0016_0006.uasset" 4991
"../../../Engine/Content/EngineMaterials/Substrate/GLints/dict_16_192_64_0p5_0p02_0016_0007.uasset" 4992
"../../../Engine/Content/EngineMaterials/Substrate/GLints/dict_16_192_64_0p5_0p02_0016_0008.uasset" 4993
"../../../Engine/Content/EngineMaterials/Substrate/GLints/dict_16_192_64_0p5_0p02_0016_0014.uasset" 4994
"../../../Engine/Content/EngineMaterials/Substrate/GLints/dict_16_192_64_0p5_0p02_0017_0000.uasset" 4995
"../../../Engine/Content/EngineMaterials/Substrate/GLints/dict_16_192_64_0p5_0p02_0016_0015.uasset" 4996
"../../../Engine/Content/EngineMaterials/Substrate/GLints/dict_16_192_64_0p5_0p02_0016_0004.uasset" 4997
"/Engine/EngineMaterials/Substrate/GLints/dict_16_192_64_0p5_0p02_0015_0008" 4998
"../../../Engine/Content/EngineMaterials/Substrate/GLints/dict_16_192_64_0p5_0p02_0016_0011.uasset" 4999
"../../../Engine/Content/EngineMaterials/Substrate/GLints/dict_16_192_64_0p5_0p02_0016_0012.uasset" 5000
"../../../Engine/Content/EngineMaterials/Substrate/GLints/dict_16_192_64_0p5_0p02_0016_0013.uasset" 5001
"/Engine/EngineMaterials/Substrate/GLints/dict_16_192_64_0p5_0p02_0015_0007" 5002
"/Engine/EngineMaterials/Substrate/GLints/dict_16_192_64_0p5_0p02_0015_0006" 5003
"/Engine/EngineMaterials/Substrate/GLints/dict_16_192_64_0p5_0p02_0015_0005" 5004
"/Engine/EngineMaterials/Substrate/GLints/dict_16_192_64_0p5_0p02_0015_0004" 5005
"/Engine/EngineMaterials/Substrate/GLints/dict_16_192_64_0p5_0p02_0015_0003" 5006
"/Engine/EngineMaterials/Substrate/GLints/dict_16_192_64_0p5_0p02_0015_0002" 5007
"/Engine/EngineMaterials/Substrate/GLints/dict_16_192_64_0p5_0p02_0015_0001" 5008
"../../../Engine/Content/EngineMaterials/Substrate/GLints/dict_16_192_64_0p5_0p02_0017_0001.uasset" 5009
"../../../Engine/Content/EngineMaterials/Substrate/GLints/dict_16_192_64_0p5_0p02_0017_0004.uasset" 5010
"../../../Engine/Content/EngineMaterials/Substrate/GLints/dict_16_192_64_0p5_0p02_0017_0005.uasset" 5011
"../../../Engine/Content/EngineMaterials/Substrate/GLints/dict_16_192_64_0p5_0p02_0017_0007.uasset" 5012
"../../../Engine/Content/EngineMaterials/Substrate/GLints/dict_16_192_64_0p5_0p02_0017_0008.uasset" 5013
"../../../Engine/Content/EngineMaterials/Substrate/GLints/dict_16_192_64_0p5_0p02_0017_0010.uasset" 5014
"../../../Engine/Content/EngineMaterials/Substrate/GLints/dict_16_192_64_0p5_0p02_0017_0009.uasset" 5015
"../../../Engine/Content/EngineMaterials/Substrate/GLints/dict_16_192_64_0p5_0p02_0017_0006.uasset" 5016
"../../../Engine/Content/EngineMaterials/Substrate/GLints/dict_16_192_64_0p5_0p02_0017_0002.uasset" 5017
"../../../Engine/Content/EngineMaterials/Substrate/GLints/dict_16_192_64_0p5_0p02_0017_0003.uasset" 5018
"/Engine/EngineMaterials/Substrate/GLints/dict_16_192_64_0p5_0p02_0017_0000" 5019
"/Engine/EngineMaterials/Substrate/GLints/dict_16_192_64_0p5_0p02_0016_0015" 5020
"/Engine/EngineMaterials/Substrate/GLints/dict_16_192_64_0p5_0p02_0016_0014" 5021
"/Engine/EngineMaterials/Substrate/GLints/dict_16_192_64_0p5_0p02_0016_0013" 5022
"/Engine/EngineMaterials/Substrate/GLints/dict_16_192_64_0p5_0p02_0016_0012" 5023
"/Engine/EngineMaterials/Substrate/GLints/dict_16_192_64_0p5_0p02_0016_0011" 5024
"/Engine/EngineMaterials/Substrate/GLints/dict_16_192_64_0p5_0p02_0016_0010" 5025
"/Engine/EngineMaterials/Substrate/GLints/dict_16_192_64_0p5_0p02_0016_0009" 5026
"/Engine/EngineMaterials/Substrate/GLints/dict_16_192_64_0p5_0p02_0016_0008" 5027
"/Engine/EngineMaterials/Substrate/GLints/dict_16_192_64_0p5_0p02_0016_0007" 5028
"/Engine/EngineMaterials/Substrate/GLints/dict_16_192_64_0p5_0p02_0016_0006" 5029
"/Engine/EngineMaterials/Substrate/GLints/dict_16_192_64_0p5_0p02_0016_0005" 5030
"/Engine/EngineMaterials/Substrate/GLints/dict_16_192_64_0p5_0p02_0016_0004" 5031
"/Engine/EngineMaterials/Substrate/GLints/dict_16_192_64_0p5_0p02_0016_0003" 5032
"/Engine/EngineMaterials/Substrate/GLints/dict_16_192_64_0p5_0p02_0016_0002" 5033
"/Engine/EngineMaterials/Substrate/GLints/dict_16_192_64_0p5_0p02_0016_0001" 5034
"/Engine/EngineMaterials/Substrate/GLints/dict_16_192_64_0p5_0p02_0016_0000" 5035
"/Engine/EngineMaterials/Substrate/GLints/dict_16_192_64_0p5_0p02_0017_0008" 5036
"/Engine/EngineMaterials/Substrate/GLints/dict_16_192_64_0p5_0p02_0017_0007" 5037
"/Engine/EngineMaterials/Substrate/GLints/dict_16_192_64_0p5_0p02_0017_0005" 5038
"/Engine/EngineMaterials/Substrate/GLints/dict_16_192_64_0p5_0p02_0017_0004" 5039
"/Engine/EngineMaterials/Substrate/GLints/dict_16_192_64_0p5_0p02_0017_0001" 5040
"/Engine/EngineMaterials/Substrate/GLints/dict_16_192_64_0p5_0p02_0015_0015" 5041
"/Engine/EngineMaterials/Substrate/GLints/dict_16_192_64_0p5_0p02_0015_0014" 5042
"/Engine/EngineMaterials/Substrate/GLints/dict_16_192_64_0p5_0p02_0015_0013" 5043
"/Engine/EngineMaterials/Substrate/GLints/dict_16_192_64_0p5_0p02_0015_0012" 5044
"/Engine/EngineMaterials/Substrate/GLints/dict_16_192_64_0p5_0p02_0015_0011" 5045
"../../../Engine/Content/EngineMaterials/Substrate/GLints/dict_16_192_64_0p5_0p02_0017_0011.uasset" 5046
"../../../Engine/Content/EngineMaterials/Substrate/GLints/dict_16_192_64_0p5_0p02_0017_0012.uasset" 5047
"../../../Engine/Content/EngineMaterials/Substrate/GLints/dict_16_192_64_0p5_0p02_0017_0014.uasset" 5048
"../../../Engine/Content/EngineMaterials/Substrate/GLints/dict_16_192_64_0p5_0p02_0017_0015.uasset" 5049
"../../../Engine/Content/EngineMaterials/Substrate/GLints/dict_16_192_64_0p5_0p02_0017_0013.uasset" 5050
"../../../Engine/Content/EngineMaterials/Substrate/GLints/dict_16_192_64_0p5_0p02_0018_0001.uasset" 5051
"../../../Engine/Content/EngineMaterials/Substrate/GLints/dict_16_192_64_0p5_0p02_0018_0003.uasset" 5052
"../../../Engine/Content/EngineMaterials/Substrate/GLints/dict_16_192_64_0p5_0p02_0018_0002.uasset" 5053
"../../../Engine/Content/EngineMaterials/Substrate/GLints/dict_16_192_64_0p5_0p02_0018_0004.uasset" 5054
"../../../Engine/Content/EngineMaterials/Substrate/GLints/dict_16_192_64_0p5_0p02_0018_0005.uasset" 5055
"../../../Engine/Content/EngineMaterials/Substrate/GLints/dict_16_192_64_0p5_0p02_0018_0006.uasset" 5056
"../../../Engine/Content/EngineMaterials/Substrate/GLints/dict_16_192_64_0p5_0p02_0018_0007.uasset" 5057
"../../../Engine/Content/EngineMaterials/Substrate/GLints/dict_16_192_64_0p5_0p02_0018_0008.uasset" 5058
"../../../Engine/Content/EngineMaterials/Substrate/GLints/dict_16_192_64_0p5_0p02_0018_0009.uasset" 5059
"../../../Engine/Content/EngineMaterials/Substrate/GLints/dict_16_192_64_0p5_0p02_0018_0011.uasset" 5060
"../../../Engine/Content/EngineMaterials/Substrate/GLints/dict_16_192_64_0p5_0p02_0018_0010.uasset" 5061
"/Engine/EngineMaterials/Substrate/GLints/dict_16_192_64_0p5_0p02_0017_0010" 5062
"../../../Engine/Content/EngineMaterials/Substrate/GLints/dict_16_192_64_0p5_0p02_0018_0013.uasset" 5063
"../../../Engine/Content/EngineMaterials/Substrate/GLints/dict_16_192_64_0p5_0p02_0018_0014.uasset" 5064
"../../../Engine/Content/EngineMaterials/Substrate/GLints/dict_16_192_64_0p5_0p02_0018_0015.uasset" 5065
"../../../Engine/Content/EngineMaterials/Substrate/GLints/dict_16_192_64_0p5_0p02_0019_0000.uasset" 5066
"../../../Engine/Content/EngineMaterials/Substrate/GLints/dict_16_192_64_0p5_0p02_0019_0001.uasset" 5067
"../../../Engine/Content/EngineMaterials/Substrate/GLints/dict_16_192_64_0p5_0p02_0019_0002.uasset" 5068
"../../../Engine/Content/EngineMaterials/Substrate/GLints/dict_16_192_64_0p5_0p02_0019_0004.uasset" 5069
"../../../Engine/Content/EngineMaterials/Substrate/GLints/dict_16_192_64_0p5_0p02_0019_0005.uasset" 5070
"../../../Engine/Content/EngineMaterials/Substrate/GLints/dict_16_192_64_0p5_0p02_0018_0000.uasset" 5071
"../../../Engine/Content/EngineMaterials/Substrate/GLints/dict_16_192_64_0p5_0p02_0019_0003.uasset" 5072
"../../../Engine/Content/EngineMaterials/Substrate/GLints/dict_16_192_64_0p5_0p02_0018_0012.uasset" 5073
"/Engine/EngineMaterials/Substrate/GLints/dict_16_192_64_0p5_0p02_0017_0009" 5074
"/Engine/EngineMaterials/Substrate/GLints/dict_16_192_64_0p5_0p02_0017_0006" 5075
"/Engine/EngineMaterials/Substrate/GLints/dict_16_192_64_0p5_0p02_0018_0001" 5076
"/Engine/EngineMaterials/Substrate/GLints/dict_16_192_64_0p5_0p02_0017_0003" 5077
"/Engine/EngineMaterials/Substrate/GLints/dict_16_192_64_0p5_0p02_0017_0002" 5078
"/Engine/EngineMaterials/Substrate/GLints/dict_16_192_64_0p5_0p02_0017_0015" 5079
"/Engine/EngineMaterials/Substrate/GLints/dict_16_192_64_0p5_0p02_0017_0014" 5080
"/Engine/EngineMaterials/Substrate/GLints/dict_16_192_64_0p5_0p02_0017_0013" 5081
"/Engine/EngineMaterials/Substrate/GLints/dict_16_192_64_0p5_0p02_0017_0012" 5082
"/Engine/EngineMaterials/Substrate/GLints/dict_16_192_64_0p5_0p02_0017_0011" 5083
"../../../Engine/Content/EngineMaterials/Substrate/GLints/dict_16_192_64_0p5_0p02_0019_0006.uasset" 5084
"../../../Engine/Content/EngineMaterials/Substrate/GLints/dict_16_192_64_0p5_0p02_0019_0010.uasset" 5085
"../../../Engine/Content/EngineMaterials/Substrate/GLints/dict_16_192_64_0p5_0p02_0019_0011.uasset" 5086
"../../../Engine/Content/EngineMaterials/Substrate/GLints/dict_16_192_64_0p5_0p02_0019_0012.uasset" 5087
"../../../Engine/Content/EngineMaterials/Substrate/GLints/dict_16_192_64_0p5_0p02_0019_0014.uasset" 5088
"../../../Engine/Content/EngineMaterials/Substrate/GLints/dict_16_192_64_0p5_0p02_0019_0013.uasset" 5089
"../../../Engine/Content/EngineMaterials/Substrate/GLints/dict_16_192_64_0p5_0p02_0019_0015.uasset" 5090
"../../../Engine/Content/EngineMaterials/Substrate/GLints/dict_16_192_64_0p5_0p02_0020_0000.uasset" 5091
"../../../Engine/Content/EngineMaterials/Substrate/GLints/dict_16_192_64_0p5_0p02_0019_0007.uasset" 5092
"../../../Engine/Content/EngineMaterials/Substrate/GLints/dict_16_192_64_0p5_0p02_0019_0008.uasset" 5093
"/Engine/EngineMaterials/Substrate/GLints/dict_16_192_64_0p5_0p02_0019_0005" 5094
"../../../Engine/Content/EngineMaterials/Substrate/GLints/dict_16_192_64_0p5_0p02_0019_0009.uasset" 5095
"/Engine/EngineMaterials/Substrate/GLints/dict_16_192_64_0p5_0p02_0019_0004" 5096
"/Engine/EngineMaterials/Substrate/GLints/dict_16_192_64_0p5_0p02_0019_0003" 5097
"/Engine/EngineMaterials/Substrate/GLints/dict_16_192_64_0p5_0p02_0019_0002" 5098
"/Engine/EngineMaterials/Substrate/GLints/dict_16_192_64_0p5_0p02_0019_0001" 5099
"/Engine/EngineMaterials/Substrate/GLints/dict_16_192_64_0p5_0p02_0019_0000" 5100
"/Engine/EngineMaterials/Substrate/GLints/dict_16_192_64_0p5_0p02_0018_0015" 5101
"/Engine/EngineMaterials/Substrate/GLints/dict_16_192_64_0p5_0p02_0018_0014" 5102
"/Engine/EngineMaterials/Substrate/GLints/dict_16_192_64_0p5_0p02_0018_0013" 5103
"/Engine/EngineMaterials/Substrate/GLints/dict_16_192_64_0p5_0p02_0018_0012" 5104
"/Engine/EngineMaterials/Substrate/GLints/dict_16_192_64_0p5_0p02_0018_0011" 5105
"/Engine/EngineMaterials/Substrate/GLints/dict_16_192_64_0p5_0p02_0018_0010" 5106
"/Engine/EngineMaterials/Substrate/GLints/dict_16_192_64_0p5_0p02_0018_0009" 5107
"/Engine/EngineMaterials/Substrate/GLints/dict_16_192_64_0p5_0p02_0018_0008" 5108
"/Engine/EngineMaterials/Substrate/GLints/dict_16_192_64_0p5_0p02_0018_0007" 5109
"/Engine/EngineMaterials/Substrate/GLints/dict_16_192_64_0p5_0p02_0018_0006" 5110
"/Engine/EngineMaterials/Substrate/GLints/dict_16_192_64_0p5_0p02_0018_0005" 5111
"/Engine/EngineMaterials/Substrate/GLints/dict_16_192_64_0p5_0p02_0018_0004" 5112
"/Engine/EngineMaterials/Substrate/GLints/dict_16_192_64_0p5_0p02_0018_0003" 5113
"/Engine/EngineMaterials/Substrate/GLints/dict_16_192_64_0p5_0p02_0018_0002" 5114
"/Engine/EngineMaterials/Substrate/GLints/dict_16_192_64_0p5_0p02_0019_0012" 5115
"/Engine/EngineMaterials/Substrate/GLints/dict_16_192_64_0p5_0p02_0019_0011" 5116
"/Engine/EngineMaterials/Substrate/GLints/dict_16_192_64_0p5_0p02_0018_0000" 5117
"/Engine/EngineMaterials/Substrate/GLints/dict_16_192_64_0p5_0p02_0019_0010" 5118
"/Engine/EngineMaterials/Substrate/GLints/dict_16_192_64_0p5_0p02_0019_0006" 5119
"../../../Engine/Content/EngineMaterials/Substrate/GLints/dict_16_192_64_0p5_0p02_0020_0001.uasset" 5120
"../../../Engine/Content/EngineMaterials/Substrate/GLints/dict_16_192_64_0p5_0p02_0020_0004.uasset" 5121
"../../../Engine/Content/EngineMaterials/Substrate/GLints/dict_16_192_64_0p5_0p02_0020_0003.uasset" 5122
"../../../Engine/Content/EngineMaterials/Substrate/GLints/dict_16_192_64_0p5_0p02_0020_0005.uasset" 5123
"../../../Engine/Content/EngineMaterials/Substrate/GLints/dict_16_192_64_0p5_0p02_0020_0006.uasset" 5124
"../../../Engine/Content/EngineMaterials/Substrate/GLints/dict_16_192_64_0p5_0p02_0020_0007.uasset" 5125
"../../../Engine/Content/EngineMaterials/Substrate/GLints/dict_16_192_64_0p5_0p02_0020_0002.uasset" 5126
"/Engine/EngineMaterials/Substrate/GLints/dict_16_192_64_0p5_0p02_0020_0000" 5127
"../../../Engine/Content/EngineMaterials/Substrate/GLints/dict_16_192_64_0p5_0p02_0020_0009.uasset" 5128
"../../../Engine/Content/EngineMaterials/Substrate/GLints/dict_16_192_64_0p5_0p02_0020_0010.uasset" 5129
"../../../Engine/Content/EngineMaterials/Substrate/GLints/dict_16_192_64_0p5_0p02_0020_0011.uasset" 5130
"../../../Engine/Content/EngineMaterials/Substrate/GLints/dict_16_192_64_0p5_0p02_0020_0008.uasset" 5131
"../../../Engine/Content/EngineMaterials/Substrate/GLints/dict_16_192_64_0p5_0p02_0020_0013.uasset" 5132
"../../../Engine/Content/EngineMaterials/Substrate/GLints/dict_16_192_64_0p5_0p02_0020_0014.uasset" 5133
"../../../Engine/Content/EngineMaterials/Substrate/GLints/dict_16_192_64_0p5_0p02_0021_0003.uasset" 5134
"../../../Engine/Content/EngineMaterials/Substrate/GLints/dict_16_192_64_0p5_0p02_0020_0012.uasset" 5135
"../../../Engine/Content/EngineMaterials/Substrate/GLints/dict_16_192_64_0p5_0p02_0020_0015.uasset" 5136
"../../../Engine/Content/EngineMaterials/Substrate/GLints/dict_16_192_64_0p5_0p02_0021_0005.uasset" 5137
"../../../Engine/Content/EngineMaterials/Substrate/GLints/dict_16_192_64_0p5_0p02_0021_0004.uasset" 5138
"../../../Engine/Content/EngineMaterials/Substrate/GLints/dict_16_192_64_0p5_0p02_0021_0000.uasset" 5139
"../../../Engine/Content/EngineMaterials/Substrate/GLints/dict_16_192_64_0p5_0p02_0021_0001.uasset" 5140
"../../../Engine/Content/EngineMaterials/Substrate/GLints/dict_16_192_64_0p5_0p02_0021_0008.uasset" 5141
"../../../Engine/Content/EngineMaterials/Substrate/GLints/dict_16_192_64_0p5_0p02_0021_0007.uasset" 5142
"../../../Engine/Content/EngineMaterials/Substrate/GLints/dict_16_192_64_0p5_0p02_0021_0009.uasset" 5143
"../../../Engine/Content/EngineMaterials/Substrate/GLints/dict_16_192_64_0p5_0p02_0021_0006.uasset" 5144
"../../../Engine/Content/EngineMaterials/Substrate/GLints/dict_16_192_64_0p5_0p02_0021_0002.uasset" 5145
"/Engine/EngineMaterials/Substrate/GLints/dict_16_192_64_0p5_0p02_0019_0015" 5146
"/Engine/EngineMaterials/Substrate/GLints/dict_16_192_64_0p5_0p02_0019_0014" 5147
"/Engine/EngineMaterials/Substrate/GLints/dict_16_192_64_0p5_0p02_0019_0013" 5148
"/Engine/EngineMaterials/Substrate/GLints/dict_16_192_64_0p5_0p02_0020_0003" 5149
"/Engine/EngineMaterials/Substrate/GLints/dict_16_192_64_0p5_0p02_0019_0009" 5150
"/Engine/EngineMaterials/Substrate/GLints/dict_16_192_64_0p5_0p02_0019_0008" 5151
"/Engine/EngineMaterials/Substrate/GLints/dict_16_192_64_0p5_0p02_0019_0007" 5152
"/Engine/EngineMaterials/Substrate/GLints/dict_16_192_64_0p5_0p02_0020_0001" 5153
"../../../Engine/Content/EngineMaterials/Substrate/GLints/dict_16_192_64_0p5_0p02_0021_0010.uasset" 5154
"../../../Engine/Content/EngineMaterials/Substrate/GLints/dict_16_192_64_0p5_0p02_0021_0011.uasset" 5155
"../../../Engine/Content/EngineMaterials/Substrate/GLints/dict_16_192_64_0p5_0p02_0021_0013.uasset" 5156
"../../../Engine/Content/EngineMaterials/Substrate/GLints/dict_16_192_64_0p5_0p02_0021_0012.uasset" 5157
"../../../Engine/Content/EngineMaterials/Substrate/GLints/dict_16_192_64_0p5_0p02_0021_0014.uasset" 5158
"../../../Engine/Content/EngineMaterials/Substrate/GLints/dict_16_192_64_0p5_0p02_0022_0000.uasset" 5159
"../../../Engine/Content/EngineMaterials/Substrate/GLints/dict_16_192_64_0p5_0p02_0022_0002.uasset" 5160
"../../../Engine/Content/EngineMaterials/Substrate/GLints/dict_16_192_64_0p5_0p02_0021_0015.uasset" 5161
"../../../Engine/Content/EngineMaterials/Substrate/GLints/dict_16_192_64_0p5_0p02_0022_0001.uasset" 5162
"/Engine/EngineMaterials/Substrate/GLints/dict_16_192_64_0p5_0p02_0021_0009" 5163
"/Engine/EngineMaterials/Substrate/GLints/dict_16_192_64_0p5_0p02_0021_0008" 5164
"/Engine/EngineMaterials/Substrate/GLints/dict_16_192_64_0p5_0p02_0021_0007" 5165
"/Engine/EngineMaterials/Substrate/GLints/dict_16_192_64_0p5_0p02_0021_0006" 5166
"/Engine/EngineMaterials/Substrate/GLints/dict_16_192_64_0p5_0p02_0021_0005" 5167
"/Engine/EngineMaterials/Substrate/GLints/dict_16_192_64_0p5_0p02_0021_0004" 5168
"/Engine/EngineMaterials/Substrate/GLints/dict_16_192_64_0p5_0p02_0021_0003" 5169
"/Engine/EngineMaterials/Substrate/GLints/dict_16_192_64_0p5_0p02_0021_0002" 5170
"/Engine/EngineMaterials/Substrate/GLints/dict_16_192_64_0p5_0p02_0021_0001" 5171
"/Engine/EngineMaterials/Substrate/GLints/dict_16_192_64_0p5_0p02_0021_0000" 5172
"/Engine/EngineMaterials/Substrate/GLints/dict_16_192_64_0p5_0p02_0020_0015" 5173
"/Engine/EngineMaterials/Substrate/GLints/dict_16_192_64_0p5_0p02_0020_0014" 5174
"/Engine/EngineMaterials/Substrate/GLints/dict_16_192_64_0p5_0p02_0020_0013" 5175
"/Engine/EngineMaterials/Substrate/GLints/dict_16_192_64_0p5_0p02_0020_0012" 5176
"/Engine/EngineMaterials/Substrate/GLints/dict_16_192_64_0p5_0p02_0020_0011" 5177
"/Engine/EngineMaterials/Substrate/GLints/dict_16_192_64_0p5_0p02_0020_0010" 5178
"/Engine/EngineMaterials/Substrate/GLints/dict_16_192_64_0p5_0p02_0020_0009" 5179
"/Engine/EngineMaterials/Substrate/GLints/dict_16_192_64_0p5_0p02_0020_0008" 5180
"/Engine/EngineMaterials/Substrate/GLints/dict_16_192_64_0p5_0p02_0020_0007" 5181
"/Engine/EngineMaterials/Substrate/GLints/dict_16_192_64_0p5_0p02_0020_0006" 5182
"/Engine/EngineMaterials/Substrate/GLints/dict_16_192_64_0p5_0p02_0020_0005" 5183
"/Engine/EngineMaterials/Substrate/GLints/dict_16_192_64_0p5_0p02_0020_0004" 5184
"/Engine/EngineMaterials/Substrate/GLints/dict_16_192_64_0p5_0p02_0020_0002" 5185
"/Engine/EngineMaterials/Substrate/GLints/dict_16_192_64_0p5_0p02_0021_0013" 5186
"/Engine/EngineMaterials/Substrate/GLints/dict_16_192_64_0p5_0p02_0021_0012" 5187
"/Engine/EngineMaterials/Substrate/GLints/dict_16_192_64_0p5_0p02_0021_0011" 5188
"/Engine/EngineMaterials/Substrate/GLints/dict_16_192_64_0p5_0p02_0021_0010" 5189
"../../../Engine/Content/EngineMaterials/Substrate/GLints/dict_16_192_64_0p5_0p02_0022_0003.uasset" 5190
"../../../Engine/Content/EngineMaterials/Substrate/GLints/dict_16_192_64_0p5_0p02_0022_0004.uasset" 5191
"../../../Engine/Content/EngineMaterials/Substrate/GLints/dict_16_192_64_0p5_0p02_0022_0006.uasset" 5192
"/Engine/EngineMaterials/Substrate/GLints/dict_16_192_64_0p5_0p02_0022_0002" 5193
"../../../Engine/Content/EngineMaterials/Substrate/GLints/dict_16_192_64_0p5_0p02_0022_0007.uasset" 5194
"../../../Engine/Content/EngineMaterials/Substrate/GLints/dict_16_192_64_0p5_0p02_0022_0009.uasset" 5195
"../../../Engine/Content/EngineMaterials/Substrate/GLints/dict_16_192_64_0p5_0p02_0022_0008.uasset" 5196
"../../../Engine/Content/EngineMaterials/Substrate/GLints/dict_16_192_64_0p5_0p02_0022_0010.uasset" 5197
"../../../Engine/Content/EngineMaterials/Substrate/GLints/dict_16_192_64_0p5_0p02_0022_0012.uasset" 5198
"../../../Engine/Content/EngineMaterials/Substrate/GLints/dict_16_192_64_0p5_0p02_0022_0011.uasset" 5199
"../../../Engine/Content/EngineMaterials/Substrate/GLints/dict_16_192_64_0p5_0p02_0022_0013.uasset" 5200
"../../../Engine/Content/EngineMaterials/Substrate/GLints/dict_16_192_64_0p5_0p02_0022_0014.uasset" 5201
"../../../Engine/Content/EngineMaterials/Substrate/GLints/dict_16_192_64_0p5_0p02_0022_0015.uasset" 5202
"../../../Engine/Content/EngineMaterials/Substrate/GLints/dict_16_192_64_0p5_0p02_0023_0000.uasset" 5203
"../../../Engine/Content/EngineMaterials/Substrate/GLints/dict_16_192_64_0p5_0p02_0023_0001.uasset" 5204
"../../../Engine/Content/EngineMaterials/Substrate/GLints/dict_16_192_64_0p5_0p02_0023_0002.uasset" 5205
"../../../Engine/Content/EngineMaterials/Substrate/GLints/dict_16_192_64_0p5_0p02_0023_0003.uasset" 5206
"../../../Engine/Content/EngineMaterials/Substrate/GLints/dict_16_192_64_0p5_0p02_0023_0004.uasset" 5207
"../../../Engine/Content/EngineMaterials/Substrate/GLints/dict_16_192_64_0p5_0p02_0023_0005.uasset" 5208
"../../../Engine/Content/EngineMaterials/Substrate/GLints/dict_16_192_64_0p5_0p02_0023_0007.uasset" 5209
"../../../Engine/Content/EngineMaterials/Substrate/GLints/dict_16_192_64_0p5_0p02_0023_0006.uasset" 5210
"../../../Engine/Content/EngineMaterials/Substrate/GLints/dict_16_192_64_0p5_0p02_0023_0008.uasset" 5211
"../../../Engine/Content/EngineMaterials/Substrate/GLints/dict_16_192_64_0p5_0p02_0023_0009.uasset" 5212
"../../../Engine/Content/EngineMaterials/Substrate/GLints/dict_16_192_64_0p5_0p02_0023_0011.uasset" 5213
"../../../Engine/Content/EngineMaterials/Substrate/GLints/dict_16_192_64_0p5_0p02_0023_0012.uasset" 5214
"../../../Engine/Content/EngineMaterials/Substrate/GLints/dict_16_192_64_0p5_0p02_0023_0013.uasset" 5215
"../../../Engine/Content/EngineMaterials/Substrate/GLints/dict_16_192_64_0p5_0p02_0022_0005.uasset" 5216
"/Engine/EngineMaterials/Substrate/GLints/dict_16_192_64_0p5_0p02_0022_0001" 5217
"../../../Engine/Content/EngineMaterials/Substrate/GLints/dict_16_192_64_0p5_0p02_0023_0010.uasset" 5218
"/Engine/EngineMaterials/Substrate/GLints/dict_16_192_64_0p5_0p02_0022_0000" 5219
"/Engine/EngineMaterials/Substrate/GLints/dict_16_192_64_0p5_0p02_0021_0015" 5220
"/Engine/EngineMaterials/Substrate/GLints/dict_16_192_64_0p5_0p02_0021_0014" 5221
"/Engine/EngineMaterials/Substrate/GLints/dict_16_192_64_0p5_0p02_0022_0003" 5222
"../../../Engine/Content/EngineMaterials/Substrate/GLints/dict_16_192_64_0p5_0p02_0023_0015.uasset" 5223
"../../../Engine/Content/EngineMaterials/Substrate/GLints/dict_16_192_64_0p5_0p02_0024_0001.uasset" 5224
"../../../Engine/Content/EngineMaterials/Substrate/GLints/dict_16_192_64_0p5_0p02_0024_0000.uasset" 5225
"../../../Engine/Content/EngineMaterials/Substrate/GLints/dict_16_192_64_0p5_0p02_0024_0002.uasset" 5226
"../../../Engine/Content/EngineMaterials/Substrate/GLints/dict_16_192_64_0p5_0p02_0024_0003.uasset" 5227
"../../../Engine/Content/EngineMaterials/Substrate/GLints/dict_16_192_64_0p5_0p02_0023_0014.uasset" 5228
"/Engine/EngineMaterials/Substrate/GLints/dict_16_192_64_0p5_0p02_0023_0013" 5229
"/Engine/EngineMaterials/Substrate/GLints/dict_16_192_64_0p5_0p02_0023_0012" 5230
"/Engine/EngineMaterials/Substrate/GLints/dict_16_192_64_0p5_0p02_0023_0011" 5231
"/Engine/EngineMaterials/Substrate/GLints/dict_16_192_64_0p5_0p02_0023_0010" 5232
"/Engine/EngineMaterials/Substrate/GLints/dict_16_192_64_0p5_0p02_0023_0009" 5233
"/Engine/EngineMaterials/Substrate/GLints/dict_16_192_64_0p5_0p02_0023_0008" 5234
"/Engine/EngineMaterials/Substrate/GLints/dict_16_192_64_0p5_0p02_0023_0007" 5235
"/Engine/EngineMaterials/Substrate/GLints/dict_16_192_64_0p5_0p02_0023_0006" 5236
"/Engine/EngineMaterials/Substrate/GLints/dict_16_192_64_0p5_0p02_0023_0005" 5237
"/Engine/EngineMaterials/Substrate/GLints/dict_16_192_64_0p5_0p02_0023_0004" 5238
"/Engine/EngineMaterials/Substrate/GLints/dict_16_192_64_0p5_0p02_0023_0003" 5239
"/Engine/EngineMaterials/Substrate/GLints/dict_16_192_64_0p5_0p02_0023_0002" 5240
"/Engine/EngineMaterials/Substrate/GLints/dict_16_192_64_0p5_0p02_0023_0001" 5241
"/Engine/EngineMaterials/Substrate/GLints/dict_16_192_64_0p5_0p02_0023_0000" 5242
"/Engine/EngineMaterials/Substrate/GLints/dict_16_192_64_0p5_0p02_0022_0015" 5243
"/Engine/EngineMaterials/Substrate/GLints/dict_16_192_64_0p5_0p02_0022_0014" 5244
"/Engine/EngineMaterials/Substrate/GLints/dict_16_192_64_0p5_0p02_0022_0013" 5245
"/Engine/EngineMaterials/Substrate/GLints/dict_16_192_64_0p5_0p02_0022_0012" 5246
"/Engine/EngineMaterials/Substrate/GLints/dict_16_192_64_0p5_0p02_0022_0011" 5247
"/Engine/EngineMaterials/Substrate/GLints/dict_16_192_64_0p5_0p02_0024_0001" 5248
"/Engine/EngineMaterials/Substrate/GLints/dict_16_192_64_0p5_0p02_0022_0010" 5249
"/Engine/EngineMaterials/Substrate/GLints/dict_16_192_64_0p5_0p02_0024_0000" 5250
"/Engine/EngineMaterials/Substrate/GLints/dict_16_192_64_0p5_0p02_0022_0009" 5251
"/Engine/EngineMaterials/Substrate/GLints/dict_16_192_64_0p5_0p02_0022_0008" 5252
"/Engine/EngineMaterials/Substrate/GLints/dict_16_192_64_0p5_0p02_0023_0015" 5253
"/Engine/EngineMaterials/Substrate/GLints/dict_16_192_64_0p5_0p02_0022_0007" 5254
"/Engine/EngineMaterials/Substrate/GLints/dict_16_192_64_0p5_0p02_0022_0006" 5255
"/Engine/EngineMaterials/Substrate/GLints/dict_16_192_64_0p5_0p02_0022_0005" 5256
"/Engine/EngineMaterials/Substrate/GLints/dict_16_192_64_0p5_0p02_0022_0004" 5257
"../../../Engine/Content/EngineMaterials/Substrate/GLints/dict_16_192_64_0p5_0p02_0024_0004.uasset" 5258
"../../../Engine/Content/EngineMaterials/Substrate/GLints/dict_16_192_64_0p5_0p02_0024_0007.uasset" 5259
"../../../Engine/Content/EngineMaterials/Substrate/GLints/dict_16_192_64_0p5_0p02_0024_0006.uasset" 5260
"../../../Engine/Content/EngineMaterials/Substrate/GLints/dict_16_192_64_0p5_0p02_0024_0005.uasset" 5261
"../../../Engine/Content/EngineMaterials/Substrate/GLints/dict_16_192_64_0p5_0p02_0024_0008.uasset" 5262
"../../../Engine/Content/EngineMaterials/Substrate/GLints/dict_16_192_64_0p5_0p02_0024_0010.uasset" 5263
"../../../Engine/Content/EngineMaterials/Substrate/GLints/dict_16_192_64_0p5_0p02_0024_0009.uasset" 5264
"../../../Engine/Content/EngineMaterials/Substrate/GLints/dict_16_192_64_0p5_0p02_0024_0013.uasset" 5265
"../../../Engine/Content/EngineMaterials/Substrate/GLints/dict_16_192_64_0p5_0p02_0024_0014.uasset" 5266
"../../../Engine/Content/EngineMaterials/Substrate/GLints/dict_16_192_64_0p5_0p02_0024_0015.uasset" 5267
"../../../Engine/Content/EngineMaterials/Substrate/GLints/dict_16_192_64_0p5_0p02_0025_0000.uasset" 5268
"../../../Engine/Content/EngineMaterials/Substrate/GLints/dict_16_192_64_0p5_0p02_0024_0012.uasset" 5269
"../../../Engine/Content/EngineMaterials/Substrate/GLints/dict_16_192_64_0p5_0p02_0025_0002.uasset" 5270
"../../../Engine/Content/EngineMaterials/Substrate/GLints/dict_16_192_64_0p5_0p02_0025_0004.uasset" 5271
"/Engine/EngineMaterials/Substrate/GLints/dict_16_192_64_0p5_0p02_0024_0003" 5272
"../../../Engine/Content/EngineMaterials/Substrate/GLints/dict_16_192_64_0p5_0p02_0025_0001.uasset" 5273
"../../../Engine/Content/EngineMaterials/Substrate/GLints/dict_16_192_64_0p5_0p02_0025_0006.uasset" 5274
"../../../Engine/Content/EngineMaterials/Substrate/GLints/dict_16_192_64_0p5_0p02_0024_0011.uasset" 5275
"../../../Engine/Content/EngineMaterials/Substrate/GLints/dict_16_192_64_0p5_0p02_0025_0007.uasset" 5276
"../../../Engine/Content/EngineMaterials/Substrate/GLints/dict_16_192_64_0p5_0p02_0025_0003.uasset" 5277
"../../../Engine/Content/EngineMaterials/Substrate/GLints/dict_16_192_64_0p5_0p02_0025_0011.uasset" 5278
"../../../Engine/Content/EngineMaterials/Substrate/GLints/dict_16_192_64_0p5_0p02_0025_0010.uasset" 5279
"../../../Engine/Content/EngineMaterials/Substrate/GLints/dict_16_192_64_0p5_0p02_0025_0012.uasset" 5280
"../../../Engine/Content/EngineMaterials/Substrate/GLints/dict_16_192_64_0p5_0p02_0025_0014.uasset" 5281
"../../../Engine/Content/EngineMaterials/Substrate/GLints/dict_16_192_64_0p5_0p02_0025_0013.uasset" 5282
"../../../Engine/Content/EngineMaterials/Substrate/GLints/dict_16_192_64_0p5_0p02_0025_0015.uasset" 5283
"../../../Engine/Content/EngineMaterials/Substrate/GLints/dict_16_192_64_0p5_0p02_0025_0005.uasset" 5284
"../../../Engine/Content/EngineMaterials/Substrate/GLints/dict_16_192_64_0p5_0p02_0026_0000.uasset" 5285
"../../../Engine/Content/EngineMaterials/Substrate/GLints/dict_16_192_64_0p5_0p02_0025_0009.uasset" 5286
"../../../Engine/Content/EngineMaterials/Substrate/GLints/dict_16_192_64_0p5_0p02_0025_0008.uasset" 5287
"/Engine/EngineMaterials/Substrate/GLints/dict_16_192_64_0p5_0p02_0024_0002" 5288
"/Engine/EngineMaterials/Substrate/GLints/dict_16_192_64_0p5_0p02_0024_0010" 5289
"/Engine/EngineMaterials/Substrate/GLints/dict_16_192_64_0p5_0p02_0024_0009" 5290
"/Engine/EngineMaterials/Substrate/GLints/dict_16_192_64_0p5_0p02_0024_0007" 5291
"/Engine/EngineMaterials/Substrate/GLints/dict_16_192_64_0p5_0p02_0024_0006" 5292
"/Engine/EngineMaterials/Substrate/GLints/dict_16_192_64_0p5_0p02_0024_0005" 5293
"/Engine/EngineMaterials/Substrate/GLints/dict_16_192_64_0p5_0p02_0024_0004" 5294
"/Engine/EngineMaterials/Substrate/GLints/dict_16_192_64_0p5_0p02_0023_0014" 5295
"../../../Engine/Content/EngineMaterials/Substrate/GLints/dict_16_192_64_0p5_0p02_0026_0001.uasset" 5296
"../../../Engine/Content/EngineMaterials/Substrate/GLints/dict_16_192_64_0p5_0p02_0026_0002.uasset" 5297
"../../../Engine/Content/EngineMaterials/Substrate/GLints/dict_16_192_64_0p5_0p02_0026_0003.uasset" 5298
"../../../Engine/Content/EngineMaterials/Substrate/GLints/dict_16_192_64_0p5_0p02_0026_0007.uasset" 5299
"../../../Engine/Content/EngineMaterials/Substrate/GLints/dict_16_192_64_0p5_0p02_0026_0005.uasset" 5300
"../../../Engine/Content/EngineMaterials/Substrate/GLints/dict_16_192_64_0p5_0p02_0026_0006.uasset" 5301
"../../../Engine/Content/EngineMaterials/Substrate/GLints/dict_16_192_64_0p5_0p02_0026_0009.uasset" 5302
"../../../Engine/Content/EngineMaterials/Substrate/GLints/dict_16_192_64_0p5_0p02_0026_0008.uasset" 5303
"../../../Engine/Content/EngineMaterials/Substrate/GLints/dict_16_192_64_0p5_0p02_0026_0004.uasset" 5304
"/Engine/EngineMaterials/Substrate/GLints/dict_16_192_64_0p5_0p02_0026_0000" 5305
"/Engine/EngineMaterials/Substrate/GLints/dict_16_192_64_0p5_0p02_0025_0015" 5306
"/Engine/EngineMaterials/Substrate/GLints/dict_16_192_64_0p5_0p02_0025_0014" 5307
"/Engine/EngineMaterials/Substrate/GLints/dict_16_192_64_0p5_0p02_0025_0013" 5308
"/Engine/EngineMaterials/Substrate/GLints/dict_16_192_64_0p5_0p02_0025_0012" 5309
"/Engine/EngineMaterials/Substrate/GLints/dict_16_192_64_0p5_0p02_0025_0011" 5310
"/Engine/EngineMaterials/Substrate/GLints/dict_16_192_64_0p5_0p02_0025_0010" 5311
"/Engine/EngineMaterials/Substrate/GLints/dict_16_192_64_0p5_0p02_0025_0009" 5312
"/Engine/EngineMaterials/Substrate/GLints/dict_16_192_64_0p5_0p02_0025_0008" 5313
"/Engine/EngineMaterials/Substrate/GLints/dict_16_192_64_0p5_0p02_0025_0007" 5314
"/Engine/EngineMaterials/Substrate/GLints/dict_16_192_64_0p5_0p02_0025_0006" 5315
"/Engine/EngineMaterials/Substrate/GLints/dict_16_192_64_0p5_0p02_0025_0005" 5316
"/Engine/EngineMaterials/Substrate/GLints/dict_16_192_64_0p5_0p02_0025_0004" 5317
"/Engine/EngineMaterials/Substrate/GLints/dict_16_192_64_0p5_0p02_0025_0003" 5318
"/Engine/EngineMaterials/Substrate/GLints/dict_16_192_64_0p5_0p02_0025_0002" 5319
"/Engine/EngineMaterials/Substrate/GLints/dict_16_192_64_0p5_0p02_0025_0001" 5320
"/Engine/EngineMaterials/Substrate/GLints/dict_16_192_64_0p5_0p02_0025_0000" 5321
"/Engine/EngineMaterials/Substrate/GLints/dict_16_192_64_0p5_0p02_0026_0009" 5322
"/Engine/EngineMaterials/Substrate/GLints/dict_16_192_64_0p5_0p02_0024_0015" 5323
"/Engine/EngineMaterials/Substrate/GLints/dict_16_192_64_0p5_0p02_0024_0014" 5324
"/Engine/EngineMaterials/Substrate/GLints/dict_16_192_64_0p5_0p02_0024_0013" 5325
"/Engine/EngineMaterials/Substrate/GLints/dict_16_192_64_0p5_0p02_0024_0012" 5326
"/Engine/EngineMaterials/Substrate/GLints/dict_16_192_64_0p5_0p02_0024_0011" 5327
"/Engine/EngineMaterials/Substrate/GLints/dict_16_192_64_0p5_0p02_0026_0007" 5328
"/Engine/EngineMaterials/Substrate/GLints/dict_16_192_64_0p5_0p02_0026_0006" 5329
"/Engine/EngineMaterials/Substrate/GLints/dict_16_192_64_0p5_0p02_0024_0008" 5330
"/Engine/EngineMaterials/Substrate/GLints/dict_16_192_64_0p5_0p02_0026_0005" 5331
"/Engine/EngineMaterials/Substrate/GLints/dict_16_192_64_0p5_0p02_0026_0004" 5332
"/Engine/EngineMaterials/Substrate/GLints/dict_16_192_64_0p5_0p02_0026_0003" 5333
"/Engine/EngineMaterials/Substrate/GLints/dict_16_192_64_0p5_0p02_0026_0002" 5334
"/Engine/EngineMaterials/Substrate/GLints/dict_16_192_64_0p5_0p02_0026_0001" 5335
"../../../Engine/Content/EngineMaterials/Substrate/GLints/dict_16_192_64_0p5_0p02_0026_0011.uasset" 5336
"../../../Engine/Content/EngineMaterials/Substrate/GLints/dict_16_192_64_0p5_0p02_0026_0010.uasset" 5337
"../../../Engine/Content/EngineMaterials/Substrate/GLints/dict_16_192_64_0p5_0p02_0026_0015.uasset" 5338
"../../../Engine/Content/EngineMaterials/Substrate/GLints/dict_16_192_64_0p5_0p02_0027_0000.uasset" 5339
"../../../Engine/Content/EngineMaterials/Substrate/GLints/dict_16_192_64_0p5_0p02_0027_0001.uasset" 5340
"../../../Engine/Content/EngineMaterials/Substrate/GLints/dict_16_192_64_0p5_0p02_0027_0002.uasset" 5341
"../../../Engine/Content/EngineMaterials/Substrate/GLints/dict_16_192_64_0p5_0p02_0027_0003.uasset" 5342
"../../../Engine/Content/EngineMaterials/Substrate/GLints/dict_16_192_64_0p5_0p02_0027_0006.uasset" 5343
"../../../Engine/Content/EngineMaterials/Substrate/GLints/dict_16_192_64_0p5_0p02_0027_0007.uasset" 5344
"../../../Engine/Content/EngineMaterials/Substrate/GLints/dict_16_192_64_0p5_0p02_0026_0013.uasset" 5345
"../../../Engine/Content/EngineMaterials/Substrate/GLints/dict_16_192_64_0p5_0p02_0027_0009.uasset" 5346
"../../../Engine/Content/EngineMaterials/Substrate/GLints/dict_16_192_64_0p5_0p02_0027_0004.uasset" 5347
"../../../Engine/Content/EngineMaterials/Substrate/GLints/dict_16_192_64_0p5_0p02_0027_0010.uasset" 5348
"../../../Engine/Content/EngineMaterials/Substrate/GLints/dict_16_192_64_0p5_0p02_0027_0005.uasset" 5349
"../../../Engine/Content/EngineMaterials/Substrate/GLints/dict_16_192_64_0p5_0p02_0027_0014.uasset" 5350
"../../../Engine/Content/EngineMaterials/Substrate/GLints/dict_16_192_64_0p5_0p02_0027_0015.uasset" 5351
"../../../Engine/Content/EngineMaterials/Substrate/GLints/dict_16_192_64_0p5_0p02_0028_0000.uasset" 5352
"../../../Engine/Content/EngineMaterials/Substrate/GLints/dict_16_192_64_0p5_0p02_0028_0001.uasset" 5353
"../../../Engine/Content/EngineMaterials/Substrate/GLints/dict_16_192_64_0p5_0p02_0028_0002.uasset" 5354
"../../../Engine/Content/EngineMaterials/Substrate/GLints/dict_16_192_64_0p5_0p02_0028_0003.uasset" 5355
"../../../Engine/Content/EngineMaterials/Substrate/GLints/dict_16_192_64_0p5_0p02_0028_0004.uasset" 5356
"../../../Engine/Content/EngineMaterials/Substrate/GLints/dict_16_192_64_0p5_0p02_0028_0005.uasset" 5357
"../../../Engine/Content/EngineMaterials/Substrate/GLints/dict_16_192_64_0p5_0p02_0028_0006.uasset" 5358
"/Engine/EngineMaterials/Substrate/GLints/dict_16_192_64_0p5_0p02_0027_0009" 5359
"../../../Engine/Content/EngineMaterials/Substrate/GLints/dict_16_192_64_0p5_0p02_0028_0007.uasset" 5360
"../../../Engine/Content/EngineMaterials/Substrate/GLints/dict_16_192_64_0p5_0p02_0026_0014.uasset" 5361
"../../../Engine/Content/EngineMaterials/Substrate/GLints/dict_16_192_64_0p5_0p02_0027_0013.uasset" 5362
"../../../Engine/Content/EngineMaterials/Substrate/GLints/dict_16_192_64_0p5_0p02_0027_0008.uasset" 5363
"../../../Engine/Content/EngineMaterials/Substrate/GLints/dict_16_192_64_0p5_0p02_0026_0012.uasset" 5364
"../../../Engine/Content/EngineMaterials/Substrate/GLints/dict_16_192_64_0p5_0p02_0027_0011.uasset" 5365
"../../../Engine/Content/EngineMaterials/Substrate/GLints/dict_16_192_64_0p5_0p02_0027_0012.uasset" 5366
"../../../Engine/Content/EngineMaterials/Substrate/GLints/dict_16_192_64_0p5_0p02_0028_0008.uasset" 5367
"/Engine/EngineMaterials/Substrate/GLints/dict_16_192_64_0p5_0p02_0027_0007" 5368
"/Engine/EngineMaterials/Substrate/GLints/dict_16_192_64_0p5_0p02_0026_0008" 5369
"/Engine/EngineMaterials/Substrate/GLints/dict_16_192_64_0p5_0p02_0027_0006" 5370
"/Engine/EngineMaterials/Substrate/GLints/dict_16_192_64_0p5_0p02_0027_0004" 5371
"/Engine/EngineMaterials/Substrate/GLints/dict_16_192_64_0p5_0p02_0027_0003" 5372
"/Engine/EngineMaterials/Substrate/GLints/dict_16_192_64_0p5_0p02_0027_0002" 5373
"/Engine/EngineMaterials/Substrate/GLints/dict_16_192_64_0p5_0p02_0027_0001" 5374
"/Engine/EngineMaterials/Substrate/GLints/dict_16_192_64_0p5_0p02_0027_0000" 5375
"/Engine/EngineMaterials/Substrate/GLints/dict_16_192_64_0p5_0p02_0026_0015" 5376
"/Engine/EngineMaterials/Substrate/GLints/dict_16_192_64_0p5_0p02_0026_0013" 5377
"/Engine/EngineMaterials/Substrate/GLints/dict_16_192_64_0p5_0p02_0026_0011" 5378
"/Engine/EngineMaterials/Substrate/GLints/dict_16_192_64_0p5_0p02_0026_0010" 5379
"../../../Engine/Content/EngineMaterials/Substrate/GLints/dict_16_192_64_0p5_0p02_0028_0011.uasset" 5380
"../../../Engine/Content/EngineMaterials/Substrate/GLints/dict_16_192_64_0p5_0p02_0028_0010.uasset" 5381
"../../../Engine/Content/EngineMaterials/Substrate/GLints/dict_16_192_64_0p5_0p02_0028_0013.uasset" 5382
"../../../Engine/Content/EngineMaterials/Substrate/GLints/dict_16_192_64_0p5_0p02_0028_0015.uasset" 5383
"../../../Engine/Content/EngineMaterials/Substrate/GLints/dict_16_192_64_0p5_0p02_0029_0000.uasset" 5384
"../../../Engine/Content/EngineMaterials/Substrate/GLints/dict_16_192_64_0p5_0p02_0029_0001.uasset" 5385
"../../../Engine/Content/EngineMaterials/Substrate/GLints/dict_16_192_64_0p5_0p02_0029_0002.uasset" 5386
"../../../Engine/Content/EngineMaterials/Substrate/GLints/dict_16_192_64_0p5_0p02_0029_0004.uasset" 5387
"../../../Engine/Content/EngineMaterials/Substrate/GLints/dict_16_192_64_0p5_0p02_0028_0014.uasset" 5388
"../../../Engine/Content/EngineMaterials/Substrate/GLints/dict_16_192_64_0p5_0p02_0029_0005.uasset" 5389
"../../../Engine/Content/EngineMaterials/Substrate/GLints/dict_16_192_64_0p5_0p02_0029_0003.uasset" 5390
"../../../Engine/Content/EngineMaterials/Substrate/GLints/dict_16_192_64_0p5_0p02_0028_0012.uasset" 5391
"../../../Engine/Content/EngineMaterials/Substrate/GLints/dict_16_192_64_0p5_0p02_0028_0009.uasset" 5392
"/Engine/EngineMaterials/Substrate/GLints/dict_16_192_64_0p5_0p02_0028_0008" 5393
"/Engine/EngineMaterials/Substrate/GLints/dict_16_192_64_0p5_0p02_0028_0007" 5394
"/Engine/EngineMaterials/Substrate/GLints/dict_16_192_64_0p5_0p02_0028_0006" 5395
"/Engine/EngineMaterials/Substrate/GLints/dict_16_192_64_0p5_0p02_0028_0005" 5396
"/Engine/EngineMaterials/Substrate/GLints/dict_16_192_64_0p5_0p02_0028_0004" 5397
"/Engine/EngineMaterials/Substrate/GLints/dict_16_192_64_0p5_0p02_0028_0003" 5398
"/Engine/EngineMaterials/Substrate/GLints/dict_16_192_64_0p5_0p02_0028_0002" 5399
"/Engine/EngineMaterials/Substrate/GLints/dict_16_192_64_0p5_0p02_0028_0001" 5400
"/Engine/EngineMaterials/Substrate/GLints/dict_16_192_64_0p5_0p02_0028_0000" 5401
"/Engine/EngineMaterials/Substrate/GLints/dict_16_192_64_0p5_0p02_0027_0015" 5402
"/Engine/EngineMaterials/Substrate/GLints/dict_16_192_64_0p5_0p02_0027_0014" 5403
"/Engine/EngineMaterials/Substrate/GLints/dict_16_192_64_0p5_0p02_0027_0013" 5404
"/Engine/EngineMaterials/Substrate/GLints/dict_16_192_64_0p5_0p02_0027_0012" 5405
"/Engine/EngineMaterials/Substrate/GLints/dict_16_192_64_0p5_0p02_0027_0011" 5406
"/Engine/EngineMaterials/Substrate/GLints/dict_16_192_64_0p5_0p02_0027_0010" 5407
"/Engine/EngineMaterials/Substrate/GLints/dict_16_192_64_0p5_0p02_0027_0008" 5408
"/Engine/EngineMaterials/Substrate/GLints/dict_16_192_64_0p5_0p02_0029_0002" 5409
"/Engine/EngineMaterials/Substrate/GLints/dict_16_192_64_0p5_0p02_0027_0005" 5410
"/Engine/EngineMaterials/Substrate/GLints/dict_16_192_64_0p5_0p02_0029_0001" 5411
"/Engine/EngineMaterials/Substrate/GLints/dict_16_192_64_0p5_0p02_0029_0000" 5412
"/Engine/EngineMaterials/Substrate/GLints/dict_16_192_64_0p5_0p02_0028_0015" 5413
"/Engine/EngineMaterials/Substrate/GLints/dict_16_192_64_0p5_0p02_0028_0014" 5414
"/Engine/EngineMaterials/Substrate/GLints/dict_16_192_64_0p5_0p02_0028_0013" 5415
"/Engine/EngineMaterials/Substrate/GLints/dict_16_192_64_0p5_0p02_0026_0014" 5416
"/Engine/EngineMaterials/Substrate/GLints/dict_16_192_64_0p5_0p02_0028_0011" 5417
"/Engine/EngineMaterials/Substrate/GLints/dict_16_192_64_0p5_0p02_0026_0012" 5418
"/Engine/EngineMaterials/Substrate/GLints/dict_16_192_64_0p5_0p02_0028_0010" 5419
"../../../Engine/Content/EngineMaterials/Substrate/GLints/dict_16_192_64_0p5_0p02_0029_0006.uasset" 5420
"../../../Engine/Content/EngineMaterials/Substrate/GLints/dict_16_192_64_0p5_0p02_0029_0008.uasset" 5421
"../../../Engine/Content/EngineMaterials/Substrate/GLints/dict_16_192_64_0p5_0p02_0029_0009.uasset" 5422
"../../../Engine/Content/EngineMaterials/Substrate/GLints/dict_16_192_64_0p5_0p02_0029_0010.uasset" 5423
"../../../Engine/Content/EngineMaterials/Substrate/GLints/dict_16_192_64_0p5_0p02_0029_0014.uasset" 5424
"../../../Engine/Content/EngineMaterials/Substrate/GLints/dict_16_192_64_0p5_0p02_0029_0015.uasset" 5425
"../../../Engine/Content/EngineMaterials/Substrate/GLints/dict_16_192_64_0p5_0p02_0030_0000.uasset" 5426
"/Engine/EngineMaterials/Substrate/GLints/dict_16_192_64_0p5_0p02_0029_0005" 5427
"../../../Engine/Content/EngineMaterials/Substrate/GLints/dict_16_192_64_0p5_0p02_0030_0002.uasset" 5428
"../../../Engine/Content/EngineMaterials/Substrate/GLints/dict_16_192_64_0p5_0p02_0029_0011.uasset" 5429
"../../../Engine/Content/EngineMaterials/Substrate/GLints/dict_16_192_64_0p5_0p02_0030_0001.uasset" 5430
"../../../Engine/Content/EngineMaterials/Substrate/GLints/dict_16_192_64_0p5_0p02_0029_0012.uasset" 5431
"../../../Engine/Content/EngineMaterials/Substrate/GLints/dict_16_192_64_0p5_0p02_0030_0006.uasset" 5432
"../../../Engine/Content/EngineMaterials/Substrate/GLints/dict_16_192_64_0p5_0p02_0030_0003.uasset" 5433
"../../../Engine/Content/EngineMaterials/Substrate/GLints/dict_16_192_64_0p5_0p02_0030_0007.uasset" 5434
"../../../Engine/Content/EngineMaterials/Substrate/GLints/dict_16_192_64_0p5_0p02_0030_0008.uasset" 5435
"../../../Engine/Content/EngineMaterials/Substrate/GLints/dict_16_192_64_0p5_0p02_0030_0009.uasset" 5436
"../../../Engine/Content/EngineMaterials/Substrate/GLints/dict_16_192_64_0p5_0p02_0030_0011.uasset" 5437
"../../../Engine/Content/EngineMaterials/Substrate/GLints/dict_16_192_64_0p5_0p02_0030_0010.uasset" 5438
"../../../Engine/Content/EngineMaterials/Substrate/GLints/dict_16_192_64_0p5_0p02_0030_0012.uasset" 5439
"../../../Engine/Content/EngineMaterials/Substrate/GLints/dict_16_192_64_0p5_0p02_0030_0013.uasset" 5440
"../../../Engine/Content/EngineMaterials/Substrate/GLints/dict_16_192_64_0p5_0p02_0030_0015.uasset" 5441
"../../../Engine/Content/EngineMaterials/Substrate/GLints/dict_16_192_64_0p5_0p02_0031_0000.uasset" 5442
"../../../Engine/Content/EngineMaterials/Substrate/GLints/dict_16_192_64_0p5_0p02_0030_0014.uasset" 5443
"../../../Engine/Content/EngineMaterials/Substrate/GLints/dict_16_192_64_0p5_0p02_0029_0013.uasset" 5444
"../../../Engine/Content/EngineMaterials/Substrate/GLints/dict_16_192_64_0p5_0p02_0030_0004.uasset" 5445
"../../../Engine/Content/EngineMaterials/Substrate/GLints/dict_16_192_64_0p5_0p02_0030_0005.uasset" 5446
"../../../Engine/Content/EngineMaterials/Substrate/GLints/dict_16_192_64_0p5_0p02_0029_0007.uasset" 5447
"/Engine/EngineMaterials/Substrate/GLints/dict_16_192_64_0p5_0p02_0029_0004" 5448
"/Engine/EngineMaterials/Substrate/GLints/dict_16_192_64_0p5_0p02_0029_0003" 5449
"/Engine/EngineMaterials/Substrate/GLints/dict_16_192_64_0p5_0p02_0028_0012" 5450
"/Engine/EngineMaterials/Substrate/GLints/dict_16_192_64_0p5_0p02_0029_0009" 5451
"/Engine/EngineMaterials/Substrate/GLints/dict_16_192_64_0p5_0p02_0029_0008" 5452
"/Engine/EngineMaterials/Substrate/GLints/dict_16_192_64_0p5_0p02_0029_0006" 5453
"/Engine/EngineMaterials/Substrate/GLints/dict_16_192_64_0p5_0p02_0028_0009" 5454
"../../../Engine/Content/EngineMaterials/Substrate/GLints/dict_16_192_64_0p5_0p02_0031_0002.uasset" 5455
"../../../Engine/Content/EngineMaterials/Substrate/GLints/dict_16_192_64_0p5_0p02_0031_0003.uasset" 5456
"../../../Engine/Content/EngineMaterials/Substrate/GLints/dict_16_192_64_0p5_0p02_0031_0004.uasset" 5457
"../../../Engine/Content/EngineMaterials/Substrate/GLints/dict_16_192_64_0p5_0p02_0031_0005.uasset" 5458
"../../../Engine/Content/EngineMaterials/Substrate/GLints/dict_16_192_64_0p5_0p02_0031_0006.uasset" 5459
"../../../Engine/Content/EngineMaterials/Substrate/GLints/dict_16_192_64_0p5_0p02_0031_0007.uasset" 5460
"../../../Engine/Content/EngineMaterials/Substrate/GLints/dict_16_192_64_0p5_0p02_0031_0008.uasset" 5461
"../../../Engine/Content/EngineMaterials/Substrate/GLints/dict_16_192_64_0p5_0p02_0031_0001.uasset" 5462
"/Engine/EngineMaterials/Substrate/GLints/dict_16_192_64_0p5_0p02_0031_0000" 5463
"/Engine/EngineMaterials/Substrate/GLints/dict_16_192_64_0p5_0p02_0030_0015" 5464
"/Engine/EngineMaterials/Substrate/GLints/dict_16_192_64_0p5_0p02_0030_0014" 5465
"/Engine/EngineMaterials/Substrate/GLints/dict_16_192_64_0p5_0p02_0030_0013" 5466
"/Engine/EngineMaterials/Substrate/GLints/dict_16_192_64_0p5_0p02_0030_0012" 5467
"/Engine/EngineMaterials/Substrate/GLints/dict_16_192_64_0p5_0p02_0030_0011" 5468
"/Engine/EngineMaterials/Substrate/GLints/dict_16_192_64_0p5_0p02_0030_0010" 5469
"/Engine/EngineMaterials/Substrate/GLints/dict_16_192_64_0p5_0p02_0030_0009" 5470
"/Engine/EngineMaterials/Substrate/GLints/dict_16_192_64_0p5_0p02_0030_0008" 5471
"/Engine/EngineMaterials/Substrate/GLints/dict_16_192_64_0p5_0p02_0030_0007" 5472
"/Engine/EngineMaterials/Substrate/GLints/dict_16_192_64_0p5_0p02_0030_0006" 5473
"/Engine/EngineMaterials/Substrate/GLints/dict_16_192_64_0p5_0p02_0030_0005" 5474
"/Engine/EngineMaterials/Substrate/GLints/dict_16_192_64_0p5_0p02_0030_0004" 5475
"/Engine/EngineMaterials/Substrate/GLints/dict_16_192_64_0p5_0p02_0030_0003" 5476
"/Engine/EngineMaterials/Substrate/GLints/dict_16_192_64_0p5_0p02_0030_0002" 5477
"/Engine/EngineMaterials/Substrate/GLints/dict_16_192_64_0p5_0p02_0031_0008" 5478
"/Engine/EngineMaterials/Substrate/GLints/dict_16_192_64_0p5_0p02_0030_0001" 5479
"/Engine/EngineMaterials/Substrate/GLints/dict_16_192_64_0p5_0p02_0031_0007" 5480
"/Engine/EngineMaterials/Substrate/GLints/dict_16_192_64_0p5_0p02_0031_0006" 5481
"/Engine/EngineMaterials/Substrate/GLints/dict_16_192_64_0p5_0p02_0030_0000" 5482
"/Engine/EngineMaterials/Substrate/GLints/dict_16_192_64_0p5_0p02_0029_0015" 5483
"/Engine/EngineMaterials/Substrate/GLints/dict_16_192_64_0p5_0p02_0029_0014" 5484
"/Engine/EngineMaterials/Substrate/GLints/dict_16_192_64_0p5_0p02_0029_0013" 5485
"/Engine/EngineMaterials/Substrate/GLints/dict_16_192_64_0p5_0p02_0029_0012" 5486
"/Engine/EngineMaterials/Substrate/GLints/dict_16_192_64_0p5_0p02_0029_0011" 5487
"/Engine/EngineMaterials/Substrate/GLints/dict_16_192_64_0p5_0p02_0029_0010" 5488
"/Engine/EngineMaterials/Substrate/GLints/dict_16_192_64_0p5_0p02_0031_0005" 5489
"/Engine/EngineMaterials/Substrate/GLints/dict_16_192_64_0p5_0p02_0031_0004" 5490
"/Engine/EngineMaterials/Substrate/GLints/dict_16_192_64_0p5_0p02_0031_0003" 5491
"/Engine/EngineMaterials/Substrate/GLints/dict_16_192_64_0p5_0p02_0029_0007" 5492
"/Engine/EngineMaterials/Substrate/GLints/dict_16_192_64_0p5_0p02_0031_0002" 5493
"../../../Engine/Content/EngineMaterials/Substrate/GLints/dict_16_192_64_0p5_0p02_0031_0010.uasset" 5494
"../../../Engine/Content/EngineMaterials/Substrate/GLints/dict_16_192_64_0p5_0p02_0031_0011.uasset" 5495
"../../../Engine/Content/EngineMaterials/Substrate/GLints/dict_16_192_64_0p5_0p02_0031_0009.uasset" 5496
"../../../Engine/Content/EngineMaterials/Substrate/GLints/dict_16_192_64_0p5_0p02_0031_0012.uasset" 5497
"../../../Engine/Content/EngineMaterials/Substrate/GLints/dict_16_192_64_0p5_0p02_0031_0013.uasset" 5498
"../../../Engine/Content/EngineMaterials/Substrate/GLints/dict_16_192_64_0p5_0p02_0031_0014.uasset" 5499
"../../../Engine/Content/EngineMaterials/Substrate/GLints/dict_16_192_64_0p5_0p02_0031_0015.uasset" 5500
"../../../Engine/Content/EngineMaterials/Substrate/GLints/dict_16_192_64_0p5_0p02_0032_0001.uasset" 5501
"../../../Engine/Content/EngineMaterials/Substrate/GLints/dict_16_192_64_0p5_0p02_0032_0002.uasset" 5502
"../../../Engine/Content/EngineMaterials/Substrate/GLints/dict_16_192_64_0p5_0p02_0032_0003.uasset" 5503
"../../../Engine/Content/EngineMaterials/Substrate/GLints/dict_16_192_64_0p5_0p02_0032_0004.uasset" 5504
"../../../Engine/Content/EngineMaterials/Substrate/GLints/dict_16_192_64_0p5_0p02_0032_0005.uasset" 5505
"../../../Engine/Content/EngineMaterials/Substrate/GLints/dict_16_192_64_0p5_0p02_0032_0006.uasset" 5506
"/Engine/EngineMaterials/Substrate/GLints/dict_16_192_64_0p5_0p02_0031_0013" 5507
"../../../Engine/Content/EngineMaterials/Substrate/GLints/dict_16_192_64_0p5_0p02_0032_0000.uasset" 5508
"../../../Engine/Content/EngineMaterials/Substrate/GLints/dict_16_192_64_0p5_0p02_0032_0008.uasset" 5509
"../../../Engine/Content/EngineMaterials/Substrate/GLints/dict_16_192_64_0p5_0p02_0032_0007.uasset" 5510
"../../../Engine/Content/EngineMaterials/Substrate/GLints/dict_16_192_64_0p5_0p02_0032_0010.uasset" 5511
"../../../Engine/Content/EngineMaterials/Substrate/GLints/dict_16_192_64_0p5_0p02_0032_0009.uasset" 5512
"../../../Engine/Content/EngineMaterials/Substrate/GLints/dict_16_192_64_0p5_0p02_0032_0013.uasset" 5513
"../../../Engine/Content/EngineMaterials/Substrate/GLints/dict_16_192_64_0p5_0p02_0032_0014.uasset" 5514
"../../../Engine/Content/EngineMaterials/Substrate/GLints/dict_16_192_64_0p5_0p02_0032_0011.uasset" 5515
"../../../Engine/Content/EngineMaterials/Substrate/GLints/dict_16_192_64_0p5_0p02_0033_0001.uasset" 5516
"../../../Engine/Content/EngineMaterials/Substrate/GLints/dict_16_192_64_0p5_0p02_0033_0002.uasset" 5517
"../../../Engine/Content/EngineMaterials/Substrate/GLints/dict_16_192_64_0p5_0p02_0033_0003.uasset" 5518
"../../../Engine/Content/EngineMaterials/Substrate/GLints/dict_16_192_64_0p5_0p02_0033_0000.uasset" 5519
"../../../Engine/Content/EngineMaterials/Substrate/GLints/dict_16_192_64_0p5_0p02_0033_0004.uasset" 5520
"../../../Engine/Content/EngineMaterials/Substrate/GLints/dict_16_192_64_0p5_0p02_0033_0005.uasset" 5521
"../../../Engine/Content/EngineMaterials/Substrate/GLints/dict_16_192_64_0p5_0p02_0033_0006.uasset" 5522
"../../../Engine/Content/EngineMaterials/Substrate/GLints/dict_16_192_64_0p5_0p02_0033_0007.uasset" 5523
"../../../Engine/Content/EngineMaterials/Substrate/GLints/dict_16_192_64_0p5_0p02_0032_0012.uasset" 5524
"/Engine/EngineMaterials/Substrate/GLints/dict_16_192_64_0p5_0p02_0031_0011" 5525
"../../../Engine/Content/EngineMaterials/Substrate/GLints/dict_16_192_64_0p5_0p02_0032_0015.uasset" 5526
"/Engine/EngineMaterials/Substrate/GLints/dict_16_192_64_0p5_0p02_0031_0010" 5527
"/Engine/EngineMaterials/Substrate/GLints/dict_16_192_64_0p5_0p02_0031_0009" 5528
"/Engine/EngineMaterials/Substrate/GLints/dict_16_192_64_0p5_0p02_0031_0001" 5529
"../../../Engine/Content/EngineMaterials/Substrate/GLints/dict_16_192_64_0p5_0p02_0033_0010.uasset" 5530
"../../../Engine/Content/EngineMaterials/Substrate/GLints/dict_16_192_64_0p5_0p02_0033_0009.uasset" 5531
"../../../Engine/Content/EngineMaterials/Substrate/GLints/dict_16_192_64_0p5_0p02_0033_0008.uasset" 5532
"../../../Engine/Content/EngineMaterials/Substrate/GLints/dict_16_192_64_0p5_0p02_0033_0012.uasset" 5533
"../../../Engine/Content/EngineMaterials/Substrate/GLints/dict_16_192_64_0p5_0p02_0033_0011.uasset" 5534
"/Engine/EngineMaterials/Substrate/GLints/dict_16_192_64_0p5_0p02_0033_0007" 5535
"/Engine/EngineMaterials/Substrate/GLints/dict_16_192_64_0p5_0p02_0033_0006" 5536
"/Engine/EngineMaterials/Substrate/GLints/dict_16_192_64_0p5_0p02_0033_0005" 5537
"/Engine/EngineMaterials/Substrate/GLints/dict_16_192_64_0p5_0p02_0033_0004" 5538
"/Engine/EngineMaterials/Substrate/GLints/dict_16_192_64_0p5_0p02_0033_0003" 5539
"/Engine/EngineMaterials/Substrate/GLints/dict_16_192_64_0p5_0p02_0033_0002" 5540
"/Engine/EngineMaterials/Substrate/GLints/dict_16_192_64_0p5_0p02_0033_0001" 5541
"/Engine/EngineMaterials/Substrate/GLints/dict_16_192_64_0p5_0p02_0033_0000" 5542
"/Engine/EngineMaterials/Substrate/GLints/dict_16_192_64_0p5_0p02_0032_0015" 5543
"/Engine/EngineMaterials/Substrate/GLints/dict_16_192_64_0p5_0p02_0032_0014" 5544
"/Engine/EngineMaterials/Substrate/GLints/dict_16_192_64_0p5_0p02_0032_0013" 5545
"/Engine/EngineMaterials/Substrate/GLints/dict_16_192_64_0p5_0p02_0032_0012" 5546
"/Engine/EngineMaterials/Substrate/GLints/dict_16_192_64_0p5_0p02_0032_0011" 5547
"/Engine/EngineMaterials/Substrate/GLints/dict_16_192_64_0p5_0p02_0032_0010" 5548
"/Engine/EngineMaterials/Substrate/GLints/dict_16_192_64_0p5_0p02_0032_0009" 5549
"/Engine/EngineMaterials/Substrate/GLints/dict_16_192_64_0p5_0p02_0032_0008" 5550
"/Engine/EngineMaterials/Substrate/GLints/dict_16_192_64_0p5_0p02_0032_0007" 5551
"/Engine/EngineMaterials/Substrate/GLints/dict_16_192_64_0p5_0p02_0032_0006" 5552
"/Engine/EngineMaterials/Substrate/GLints/dict_16_192_64_0p5_0p02_0032_0005" 5553
"/Engine/EngineMaterials/Substrate/GLints/dict_16_192_64_0p5_0p02_0032_0004" 5554
"/Engine/EngineMaterials/Substrate/GLints/dict_16_192_64_0p5_0p02_0032_0003" 5555
"/Engine/EngineMaterials/Substrate/GLints/dict_16_192_64_0p5_0p02_0032_0002" 5556
"/Engine/EngineMaterials/Substrate/GLints/dict_16_192_64_0p5_0p02_0032_0001" 5557
"/Engine/EngineMaterials/Substrate/GLints/dict_16_192_64_0p5_0p02_0032_0000" 5558
"/Engine/EngineMaterials/Substrate/GLints/dict_16_192_64_0p5_0p02_0031_0015" 5559
"/Engine/EngineMaterials/Substrate/GLints/dict_16_192_64_0p5_0p02_0031_0014" 5560
"/Engine/EngineMaterials/Substrate/GLints/dict_16_192_64_0p5_0p02_0033_0012" 5561
"/Engine/EngineMaterials/Substrate/GLints/dict_16_192_64_0p5_0p02_0031_0012" 5562
"/Engine/EngineMaterials/Substrate/GLints/dict_16_192_64_0p5_0p02_0033_0011" 5563
"/Engine/EngineMaterials/Substrate/GLints/dict_16_192_64_0p5_0p02_0033_0010" 5564
"/Engine/EngineMaterials/Substrate/GLints/dict_16_192_64_0p5_0p02_0033_0009" 5565
"/Engine/EngineMaterials/Substrate/GLints/dict_16_192_64_0p5_0p02_0033_0008" 5566
"../../../Engine/Content/EngineMaterials/Substrate/GLints/dict_16_192_64_0p5_0p02_0033_0013.uasset" 5567
"../../../Engine/Content/EngineMaterials/Substrate/GLints/dict_16_192_64_0p5_0p02_0033_0014.uasset" 5568
"../../../Engine/Content/EngineMaterials/Substrate/GLints/dict_16_192_64_0p5_0p02_0033_0015.uasset" 5569
"../../../Engine/Content/EngineMaterials/Substrate/GLints/dict_16_192_64_0p5_0p02_0034_0000.uasset" 5570
"../../../Engine/Content/EngineMaterials/Substrate/GLints/dict_16_192_64_0p5_0p02_0034_0001.uasset" 5571
"../../../Engine/Content/EngineMaterials/Substrate/GLints/dict_16_192_64_0p5_0p02_0034_0002.uasset" 5572
"../../../Engine/Content/EngineMaterials/Substrate/GLints/dict_16_192_64_0p5_0p02_0034_0003.uasset" 5573
"../../../Engine/Content/EngineMaterials/Substrate/GLints/dict_16_192_64_0p5_0p02_0034_0005.uasset" 5574
"../../../Engine/Content/EngineMaterials/Substrate/GLints/dict_16_192_64_0p5_0p02_0034_0006.uasset" 5575
"/Engine/EngineMaterials/Substrate/GLints/dict_16_192_64_0p5_0p02_0034_0002" 5576
"../../../Engine/Content/EngineMaterials/Substrate/GLints/dict_16_192_64_0p5_0p02_0034_0011.uasset" 5577
"../../../Engine/Content/EngineMaterials/Substrate/GLints/dict_16_192_64_0p5_0p02_0034_0009.uasset" 5578
"../../../Engine/Content/EngineMaterials/Substrate/GLints/dict_16_192_64_0p5_0p02_0034_0012.uasset" 5579
"../../../Engine/Content/EngineMaterials/Substrate/GLints/dict_16_192_64_0p5_0p02_0034_0013.uasset" 5580
"../../../Engine/Content/EngineMaterials/Substrate/GLints/dict_16_192_64_0p5_0p02_0034_0014.uasset" 5581
"../../../Engine/Content/EngineMaterials/Substrate/GLints/dict_16_192_64_0p5_0p02_0034_0010.uasset" 5582
"../../../Engine/Content/EngineMaterials/Substrate/GLints/dict_16_192_64_0p5_0p02_0034_0015.uasset" 5583
"../../../Engine/Content/EngineMaterials/Substrate/GLints/dict_16_192_64_0p5_0p02_0035_0001.uasset" 5584
"../../../Engine/Content/EngineMaterials/Substrate/GLints/dict_16_192_64_0p5_0p02_0035_0002.uasset" 5585
"../../../Engine/Content/EngineMaterials/Substrate/GLints/dict_16_192_64_0p5_0p02_0035_0005.uasset" 5586
"../../../Engine/Content/EngineMaterials/Substrate/GLints/dict_16_192_64_0p5_0p02_0034_0007.uasset" 5587
"../../../Engine/Content/EngineMaterials/Substrate/GLints/dict_16_192_64_0p5_0p02_0035_0003.uasset" 5588
"../../../Engine/Content/EngineMaterials/Substrate/GLints/dict_16_192_64_0p5_0p02_0034_0008.uasset" 5589
"../../../Engine/Content/EngineMaterials/Substrate/GLints/dict_16_192_64_0p5_0p02_0035_0006.uasset" 5590
"../../../Engine/Content/EngineMaterials/Substrate/GLints/dict_16_192_64_0p5_0p02_0035_0007.uasset" 5591
"../../../Engine/Content/EngineMaterials/Substrate/GLints/dict_16_192_64_0p5_0p02_0035_0008.uasset" 5592
"../../../Engine/Content/EngineMaterials/Substrate/GLints/dict_16_192_64_0p5_0p02_0034_0004.uasset" 5593
"../../../Engine/Content/EngineMaterials/Substrate/GLints/dict_16_192_64_0p5_0p02_0035_0009.uasset" 5594
"../../../Engine/Content/EngineMaterials/Substrate/GLints/dict_16_192_64_0p5_0p02_0035_0010.uasset" 5595
"../../../Engine/Content/EngineMaterials/Substrate/GLints/dict_16_192_64_0p5_0p02_0035_0012.uasset" 5596
"../../../Engine/Content/EngineMaterials/Substrate/GLints/dict_16_192_64_0p5_0p02_0035_0011.uasset" 5597
"../../../Engine/Content/EngineMaterials/Substrate/GLints/dict_16_192_64_0p5_0p02_0035_0000.uasset" 5598
"../../../Engine/Content/EngineMaterials/Substrate/GLints/dict_16_192_64_0p5_0p02_0035_0004.uasset" 5599
"/Engine/EngineMaterials/Substrate/GLints/dict_16_192_64_0p5_0p02_0034_0001" 5600
"/Engine/EngineMaterials/Substrate/GLints/dict_16_192_64_0p5_0p02_0034_0000" 5601
"/Engine/EngineMaterials/Substrate/GLints/dict_16_192_64_0p5_0p02_0033_0015" 5602
"/Engine/EngineMaterials/Substrate/GLints/dict_16_192_64_0p5_0p02_0033_0014" 5603
"/Engine/EngineMaterials/Substrate/GLints/dict_16_192_64_0p5_0p02_0033_0013" 5604
"../../../Engine/Content/EngineMaterials/Substrate/GLints/dict_16_192_64_0p5_0p02_0035_0013.uasset" 5605
"../../../Engine/Content/EngineMaterials/Substrate/GLints/dict_16_192_64_0p5_0p02_0036_0002.uasset" 5606
"../../../Engine/Content/EngineMaterials/Substrate/GLints/dict_16_192_64_0p5_0p02_0035_0015.uasset" 5607
"../../../Engine/Content/EngineMaterials/Substrate/GLints/dict_16_192_64_0p5_0p02_0036_0000.uasset" 5608
"../../../Engine/Content/EngineMaterials/Substrate/GLints/dict_16_192_64_0p5_0p02_0036_0001.uasset" 5609
"../../../Engine/Content/EngineMaterials/Substrate/GLints/dict_16_192_64_0p5_0p02_0035_0014.uasset" 5610
"/Engine/EngineMaterials/Substrate/GLints/dict_16_192_64_0p5_0p02_0035_0012" 5611
"/Engine/EngineMaterials/Substrate/GLints/dict_16_192_64_0p5_0p02_0035_0011" 5612
"/Engine/EngineMaterials/Substrate/GLints/dict_16_192_64_0p5_0p02_0035_0010" 5613
"/Engine/EngineMaterials/Substrate/GLints/dict_16_192_64_0p5_0p02_0035_0009" 5614
"/Engine/EngineMaterials/Substrate/GLints/dict_16_192_64_0p5_0p02_0035_0008" 5615
"/Engine/EngineMaterials/Substrate/GLints/dict_16_192_64_0p5_0p02_0035_0007" 5616
"/Engine/EngineMaterials/Substrate/GLints/dict_16_192_64_0p5_0p02_0035_0006" 5617
"/Engine/EngineMaterials/Substrate/GLints/dict_16_192_64_0p5_0p02_0035_0005" 5618
"/Engine/EngineMaterials/Substrate/GLints/dict_16_192_64_0p5_0p02_0035_0004" 5619
"/Engine/EngineMaterials/Substrate/GLints/dict_16_192_64_0p5_0p02_0035_0003" 5620
"/Engine/EngineMaterials/Substrate/GLints/dict_16_192_64_0p5_0p02_0035_0002" 5621
"/Engine/EngineMaterials/Substrate/GLints/dict_16_192_64_0p5_0p02_0035_0001" 5622
"/Engine/EngineMaterials/Substrate/GLints/dict_16_192_64_0p5_0p02_0035_0000" 5623
"/Engine/EngineMaterials/Substrate/GLints/dict_16_192_64_0p5_0p02_0034_0015" 5624
"/Engine/EngineMaterials/Substrate/GLints/dict_16_192_64_0p5_0p02_0034_0014" 5625
"/Engine/EngineMaterials/Substrate/GLints/dict_16_192_64_0p5_0p02_0034_0013" 5626
"/Engine/EngineMaterials/Substrate/GLints/dict_16_192_64_0p5_0p02_0034_0012" 5627
"/Engine/EngineMaterials/Substrate/GLints/dict_16_192_64_0p5_0p02_0034_0011" 5628
"/Engine/EngineMaterials/Substrate/GLints/dict_16_192_64_0p5_0p02_0034_0010" 5629
"/Engine/EngineMaterials/Substrate/GLints/dict_16_192_64_0p5_0p02_0034_0009" 5630
"/Engine/EngineMaterials/Substrate/GLints/dict_16_192_64_0p5_0p02_0034_0008" 5631
"/Engine/EngineMaterials/Substrate/GLints/dict_16_192_64_0p5_0p02_0034_0007" 5632
"/Engine/EngineMaterials/Substrate/GLints/dict_16_192_64_0p5_0p02_0034_0006" 5633
"/Engine/EngineMaterials/Substrate/GLints/dict_16_192_64_0p5_0p02_0034_0005" 5634
"/Engine/EngineMaterials/Substrate/GLints/dict_16_192_64_0p5_0p02_0034_0004" 5635
"/Engine/EngineMaterials/Substrate/GLints/dict_16_192_64_0p5_0p02_0034_0003" 5636
"/Engine/EngineMaterials/Substrate/GLints/dict_16_192_64_0p5_0p02_0036_0002" 5637
"/Engine/EngineMaterials/Substrate/GLints/dict_16_192_64_0p5_0p02_0035_0015" 5638
"/Engine/EngineMaterials/Substrate/GLints/dict_16_192_64_0p5_0p02_0035_0013" 5639
"../../../Engine/Content/EngineMaterials/Substrate/GLints/dict_16_192_64_0p5_0p02_0036_0003.uasset" 5640
"../../../Engine/Content/EngineMaterials/Substrate/GLints/dict_16_192_64_0p5_0p02_0036_0004.uasset" 5641
"../../../Engine/Content/EngineMaterials/Substrate/GLints/dict_16_192_64_0p5_0p02_0036_0007.uasset" 5642
"../../../Engine/Content/EngineMaterials/Substrate/GLints/dict_16_192_64_0p5_0p02_0036_0008.uasset" 5643
"../../../Engine/Content/EngineMaterials/Substrate/GLints/dict_16_192_64_0p5_0p02_0036_0009.uasset" 5644
"../../../Engine/Content/EngineMaterials/Substrate/GLints/dict_16_192_64_0p5_0p02_0036_0010.uasset" 5645
"../../../Engine/Content/EngineMaterials/Substrate/GLints/dict_16_192_64_0p5_0p02_0036_0005.uasset" 5646
"../../../Engine/Content/EngineMaterials/Substrate/GLints/dict_16_192_64_0p5_0p02_0036_0011.uasset" 5647
"../../../Engine/Content/EngineMaterials/Substrate/GLints/dict_16_192_64_0p5_0p02_0036_0013.uasset" 5648
"../../../Engine/Content/EngineMaterials/Substrate/GLints/dict_16_192_64_0p5_0p02_0036_0014.uasset" 5649
"../../../Engine/Content/EngineMaterials/Substrate/GLints/dict_16_192_64_0p5_0p02_0036_0012.uasset" 5650
"../../../Engine/Content/EngineMaterials/Substrate/GLints/dict_16_192_64_0p5_0p02_0036_0015.uasset" 5651
"../../../Engine/Content/EngineMaterials/Substrate/GLints/dict_16_192_64_0p5_0p02_0037_0000.uasset" 5652
"../../../Engine/Content/EngineMaterials/Substrate/GLints/dict_16_192_64_0p5_0p02_0037_0001.uasset" 5653
"../../../Engine/Content/EngineMaterials/Substrate/GLints/dict_16_192_64_0p5_0p02_0037_0002.uasset" 5654
"../../../Engine/Content/EngineMaterials/Substrate/GLints/dict_16_192_64_0p5_0p02_0037_0003.uasset" 5655
"/Engine/EngineMaterials/Substrate/GLints/dict_16_192_64_0p5_0p02_0036_0011" 5656
"../../../Engine/Content/EngineMaterials/Substrate/GLints/dict_16_192_64_0p5_0p02_0037_0005.uasset" 5657
"../../../Engine/Content/EngineMaterials/Substrate/GLints/dict_16_192_64_0p5_0p02_0037_0006.uasset" 5658
"../../../Engine/Content/EngineMaterials/Substrate/GLints/dict_16_192_64_0p5_0p02_0037_0007.uasset" 5659
"../../../Engine/Content/EngineMaterials/Substrate/GLints/dict_16_192_64_0p5_0p02_0037_0008.uasset" 5660
"../../../Engine/Content/EngineMaterials/Substrate/GLints/dict_16_192_64_0p5_0p02_0037_0009.uasset" 5661
"../../../Engine/Content/EngineMaterials/Substrate/GLints/dict_16_192_64_0p5_0p02_0037_0010.uasset" 5662
"../../../Engine/Content/EngineMaterials/Substrate/GLints/dict_16_192_64_0p5_0p02_0037_0011.uasset" 5663
"../../../Engine/Content/EngineMaterials/Substrate/GLints/dict_16_192_64_0p5_0p02_0037_0012.uasset" 5664
"../../../Engine/Content/EngineMaterials/Substrate/GLints/dict_16_192_64_0p5_0p02_0037_0004.uasset" 5665
"../../../Engine/Content/EngineMaterials/Substrate/GLints/dict_16_192_64_0p5_0p02_0037_0013.uasset" 5666
"../../../Engine/Content/EngineMaterials/Substrate/GLints/dict_16_192_64_0p5_0p02_0037_0014.uasset" 5667
"../../../Engine/Content/EngineMaterials/Substrate/GLints/dict_16_192_64_0p5_0p02_0037_0015.uasset" 5668
"../../../Engine/Content/EngineMaterials/Substrate/GLints/dict_16_192_64_0p5_0p02_0036_0006.uasset" 5669
"/Engine/EngineMaterials/Substrate/GLints/dict_16_192_64_0p5_0p02_0036_0010" 5670
"/Engine/EngineMaterials/Substrate/GLints/dict_16_192_64_0p5_0p02_0036_0009" 5671
"/Engine/EngineMaterials/Substrate/GLints/dict_16_192_64_0p5_0p02_0036_0008" 5672
"/Engine/EngineMaterials/Substrate/GLints/dict_16_192_64_0p5_0p02_0036_0007" 5673
"/Engine/EngineMaterials/Substrate/GLints/dict_16_192_64_0p5_0p02_0036_0005" 5674
"/Engine/EngineMaterials/Substrate/GLints/dict_16_192_64_0p5_0p02_0036_0001" 5675
"/Engine/EngineMaterials/Substrate/GLints/dict_16_192_64_0p5_0p02_0036_0000" 5676
"/Engine/EngineMaterials/Substrate/GLints/dict_16_192_64_0p5_0p02_0036_0004" 5677
"/Engine/EngineMaterials/Substrate/GLints/dict_16_192_64_0p5_0p02_0035_0014" 5678
"/Engine/EngineMaterials/Substrate/GLints/dict_16_192_64_0p5_0p02_0036_0003" 5679
"../../../Engine/Content/EngineMaterials/Substrate/GLints/dict_16_192_64_0p5_0p02_0038_0000.uasset" 5680
"../../../Engine/Content/EngineMaterials/Substrate/GLints/dict_16_192_64_0p5_0p02_0038_0001.uasset" 5681
"../../../Engine/Content/EngineMaterials/Substrate/GLints/dict_16_192_64_0p5_0p02_0038_0002.uasset" 5682
"../../../Engine/Content/EngineMaterials/Substrate/GLints/dict_16_192_64_0p5_0p02_0038_0004.uasset" 5683
"../../../Engine/Content/EngineMaterials/Substrate/GLints/dict_16_192_64_0p5_0p02_0038_0003.uasset" 5684
"../../../Engine/Content/EngineMaterials/Substrate/GLints/dict_16_192_64_0p5_0p02_0038_0005.uasset" 5685
"../../../Engine/Content/EngineMaterials/Substrate/GLints/dict_16_192_64_0p5_0p02_0038_0006.uasset" 5686
"../../../Engine/Content/EngineMaterials/Substrate/GLints/dict_16_192_64_0p5_0p02_0038_0008.uasset" 5687
"/Engine/EngineMaterials/Substrate/GLints/dict_16_192_64_0p5_0p02_0037_0015" 5688
"../../../Engine/Content/EngineMaterials/Substrate/GLints/dict_16_192_64_0p5_0p02_0038_0010.uasset" 5689
"../../../Engine/Content/EngineMaterials/Substrate/GLints/dict_16_192_64_0p5_0p02_0038_0009.uasset" 5690
"../../../Engine/Content/EngineMaterials/Substrate/GLints/dict_16_192_64_0p5_0p02_0038_0007.uasset" 5691
"/Engine/EngineMaterials/Substrate/GLints/dict_16_192_64_0p5_0p02_0037_0014" 5692
"/Engine/EngineMaterials/Substrate/GLints/dict_16_192_64_0p5_0p02_0037_0013" 5693
"/Engine/EngineMaterials/Substrate/GLints/dict_16_192_64_0p5_0p02_0037_0012" 5694
"/Engine/EngineMaterials/Substrate/GLints/dict_16_192_64_0p5_0p02_0037_0011" 5695
"/Engine/EngineMaterials/Substrate/GLints/dict_16_192_64_0p5_0p02_0037_0010" 5696
"/Engine/EngineMaterials/Substrate/GLints/dict_16_192_64_0p5_0p02_0037_0009" 5697
"/Engine/EngineMaterials/Substrate/GLints/dict_16_192_64_0p5_0p02_0037_0008" 5698
"/Engine/EngineMaterials/Substrate/GLints/dict_16_192_64_0p5_0p02_0037_0007" 5699
"/Engine/EngineMaterials/Substrate/GLints/dict_16_192_64_0p5_0p02_0037_0006" 5700
"/Engine/EngineMaterials/Substrate/GLints/dict_16_192_64_0p5_0p02_0037_0005" 5701
"/Engine/EngineMaterials/Substrate/GLints/dict_16_192_64_0p5_0p02_0037_0004" 5702
"/Engine/EngineMaterials/Substrate/GLints/dict_16_192_64_0p5_0p02_0037_0003" 5703
"/Engine/EngineMaterials/Substrate/GLints/dict_16_192_64_0p5_0p02_0037_0002" 5704
"/Engine/EngineMaterials/Substrate/GLints/dict_16_192_64_0p5_0p02_0037_0001" 5705
"/Engine/EngineMaterials/Substrate/GLints/dict_16_192_64_0p5_0p02_0037_0000" 5706
"/Engine/EngineMaterials/Substrate/GLints/dict_16_192_64_0p5_0p02_0036_0015" 5707
"/Engine/EngineMaterials/Substrate/GLints/dict_16_192_64_0p5_0p02_0036_0014" 5708
"/Engine/EngineMaterials/Substrate/GLints/dict_16_192_64_0p5_0p02_0036_0013" 5709
"/Engine/EngineMaterials/Substrate/GLints/dict_16_192_64_0p5_0p02_0036_0012" 5710
"/Engine/EngineMaterials/Substrate/GLints/dict_16_192_64_0p5_0p02_0036_0006" 5711
"/Engine/EngineMaterials/Substrate/GLints/dict_16_192_64_0p5_0p02_0038_0002" 5712
"/Engine/EngineMaterials/Substrate/GLints/dict_16_192_64_0p5_0p02_0038_0001" 5713
"/Engine/EngineMaterials/Substrate/GLints/dict_16_192_64_0p5_0p02_0038_0000" 5714
"../../../Engine/Content/EngineMaterials/Substrate/GLints/dict_16_192_64_0p5_0p02_0038_0012.uasset" 5715
"../../../Engine/Content/EngineMaterials/Substrate/GLints/dict_16_192_64_0p5_0p02_0038_0013.uasset" 5716
"../../../Engine/Content/EngineMaterials/Substrate/GLints/dict_16_192_64_0p5_0p02_0038_0014.uasset" 5717
"../../../Engine/Content/EngineMaterials/Substrate/GLints/dict_16_192_64_0p5_0p02_0039_0000.uasset" 5718
"../../../Engine/Content/EngineMaterials/Substrate/GLints/dict_16_192_64_0p5_0p02_0038_0015.uasset" 5719
"../../../Engine/Content/EngineMaterials/Substrate/GLints/dict_16_192_64_0p5_0p02_0039_0002.uasset" 5720
"../../../Engine/Content/EngineMaterials/Substrate/GLints/dict_16_192_64_0p5_0p02_0039_0001.uasset" 5721
"/Engine/EngineMaterials/Substrate/GLints/dict_16_192_64_0p5_0p02_0038_0010" 5722
"../../../Engine/Content/EngineMaterials/Substrate/GLints/dict_16_192_64_0p5_0p02_0039_0003.uasset" 5723
"../../../Engine/Content/EngineMaterials/Substrate/GLints/dict_16_192_64_0p5_0p02_0039_0004.uasset" 5724
"../../../Engine/Content/EngineMaterials/Substrate/GLints/dict_16_192_64_0p5_0p02_0039_0005.uasset" 5725
"../../../Engine/Content/EngineMaterials/Substrate/GLints/dict_16_192_64_0p5_0p02_0039_0006.uasset" 5726
"../../../Engine/Content/EngineMaterials/Substrate/GLints/dict_16_192_64_0p5_0p02_0039_0007.uasset" 5727
"../../../Engine/Content/EngineMaterials/Substrate/GLints/dict_16_192_64_0p5_0p02_0039_0009.uasset" 5728
"../../../Engine/Content/EngineMaterials/Substrate/GLints/dict_16_192_64_0p5_0p02_0039_0008.uasset" 5729
"../../../Engine/Content/EngineMaterials/Substrate/GLints/dict_16_192_64_0p5_0p02_0039_0011.uasset" 5730
"../../../Engine/Content/EngineMaterials/Substrate/GLints/dict_16_192_64_0p5_0p02_0039_0013.uasset" 5731
"../../../Engine/Content/EngineMaterials/Substrate/GLints/dict_16_192_64_0p5_0p02_0039_0012.uasset" 5732
"../../../Engine/Content/EngineMaterials/Substrate/GLints/dict_16_192_64_0p5_0p02_0039_0015.uasset" 5733
"../../../Engine/Content/EngineMaterials/Substrate/GLints/dict_16_192_64_0p5_0p02_0040_0002.uasset" 5734
"../../../Engine/Content/EngineMaterials/Substrate/GLints/dict_16_192_64_0p5_0p02_0040_0001.uasset" 5735
"../../../Engine/Content/EngineMaterials/Substrate/GLints/dict_16_192_64_0p5_0p02_0040_0000.uasset" 5736
"../../../Engine/Content/EngineMaterials/Substrate/GLints/dict_16_192_64_0p5_0p02_0038_0011.uasset" 5737
"../../../Engine/Content/EngineMaterials/Substrate/GLints/dict_16_192_64_0p5_0p02_0039_0014.uasset" 5738
"../../../Engine/Content/EngineMaterials/Substrate/GLints/dict_16_192_64_0p5_0p02_0039_0010.uasset" 5739
"/Engine/EngineMaterials/Substrate/GLints/dict_16_192_64_0p5_0p02_0038_0009" 5740
"/Engine/EngineMaterials/Substrate/GLints/dict_16_192_64_0p5_0p02_0038_0008" 5741
"/Engine/EngineMaterials/Substrate/GLints/dict_16_192_64_0p5_0p02_0038_0007" 5742
"/Engine/EngineMaterials/Substrate/GLints/dict_16_192_64_0p5_0p02_0038_0006" 5743
"/Engine/EngineMaterials/Substrate/GLints/dict_16_192_64_0p5_0p02_0038_0005" 5744
"/Engine/EngineMaterials/Substrate/GLints/dict_16_192_64_0p5_0p02_0038_0004" 5745
"/Engine/EngineMaterials/Substrate/GLints/dict_16_192_64_0p5_0p02_0038_0003" 5746
"/Engine/EngineMaterials/Substrate/GLints/dict_16_192_64_0p5_0p02_0038_0013" 5747
"/Engine/EngineMaterials/Substrate/GLints/dict_16_192_64_0p5_0p02_0038_0012" 5748
"../../../Engine/Content/EngineMaterials/Substrate/GLints/dict_16_192_64_0p5_0p02_0040_0003.uasset" 5749
"../../../Engine/Content/EngineMaterials/Substrate/GLints/dict_16_192_64_0p5_0p02_0040_0006.uasset" 5750
"../../../Engine/Content/EngineMaterials/Substrate/GLints/dict_16_192_64_0p5_0p02_0040_0009.uasset" 5751
"../../../Engine/Content/EngineMaterials/Substrate/GLints/dict_16_192_64_0p5_0p02_0040_0010.uasset" 5752
"../../../Engine/Content/EngineMaterials/Substrate/GLints/dict_16_192_64_0p5_0p02_0040_0007.uasset" 5753
"../../../Engine/Content/EngineMaterials/Substrate/GLints/dict_16_192_64_0p5_0p02_0040_0012.uasset" 5754
"../../../Engine/Content/EngineMaterials/Substrate/GLints/dict_16_192_64_0p5_0p02_0040_0008.uasset" 5755
"../../../Engine/Content/EngineMaterials/Substrate/GLints/dict_16_192_64_0p5_0p02_0040_0005.uasset" 5756
"../../../Engine/Content/EngineMaterials/Substrate/GLints/dict_16_192_64_0p5_0p02_0040_0004.uasset" 5757
"../../../Engine/Content/EngineMaterials/Substrate/GLints/dict_16_192_64_0p5_0p02_0040_0011.uasset" 5758
"/Engine/EngineMaterials/Substrate/GLints/dict_16_192_64_0p5_0p02_0040_0002" 5759
"/Engine/EngineMaterials/Substrate/GLints/dict_16_192_64_0p5_0p02_0040_0001" 5760
"/Engine/EngineMaterials/Substrate/GLints/dict_16_192_64_0p5_0p02_0040_0000" 5761
"/Engine/EngineMaterials/Substrate/GLints/dict_16_192_64_0p5_0p02_0039_0015" 5762
"/Engine/EngineMaterials/Substrate/GLints/dict_16_192_64_0p5_0p02_0039_0014" 5763
"/Engine/EngineMaterials/Substrate/GLints/dict_16_192_64_0p5_0p02_0039_0013" 5764
"/Engine/EngineMaterials/Substrate/GLints/dict_16_192_64_0p5_0p02_0039_0012" 5765
"/Engine/EngineMaterials/Substrate/GLints/dict_16_192_64_0p5_0p02_0039_0011" 5766
"/Engine/EngineMaterials/Substrate/GLints/dict_16_192_64_0p5_0p02_0039_0010" 5767
"/Engine/EngineMaterials/Substrate/GLints/dict_16_192_64_0p5_0p02_0039_0009" 5768
"/Engine/EngineMaterials/Substrate/GLints/dict_16_192_64_0p5_0p02_0039_0008" 5769
"/Engine/EngineMaterials/Substrate/GLints/dict_16_192_64_0p5_0p02_0039_0007" 5770
"/Engine/EngineMaterials/Substrate/GLints/dict_16_192_64_0p5_0p02_0039_0006" 5771
"/Engine/EngineMaterials/Substrate/GLints/dict_16_192_64_0p5_0p02_0039_0005" 5772
"/Engine/EngineMaterials/Substrate/GLints/dict_16_192_64_0p5_0p02_0039_0004" 5773
"/Engine/EngineMaterials/Substrate/GLints/dict_16_192_64_0p5_0p02_0039_0003" 5774
"/Engine/EngineMaterials/Substrate/GLints/dict_16_192_64_0p5_0p02_0039_0002" 5775
"/Engine/EngineMaterials/Substrate/GLints/dict_16_192_64_0p5_0p02_0039_0001" 5776
"/Engine/EngineMaterials/Substrate/GLints/dict_16_192_64_0p5_0p02_0039_0000" 5777
"/Engine/EngineMaterials/Substrate/GLints/dict_16_192_64_0p5_0p02_0038_0015" 5778
"/Engine/EngineMaterials/Substrate/GLints/dict_16_192_64_0p5_0p02_0040_0012" 5779
"/Engine/EngineMaterials/Substrate/GLints/dict_16_192_64_0p5_0p02_0040_0011" 5780
"/Engine/EngineMaterials/Substrate/GLints/dict_16_192_64_0p5_0p02_0040_0010" 5781
"/Engine/EngineMaterials/Substrate/GLints/dict_16_192_64_0p5_0p02_0040_0009" 5782
"/Engine/EngineMaterials/Substrate/GLints/dict_16_192_64_0p5_0p02_0040_0008" 5783
"/Engine/EngineMaterials/Substrate/GLints/dict_16_192_64_0p5_0p02_0038_0014" 5784
"/Engine/EngineMaterials/Substrate/GLints/dict_16_192_64_0p5_0p02_0040_0007" 5785
"/Engine/EngineMaterials/Substrate/GLints/dict_16_192_64_0p5_0p02_0040_0006" 5786
"/Engine/EngineMaterials/Substrate/GLints/dict_16_192_64_0p5_0p02_0040_0005" 5787
"/Engine/EngineMaterials/Substrate/GLints/dict_16_192_64_0p5_0p02_0040_0004" 5788
"/Engine/EngineMaterials/Substrate/GLints/dict_16_192_64_0p5_0p02_0040_0003" 5789
"/Engine/EngineMaterials/Substrate/GLints/dict_16_192_64_0p5_0p02_0038_0011" 5790
"../../../Engine/Content/EngineMaterials/Substrate/GLints/dict_16_192_64_0p5_0p02_0041_0000.uasset" 5791
"../../../Engine/Content/EngineMaterials/Substrate/GLints/dict_16_192_64_0p5_0p02_0041_0002.uasset" 5792
"../../../Engine/Content/EngineMaterials/Substrate/GLints/dict_16_192_64_0p5_0p02_0041_0003.uasset" 5793
"../../../Engine/Content/EngineMaterials/Substrate/GLints/dict_16_192_64_0p5_0p02_0041_0004.uasset" 5794
"../../../Engine/Content/EngineMaterials/Substrate/GLints/dict_16_192_64_0p5_0p02_0041_0005.uasset" 5795
"../../../Engine/Content/EngineMaterials/Substrate/GLints/dict_16_192_64_0p5_0p02_0041_0006.uasset" 5796
"../../../Engine/Content/EngineMaterials/Substrate/GLints/dict_16_192_64_0p5_0p02_0040_0013.uasset" 5797
"../../../Engine/Content/EngineMaterials/Substrate/GLints/dict_16_192_64_0p5_0p02_0041_0007.uasset" 5798
"../../../Engine/Content/EngineMaterials/Substrate/GLints/dict_16_192_64_0p5_0p02_0041_0008.uasset" 5799
"/Engine/EngineMaterials/Substrate/GLints/dict_16_192_64_0p5_0p02_0041_0003" 5800
"../../../Engine/Content/EngineMaterials/Substrate/GLints/dict_16_192_64_0p5_0p02_0041_0009.uasset" 5801
"../../../Engine/Content/EngineMaterials/Substrate/GLints/dict_16_192_64_0p5_0p02_0041_0010.uasset" 5802
"../../../Engine/Content/EngineMaterials/Substrate/GLints/dict_16_192_64_0p5_0p02_0041_0011.uasset" 5803
"../../../Engine/Content/EngineMaterials/Substrate/GLints/dict_16_192_64_0p5_0p02_0041_0012.uasset" 5804
"../../../Engine/Content/EngineMaterials/Substrate/GLints/dict_16_192_64_0p5_0p02_0041_0014.uasset" 5805
"../../../Engine/Content/EngineMaterials/Substrate/GLints/dict_16_192_64_0p5_0p02_0041_0013.uasset" 5806
"../../../Engine/Content/EngineMaterials/Substrate/GLints/dict_16_192_64_0p5_0p02_0041_0015.uasset" 5807
"../../../Engine/Content/EngineMaterials/Substrate/GLints/dict_16_192_64_0p5_0p02_0042_0000.uasset" 5808
"../../../Engine/Content/EngineMaterials/Substrate/GLints/dict_16_192_64_0p5_0p02_0042_0001.uasset" 5809
"../../../Engine/Content/EngineMaterials/Substrate/GLints/dict_16_192_64_0p5_0p02_0042_0002.uasset" 5810
"../../../Engine/Content/EngineMaterials/Substrate/GLints/dict_16_192_64_0p5_0p02_0042_0003.uasset" 5811
"../../../Engine/Content/EngineMaterials/Substrate/GLints/dict_16_192_64_0p5_0p02_0042_0004.uasset" 5812
"../../../Engine/Content/EngineMaterials/Substrate/GLints/dict_16_192_64_0p5_0p02_0042_0005.uasset" 5813
"../../../Engine/Content/EngineMaterials/Substrate/GLints/dict_16_192_64_0p5_0p02_0042_0006.uasset" 5814
"../../../Engine/Content/EngineMaterials/Substrate/GLints/dict_16_192_64_0p5_0p02_0042_0007.uasset" 5815
"../../../Engine/Content/EngineMaterials/Substrate/GLints/dict_16_192_64_0p5_0p02_0042_0008.uasset" 5816
"../../../Engine/Content/EngineMaterials/Substrate/GLints/dict_16_192_64_0p5_0p02_0042_0009.uasset" 5817
"../../../Engine/Content/EngineMaterials/Substrate/GLints/dict_16_192_64_0p5_0p02_0042_0010.uasset" 5818
"../../../Engine/Content/EngineMaterials/Substrate/GLints/dict_16_192_64_0p5_0p02_0042_0011.uasset" 5819
"../../../Engine/Content/EngineMaterials/Substrate/GLints/dict_16_192_64_0p5_0p02_0042_0012.uasset" 5820
"../../../Engine/Content/EngineMaterials/Substrate/GLints/dict_16_192_64_0p5_0p02_0040_0015.uasset" 5821
"../../../Engine/Content/EngineMaterials/Substrate/GLints/dict_16_192_64_0p5_0p02_0041_0001.uasset" 5822
"../../../Engine/Content/EngineMaterials/Substrate/GLints/dict_16_192_64_0p5_0p02_0040_0014.uasset" 5823
"/Engine/EngineMaterials/Substrate/GLints/dict_16_192_64_0p5_0p02_0041_0002" 5824
"/Engine/EngineMaterials/Substrate/GLints/dict_16_192_64_0p5_0p02_0041_0000" 5825
"../../../Engine/Content/EngineMaterials/Substrate/GLints/dict_16_192_64_0p5_0p02_0042_0014.uasset" 5826
"../../../Engine/Content/EngineMaterials/Substrate/GLints/dict_16_192_64_0p5_0p02_0042_0013.uasset" 5827
"../../../Engine/Content/EngineMaterials/Substrate/GLints/dict_16_192_64_0p5_0p02_0042_0015.uasset" 5828
"/Engine/EngineMaterials/Substrate/GLints/dict_16_192_64_0p5_0p02_0042_0012" 5829
"/Engine/EngineMaterials/Substrate/GLints/dict_16_192_64_0p5_0p02_0042_0011" 5830
"/Engine/EngineMaterials/Substrate/GLints/dict_16_192_64_0p5_0p02_0042_0010" 5831
"/Engine/EngineMaterials/Substrate/GLints/dict_16_192_64_0p5_0p02_0042_0009" 5832
"/Engine/EngineMaterials/Substrate/GLints/dict_16_192_64_0p5_0p02_0042_0008" 5833
"/Engine/EngineMaterials/Substrate/GLints/dict_16_192_64_0p5_0p02_0042_0007" 5834
"/Engine/EngineMaterials/Substrate/GLints/dict_16_192_64_0p5_0p02_0042_0006" 5835
"/Engine/EngineMaterials/Substrate/GLints/dict_16_192_64_0p5_0p02_0042_0005" 5836
"/Engine/EngineMaterials/Substrate/GLints/dict_16_192_64_0p5_0p02_0042_0004" 5837
"/Engine/EngineMaterials/Substrate/GLints/dict_16_192_64_0p5_0p02_0042_0003" 5838
"/Engine/EngineMaterials/Substrate/GLints/dict_16_192_64_0p5_0p02_0042_0002" 5839
"/Engine/EngineMaterials/Substrate/GLints/dict_16_192_64_0p5_0p02_0042_0001" 5840
"/Engine/EngineMaterials/Substrate/GLints/dict_16_192_64_0p5_0p02_0042_0000" 5841
"/Engine/EngineMaterials/Substrate/GLints/dict_16_192_64_0p5_0p02_0041_0015" 5842
"/Engine/EngineMaterials/Substrate/GLints/dict_16_192_64_0p5_0p02_0041_0014" 5843
"/Engine/EngineMaterials/Substrate/GLints/dict_16_192_64_0p5_0p02_0041_0013" 5844
"/Engine/EngineMaterials/Substrate/GLints/dict_16_192_64_0p5_0p02_0041_0012" 5845
"/Engine/EngineMaterials/Substrate/GLints/dict_16_192_64_0p5_0p02_0041_0011" 5846
"/Engine/EngineMaterials/Substrate/GLints/dict_16_192_64_0p5_0p02_0041_0010" 5847
"/Engine/EngineMaterials/Substrate/GLints/dict_16_192_64_0p5_0p02_0041_0009" 5848
"/Engine/EngineMaterials/Substrate/GLints/dict_16_192_64_0p5_0p02_0041_0008" 5849
"/Engine/EngineMaterials/Substrate/GLints/dict_16_192_64_0p5_0p02_0041_0007" 5850
"/Engine/EngineMaterials/Substrate/GLints/dict_16_192_64_0p5_0p02_0041_0006" 5851
"/Engine/EngineMaterials/Substrate/GLints/dict_16_192_64_0p5_0p02_0041_0005" 5852
"/Engine/EngineMaterials/Substrate/GLints/dict_16_192_64_0p5_0p02_0041_0004" 5853
"/Engine/EngineMaterials/Substrate/GLints/dict_16_192_64_0p5_0p02_0042_0014" 5854
"/Engine/EngineMaterials/Substrate/GLints/dict_16_192_64_0p5_0p02_0041_0001" 5855
"/Engine/EngineMaterials/Substrate/GLints/dict_16_192_64_0p5_0p02_0042_0013" 5856
"/Engine/EngineMaterials/Substrate/GLints/dict_16_192_64_0p5_0p02_0040_0015" 5857
"/Engine/EngineMaterials/Substrate/GLints/dict_16_192_64_0p5_0p02_0040_0014" 5858
"/Engine/EngineMaterials/Substrate/GLints/dict_16_192_64_0p5_0p02_0040_0013" 5859
"../../../Engine/Content/EngineMaterials/Substrate/GLints/dict_16_192_64_0p5_0p02_0043_0000.uasset" 5860
"../../../Engine/Content/EngineMaterials/Substrate/GLints/dict_16_192_64_0p5_0p02_0043_0001.uasset" 5861
"../../../Engine/Content/EngineMaterials/Substrate/GLints/dict_16_192_64_0p5_0p02_0043_0002.uasset" 5862
"../../../Engine/Content/EngineMaterials/Substrate/GLints/dict_16_192_64_0p5_0p02_0043_0004.uasset" 5863
"/Engine/EngineMaterials/Substrate/GLints/dict_16_192_64_0p5_0p02_0042_0015" 5864
"../../../Engine/Content/EngineMaterials/Substrate/GLints/dict_16_192_64_0p5_0p02_0043_0003.uasset" 5865
"../../../Engine/Content/EngineMaterials/Substrate/GLints/dict_16_192_64_0p5_0p02_0043_0006.uasset" 5866
"../../../Engine/Content/EngineMaterials/Substrate/GLints/dict_16_192_64_0p5_0p02_0043_0005.uasset" 5867
"../../../Engine/Content/EngineMaterials/Substrate/GLints/dict_16_192_64_0p5_0p02_0043_0007.uasset" 5868
"../../../Engine/Content/EngineMaterials/Substrate/GLints/dict_16_192_64_0p5_0p02_0043_0008.uasset" 5869
"../../../Engine/Content/EngineMaterials/Substrate/GLints/dict_16_192_64_0p5_0p02_0043_0010.uasset" 5870
"../../../Engine/Content/EngineMaterials/Substrate/GLints/dict_16_192_64_0p5_0p02_0043_0012.uasset" 5871
"../../../Engine/Content/EngineMaterials/Substrate/GLints/dict_16_192_64_0p5_0p02_0043_0011.uasset" 5872
"../../../Engine/Content/EngineMaterials/Substrate/GLints/dict_16_192_64_0p5_0p02_0043_0013.uasset" 5873
"../../../Engine/Content/EngineMaterials/Substrate/GLints/dict_16_192_64_0p5_0p02_0043_0014.uasset" 5874
"../../../Engine/Content/EngineMaterials/Substrate/GLints/dict_16_192_64_0p5_0p02_0043_0015.uasset" 5875
"../../../Engine/Content/EngineMaterials/Substrate/GLints/dict_16_192_64_0p5_0p02_0043_0009.uasset" 5876
"../../../Engine/Content/EngineMaterials/Substrate/GLints/dict_16_192_64_0p5_0p02_0044_0002.uasset" 5877
"../../../Engine/Content/EngineMaterials/Substrate/GLints/dict_16_192_64_0p5_0p02_0044_0003.uasset" 5878
"../../../Engine/Content/EngineMaterials/Substrate/GLints/dict_16_192_64_0p5_0p02_0044_0001.uasset" 5879
"../../../Engine/Content/EngineMaterials/Substrate/GLints/dict_16_192_64_0p5_0p02_0044_0000.uasset" 5880
"../../../Engine/Content/EngineMaterials/Substrate/GLints/dict_16_192_64_0p5_0p02_0044_0006.uasset" 5881
"/Engine/EngineMaterials/Substrate/GLints/dict_16_192_64_0p5_0p02_0043_0000" 5882
"../../../Engine/Content/EngineMaterials/Substrate/GLints/dict_16_192_64_0p5_0p02_0044_0008.uasset" 5883
"../../../Engine/Content/EngineMaterials/Substrate/GLints/dict_16_192_64_0p5_0p02_0044_0004.uasset" 5884
"../../../Engine/Content/EngineMaterials/Substrate/GLints/dict_16_192_64_0p5_0p02_0044_0009.uasset" 5885
"../../../Engine/Content/EngineMaterials/Substrate/GLints/dict_16_192_64_0p5_0p02_0044_0010.uasset" 5886
"../../../Engine/Content/EngineMaterials/Substrate/GLints/dict_16_192_64_0p5_0p02_0044_0011.uasset" 5887
"../../../Engine/Content/EngineMaterials/Substrate/GLints/dict_16_192_64_0p5_0p02_0044_0012.uasset" 5888
"../../../Engine/Content/EngineMaterials/Substrate/GLints/dict_16_192_64_0p5_0p02_0044_0007.uasset" 5889
"../../../Engine/Content/EngineMaterials/Substrate/GLints/dict_16_192_64_0p5_0p02_0044_0013.uasset" 5890
"../../../Engine/Content/EngineMaterials/Substrate/GLints/dict_16_192_64_0p5_0p02_0044_0014.uasset" 5891
"../../../Engine/Content/EngineMaterials/Substrate/GLints/dict_16_192_64_0p5_0p02_0044_0005.uasset" 5892
"../../../Engine/Content/EngineMaterials/Substrate/GLints/dict_16_192_64_0p5_0p02_0044_0015.uasset" 5893
"/Engine/EngineMaterials/Substrate/GLints/dict_16_192_64_0p5_0p02_0044_0014" 5894
"../../../Engine/Content/EngineMaterials/Substrate/GLints/dict_16_192_64_0p5_0p02_0045_0000.uasset" 5895
"/Engine/EngineMaterials/Substrate/GLints/dict_16_192_64_0p5_0p02_0044_0013" 5896
"/Engine/EngineMaterials/Substrate/GLints/dict_16_192_64_0p5_0p02_0044_0012" 5897
"/Engine/EngineMaterials/Substrate/GLints/dict_16_192_64_0p5_0p02_0044_0011" 5898
"/Engine/EngineMaterials/Substrate/GLints/dict_16_192_64_0p5_0p02_0044_0010" 5899
"/Engine/EngineMaterials/Substrate/GLints/dict_16_192_64_0p5_0p02_0044_0009" 5900
"/Engine/EngineMaterials/Substrate/GLints/dict_16_192_64_0p5_0p02_0044_0008" 5901
"/Engine/EngineMaterials/Substrate/GLints/dict_16_192_64_0p5_0p02_0044_0007" 5902
"/Engine/EngineMaterials/Substrate/GLints/dict_16_192_64_0p5_0p02_0044_0006" 5903
"/Engine/EngineMaterials/Substrate/GLints/dict_16_192_64_0p5_0p02_0044_0005" 5904
"/Engine/EngineMaterials/Substrate/GLints/dict_16_192_64_0p5_0p02_0044_0004" 5905
"/Engine/EngineMaterials/Substrate/GLints/dict_16_192_64_0p5_0p02_0044_0003" 5906
"/Engine/EngineMaterials/Substrate/GLints/dict_16_192_64_0p5_0p02_0044_0002" 5907
"/Engine/EngineMaterials/Substrate/GLints/dict_16_192_64_0p5_0p02_0044_0001" 5908
"/Engine/EngineMaterials/Substrate/GLints/dict_16_192_64_0p5_0p02_0044_0000" 5909
"/Engine/EngineMaterials/Substrate/GLints/dict_16_192_64_0p5_0p02_0043_0015" 5910
"/Engine/EngineMaterials/Substrate/GLints/dict_16_192_64_0p5_0p02_0043_0014" 5911
"/Engine/EngineMaterials/Substrate/GLints/dict_16_192_64_0p5_0p02_0043_0013" 5912
"/Engine/EngineMaterials/Substrate/GLints/dict_16_192_64_0p5_0p02_0043_0012" 5913
"/Engine/EngineMaterials/Substrate/GLints/dict_16_192_64_0p5_0p02_0043_0011" 5914
"/Engine/EngineMaterials/Substrate/GLints/dict_16_192_64_0p5_0p02_0043_0010" 5915
"/Engine/EngineMaterials/Substrate/GLints/dict_16_192_64_0p5_0p02_0043_0009" 5916
"/Engine/EngineMaterials/Substrate/GLints/dict_16_192_64_0p5_0p02_0043_0008" 5917
"/Engine/EngineMaterials/Substrate/GLints/dict_16_192_64_0p5_0p02_0043_0007" 5918
"/Engine/EngineMaterials/Substrate/GLints/dict_16_192_64_0p5_0p02_0043_0006" 5919
"/Engine/EngineMaterials/Substrate/GLints/dict_16_192_64_0p5_0p02_0043_0005" 5920
"/Engine/EngineMaterials/Substrate/GLints/dict_16_192_64_0p5_0p02_0043_0004" 5921
"/Engine/EngineMaterials/Substrate/GLints/dict_16_192_64_0p5_0p02_0043_0003" 5922
"/Engine/EngineMaterials/Substrate/GLints/dict_16_192_64_0p5_0p02_0043_0002" 5923
"/Engine/EngineMaterials/Substrate/GLints/dict_16_192_64_0p5_0p02_0043_0001" 5924
"/Engine/EngineMaterials/Substrate/GLints/dict_16_192_64_0p5_0p02_0044_0015" 5925
"../../../Engine/Content/EngineMaterials/Substrate/GLints/dict_16_192_64_0p5_0p02_0045_0001.uasset" 5926
"../../../Engine/Content/EngineMaterials/Substrate/GLints/dict_16_192_64_0p5_0p02_0045_0002.uasset" 5927
"../../../Engine/Content/EngineMaterials/Substrate/GLints/dict_16_192_64_0p5_0p02_0045_0004.uasset" 5928
"../../../Engine/Content/EngineMaterials/Substrate/GLints/dict_16_192_64_0p5_0p02_0045_0005.uasset" 5929
"../../../Engine/Content/EngineMaterials/Substrate/GLints/dict_16_192_64_0p5_0p02_0045_0007.uasset" 5930
"../../../Engine/Content/EngineMaterials/Substrate/GLints/dict_16_192_64_0p5_0p02_0045_0009.uasset" 5931
"../../../Engine/Content/EngineMaterials/Substrate/GLints/dict_16_192_64_0p5_0p02_0045_0010.uasset" 5932
"../../../Engine/Content/EngineMaterials/Substrate/GLints/dict_16_192_64_0p5_0p02_0045_0011.uasset" 5933
"../../../Engine/Content/EngineMaterials/Substrate/GLints/dict_16_192_64_0p5_0p02_0045_0013.uasset" 5934
"../../../Engine/Content/EngineMaterials/Substrate/GLints/dict_16_192_64_0p5_0p02_0045_0012.uasset" 5935
"../../../Engine/Content/EngineMaterials/Substrate/GLints/dict_16_192_64_0p5_0p02_0045_0014.uasset" 5936
"../../../Engine/Content/EngineMaterials/Substrate/GLints/dict_16_192_64_0p5_0p02_0045_0015.uasset" 5937
"../../../Engine/Content/EngineMaterials/Substrate/GLints/dict_16_192_64_0p5_0p02_0045_0008.uasset" 5938
"../../../Engine/Content/EngineMaterials/Substrate/GLints/dict_16_192_64_0p5_0p02_0046_0001.uasset" 5939
"../../../Engine/Content/EngineMaterials/Substrate/GLints/dict_16_192_64_0p5_0p02_0046_0002.uasset" 5940
"../../../Engine/Content/EngineMaterials/Substrate/GLints/dict_16_192_64_0p5_0p02_0046_0003.uasset" 5941
"../../../Engine/Content/EngineMaterials/Substrate/GLints/dict_16_192_64_0p5_0p02_0046_0004.uasset" 5942
"../../../Engine/Content/EngineMaterials/Substrate/GLints/dict_16_192_64_0p5_0p02_0046_0006.uasset" 5943
"../../../Engine/Content/EngineMaterials/Substrate/GLints/dict_16_192_64_0p5_0p02_0046_0005.uasset" 5944
"../../../Engine/Content/EngineMaterials/Substrate/GLints/dict_16_192_64_0p5_0p02_0046_0007.uasset" 5945
"/Engine/EngineMaterials/Substrate/GLints/dict_16_192_64_0p5_0p02_0045_0011" 5946
"../../../Engine/Content/EngineMaterials/Substrate/GLints/dict_16_192_64_0p5_0p02_0046_0008.uasset" 5947
"../../../Engine/Content/EngineMaterials/Substrate/GLints/dict_16_192_64_0p5_0p02_0046_0011.uasset" 5948
"../../../Engine/Content/EngineMaterials/Substrate/GLints/dict_16_192_64_0p5_0p02_0046_0013.uasset" 5949
"../../../Engine/Content/EngineMaterials/Substrate/GLints/dict_16_192_64_0p5_0p02_0045_0003.uasset" 5950
"../../../Engine/Content/EngineMaterials/Substrate/GLints/dict_16_192_64_0p5_0p02_0046_0014.uasset" 5951
"../../../Engine/Content/EngineMaterials/Substrate/GLints/dict_16_192_64_0p5_0p02_0046_0015.uasset" 5952
"../../../Engine/Content/EngineMaterials/Substrate/GLints/dict_16_192_64_0p5_0p02_0046_0010.uasset" 5953
"../../../Engine/Content/EngineMaterials/Substrate/GLints/dict_16_192_64_0p5_0p02_0046_0012.uasset" 5954
"../../../Engine/Content/EngineMaterials/Substrate/GLints/dict_16_192_64_0p5_0p02_0046_0000.uasset" 5955
"../../../Engine/Content/EngineMaterials/Substrate/GLints/dict_16_192_64_0p5_0p02_0046_0009.uasset" 5956
"../../../Engine/Content/EngineMaterials/Substrate/GLints/dict_16_192_64_0p5_0p02_0045_0006.uasset" 5957
"/Engine/EngineMaterials/Substrate/GLints/dict_16_192_64_0p5_0p02_0045_0010" 5958
"/Engine/EngineMaterials/Substrate/GLints/dict_16_192_64_0p5_0p02_0045_0009" 5959
"/Engine/EngineMaterials/Substrate/GLints/dict_16_192_64_0p5_0p02_0045_0007" 5960
"/Engine/EngineMaterials/Substrate/GLints/dict_16_192_64_0p5_0p02_0045_0000" 5961
"/Engine/EngineMaterials/Substrate/GLints/dict_16_192_64_0p5_0p02_0045_0005" 5962
"/Engine/EngineMaterials/Substrate/GLints/dict_16_192_64_0p5_0p02_0045_0004" 5963
"/Engine/EngineMaterials/Substrate/GLints/dict_16_192_64_0p5_0p02_0045_0002" 5964
"/Engine/EngineMaterials/Substrate/GLints/dict_16_192_64_0p5_0p02_0045_0001" 5965
"../../../Engine/Content/EngineMaterials/Substrate/GLints/dict_16_192_64_0p5_0p02_0047_0000.uasset" 5966
"../../../Engine/Content/EngineMaterials/Substrate/GLints/dict_16_192_64_0p5_0p02_0047_0002.uasset" 5967
"../../../Engine/Content/EngineMaterials/Substrate/GLints/dict_16_192_64_0p5_0p02_0047_0004.uasset" 5968
"../../../Engine/Content/EngineMaterials/Substrate/GLints/dict_16_192_64_0p5_0p02_0047_0006.uasset" 5969
"../../../Engine/Content/EngineMaterials/Substrate/GLints/dict_16_192_64_0p5_0p02_0047_0007.uasset" 5970
"../../../Engine/Content/EngineMaterials/Substrate/GLints/dict_16_192_64_0p5_0p02_0047_0005.uasset" 5971
"../../../Engine/Content/EngineMaterials/Substrate/GLints/dict_16_192_64_0p5_0p02_0047_0008.uasset" 5972
"../../../Engine/Content/EngineMaterials/Substrate/GLints/dict_16_192_64_0p5_0p02_0047_0003.uasset" 5973
"../../../Engine/Content/EngineMaterials/Substrate/GLints/dict_16_192_64_0p5_0p02_0047_0001.uasset" 5974
"/Engine/EngineMaterials/Substrate/GLints/dict_16_192_64_0p5_0p02_0046_0015" 5975
"/Engine/EngineMaterials/Substrate/GLints/dict_16_192_64_0p5_0p02_0046_0014" 5976
"/Engine/EngineMaterials/Substrate/GLints/dict_16_192_64_0p5_0p02_0046_0013" 5977
"/Engine/EngineMaterials/Substrate/GLints/dict_16_192_64_0p5_0p02_0046_0012" 5978
"/Engine/EngineMaterials/Substrate/GLints/dict_16_192_64_0p5_0p02_0046_0011" 5979
"/Engine/EngineMaterials/Substrate/GLints/dict_16_192_64_0p5_0p02_0046_0010" 5980
"/Engine/EngineMaterials/Substrate/GLints/dict_16_192_64_0p5_0p02_0046_0009" 5981
"/Engine/EngineMaterials/Substrate/GLints/dict_16_192_64_0p5_0p02_0046_0008" 5982
"/Engine/EngineMaterials/Substrate/GLints/dict_16_192_64_0p5_0p02_0046_0007" 5983
"/Engine/EngineMaterials/Substrate/GLints/dict_16_192_64_0p5_0p02_0046_0006" 5984
"/Engine/EngineMaterials/Substrate/GLints/dict_16_192_64_0p5_0p02_0046_0005" 5985
"/Engine/EngineMaterials/Substrate/GLints/dict_16_192_64_0p5_0p02_0046_0004" 5986
"/Engine/EngineMaterials/Substrate/GLints/dict_16_192_64_0p5_0p02_0046_0003" 5987
"/Engine/EngineMaterials/Substrate/GLints/dict_16_192_64_0p5_0p02_0046_0002" 5988
"/Engine/EngineMaterials/Substrate/GLints/dict_16_192_64_0p5_0p02_0046_0001" 5989
"/Engine/EngineMaterials/Substrate/GLints/dict_16_192_64_0p5_0p02_0046_0000" 5990
"/Engine/EngineMaterials/Substrate/GLints/dict_16_192_64_0p5_0p02_0045_0015" 5991
"/Engine/EngineMaterials/Substrate/GLints/dict_16_192_64_0p5_0p02_0045_0014" 5992
"/Engine/EngineMaterials/Substrate/GLints/dict_16_192_64_0p5_0p02_0045_0013" 5993
"/Engine/EngineMaterials/Substrate/GLints/dict_16_192_64_0p5_0p02_0045_0012" 5994
"/Engine/EngineMaterials/Substrate/GLints/dict_16_192_64_0p5_0p02_0047_0007" 5995
"/Engine/EngineMaterials/Substrate/GLints/dict_16_192_64_0p5_0p02_0047_0006" 5996
"/Engine/EngineMaterials/Substrate/GLints/dict_16_192_64_0p5_0p02_0045_0008" 5997
"/Engine/EngineMaterials/Substrate/GLints/dict_16_192_64_0p5_0p02_0047_0005" 5998
"/Engine/EngineMaterials/Substrate/GLints/dict_16_192_64_0p5_0p02_0047_0004" 5999
"/Engine/EngineMaterials/Substrate/GLints/dict_16_192_64_0p5_0p02_0045_0006" 6000
"/Engine/EngineMaterials/Substrate/GLints/dict_16_192_64_0p5_0p02_0047_0002" 6001
"/Engine/EngineMaterials/Substrate/GLints/dict_16_192_64_0p5_0p02_0045_0003" 6002
"/Engine/EngineMaterials/Substrate/GLints/dict_16_192_64_0p5_0p02_0047_0000" 6003
"../../../Engine/Content/EngineMaterials/Substrate/GLints/dict_16_192_64_0p5_0p02_0047_0009.uasset" 6004
"../../../Engine/Content/EngineMaterials/Substrate/GLints/dict_16_192_64_0p5_0p02_0047_0011.uasset" 6005
"../../../Engine/Content/EngineMaterials/Substrate/GLints/dict_16_192_64_0p5_0p02_0047_0010.uasset" 6006
"../../../Engine/Content/EngineMaterials/Substrate/GLints/dict_16_192_64_0p5_0p02_0047_0013.uasset" 6007
"../../../Engine/Content/EngineMaterials/Substrate/GLints/dict_16_192_64_0p5_0p02_0047_0015.uasset" 6008
"../../../Engine/Content/EngineMaterials/Substrate/GLints/dict_16_192_64_0p5_0p02_0048_0000.uasset" 6009
"../../../Engine/Content/EngineMaterials/Substrate/GLints/dict_16_192_64_0p5_0p02_0048_0001.uasset" 6010
"../../../Engine/Content/EngineMaterials/Substrate/GLints/dict_16_192_64_0p5_0p02_0048_0002.uasset" 6011
"../../../Engine/Content/EngineMaterials/Substrate/GLints/dict_16_192_64_0p5_0p02_0048_0005.uasset" 6012
"../../../Engine/Content/EngineMaterials/Substrate/GLints/dict_16_192_64_0p5_0p02_0048_0003.uasset" 6013
"../../../Engine/Content/EngineMaterials/Substrate/GLints/dict_16_192_64_0p5_0p02_0048_0008.uasset" 6014
"../../../Engine/Content/EngineMaterials/Substrate/GLints/dict_16_192_64_0p5_0p02_0048_0009.uasset" 6015
"../../../Engine/Content/EngineMaterials/Substrate/GLints/dict_16_192_64_0p5_0p02_0048_0006.uasset" 6016
"../../../Engine/Content/EngineMaterials/Substrate/GLints/dict_16_192_64_0p5_0p02_0048_0010.uasset" 6017
"../../../Engine/Content/EngineMaterials/Substrate/GLints/dict_16_192_64_0p5_0p02_0048_0011.uasset" 6018
"../../../Engine/Content/EngineMaterials/Substrate/GLints/dict_16_192_64_0p5_0p02_0048_0012.uasset" 6019
"../../../Engine/Content/EngineMaterials/Substrate/GLints/dict_16_192_64_0p5_0p02_0048_0014.uasset" 6020
"../../../Engine/Content/EngineMaterials/Substrate/GLints/dict_16_192_64_0p5_0p02_0048_0015.uasset" 6021
"../../../Engine/Content/EngineMaterials/Substrate/GLints/dict_16_192_64_0p5_0p02_0049_0000.uasset" 6022
"../../../Engine/Content/EngineMaterials/Substrate/GLints/dict_16_192_64_0p5_0p02_0049_0001.uasset" 6023
"../../../Engine/Content/EngineMaterials/Substrate/GLints/dict_16_192_64_0p5_0p02_0048_0007.uasset" 6024
"../../../Engine/Content/EngineMaterials/Substrate/GLints/dict_16_192_64_0p5_0p02_0049_0002.uasset" 6025
"../../../Engine/Content/EngineMaterials/Substrate/GLints/dict_16_192_64_0p5_0p02_0048_0004.uasset" 6026
"../../../Engine/Content/EngineMaterials/Substrate/GLints/dict_16_192_64_0p5_0p02_0049_0003.uasset" 6027
"../../../Engine/Content/EngineMaterials/Substrate/GLints/dict_16_192_64_0p5_0p02_0048_0013.uasset" 6028
"../../../Engine/Content/EngineMaterials/Substrate/GLints/dict_16_192_64_0p5_0p02_0049_0005.uasset" 6029
"../../../Engine/Content/EngineMaterials/Substrate/GLints/dict_16_192_64_0p5_0p02_0047_0014.uasset" 6030
"../../../Engine/Content/EngineMaterials/Substrate/GLints/dict_16_192_64_0p5_0p02_0047_0012.uasset" 6031
"/Engine/EngineMaterials/Substrate/GLints/dict_16_192_64_0p5_0p02_0048_0011" 6032
"../../../Engine/Content/EngineMaterials/Substrate/GLints/dict_16_192_64_0p5_0p02_0049_0004.uasset" 6033
"/Engine/EngineMaterials/Substrate/GLints/dict_16_192_64_0p5_0p02_0048_0010" 6034
"/Engine/EngineMaterials/Substrate/GLints/dict_16_192_64_0p5_0p02_0048_0009" 6035
"/Engine/EngineMaterials/Substrate/GLints/dict_16_192_64_0p5_0p02_0048_0008" 6036
"/Engine/EngineMaterials/Substrate/GLints/dict_16_192_64_0p5_0p02_0048_0006" 6037
"/Engine/EngineMaterials/Substrate/GLints/dict_16_192_64_0p5_0p02_0048_0005" 6038
"/Engine/EngineMaterials/Substrate/GLints/dict_16_192_64_0p5_0p02_0048_0003" 6039
"/Engine/EngineMaterials/Substrate/GLints/dict_16_192_64_0p5_0p02_0048_0002" 6040
"/Engine/EngineMaterials/Substrate/GLints/dict_16_192_64_0p5_0p02_0047_0008" 6041
"/Engine/EngineMaterials/Substrate/GLints/dict_16_192_64_0p5_0p02_0048_0001" 6042
"/Engine/EngineMaterials/Substrate/GLints/dict_16_192_64_0p5_0p02_0048_0000" 6043
"/Engine/EngineMaterials/Substrate/GLints/dict_16_192_64_0p5_0p02_0047_0015" 6044
"/Engine/EngineMaterials/Substrate/GLints/dict_16_192_64_0p5_0p02_0047_0013" 6045
"/Engine/EngineMaterials/Substrate/GLints/dict_16_192_64_0p5_0p02_0047_0003" 6046
"/Engine/EngineMaterials/Substrate/GLints/dict_16_192_64_0p5_0p02_0047_0011" 6047
"/Engine/EngineMaterials/Substrate/GLints/dict_16_192_64_0p5_0p02_0047_0010" 6048
"/Engine/EngineMaterials/Substrate/GLints/dict_16_192_64_0p5_0p02_0047_0001" 6049
"/Engine/EngineMaterials/Substrate/GLints/dict_16_192_64_0p5_0p02_0047_0009" 6050
"../../../Engine/Content/EngineMaterials/Substrate/GLints/dict_16_192_64_0p5_0p02_0049_0007.uasset" 6051
"../../../Engine/Content/EngineMaterials/Substrate/GLints/dict_16_192_64_0p5_0p02_0049_0006.uasset" 6052
"../../../Engine/Content/EngineMaterials/Substrate/GLints/dict_16_192_64_0p5_0p02_0049_0009.uasset" 6053
"../../../Engine/Content/EngineMaterials/Substrate/GLints/dict_16_192_64_0p5_0p02_0049_0010.uasset" 6054
"../../../Engine/Content/EngineMaterials/Substrate/GLints/dict_16_192_64_0p5_0p02_0049_0011.uasset" 6055
"../../../Engine/Content/EngineMaterials/Substrate/GLints/dict_16_192_64_0p5_0p02_0049_0013.uasset" 6056
"../../../Engine/Content/EngineMaterials/Substrate/GLints/dict_16_192_64_0p5_0p02_0049_0014.uasset" 6057
"../../../Engine/Content/EngineMaterials/Substrate/GLints/dict_16_192_64_0p5_0p02_0050_0000.uasset" 6058
"../../../Engine/Content/EngineMaterials/Substrate/GLints/dict_16_192_64_0p5_0p02_0050_0002.uasset" 6059
"../../../Engine/Content/EngineMaterials/Substrate/GLints/dict_16_192_64_0p5_0p02_0050_0001.uasset" 6060
"../../../Engine/Content/EngineMaterials/Substrate/GLints/dict_16_192_64_0p5_0p02_0050_0003.uasset" 6061
"/Engine/EngineMaterials/Substrate/GLints/dict_16_192_64_0p5_0p02_0049_0005" 6062
"../../../Engine/Content/EngineMaterials/Substrate/GLints/dict_16_192_64_0p5_0p02_0050_0004.uasset" 6063
"../../../Engine/Content/EngineMaterials/Substrate/GLints/dict_16_192_64_0p5_0p02_0050_0006.uasset" 6064
"../../../Engine/Content/EngineMaterials/Substrate/GLints/dict_16_192_64_0p5_0p02_0050_0007.uasset" 6065
"../../../Engine/Content/EngineMaterials/Substrate/GLints/dict_16_192_64_0p5_0p02_0049_0008.uasset" 6066
"../../../Engine/Content/EngineMaterials/Substrate/GLints/dict_16_192_64_0p5_0p02_0049_0012.uasset" 6067
"../../../Engine/Content/EngineMaterials/Substrate/GLints/dict_16_192_64_0p5_0p02_0050_0005.uasset" 6068
"../../../Engine/Content/EngineMaterials/Substrate/GLints/dict_16_192_64_0p5_0p02_0049_0015.uasset" 6069
"/Engine/EngineMaterials/Substrate/GLints/dict_16_192_64_0p5_0p02_0049_0004" 6070
"/Engine/EngineMaterials/Substrate/GLints/dict_16_192_64_0p5_0p02_0049_0003" 6071
"/Engine/EngineMaterials/Substrate/GLints/dict_16_192_64_0p5_0p02_0049_0002" 6072
"/Engine/EngineMaterials/Substrate/GLints/dict_16_192_64_0p5_0p02_0049_0001" 6073
"/Engine/EngineMaterials/Substrate/GLints/dict_16_192_64_0p5_0p02_0049_0000" 6074
"/Engine/EngineMaterials/Substrate/GLints/dict_16_192_64_0p5_0p02_0048_0015" 6075
"/Engine/EngineMaterials/Substrate/GLints/dict_16_192_64_0p5_0p02_0048_0014" 6076
"/Engine/EngineMaterials/Substrate/GLints/dict_16_192_64_0p5_0p02_0048_0013" 6077
"/Engine/EngineMaterials/Substrate/GLints/dict_16_192_64_0p5_0p02_0048_0012" 6078
"/Engine/EngineMaterials/Substrate/GLints/dict_16_192_64_0p5_0p02_0048_0007" 6079
"/Engine/EngineMaterials/Substrate/GLints/dict_16_192_64_0p5_0p02_0048_0004" 6080
"/Engine/EngineMaterials/Substrate/GLints/dict_16_192_64_0p5_0p02_0047_0014" 6081
"/Engine/EngineMaterials/Substrate/GLints/dict_16_192_64_0p5_0p02_0047_0012" 6082
"/Engine/EngineMaterials/Substrate/GLints/dict_16_192_64_0p5_0p02_0049_0007" 6083
"/Engine/EngineMaterials/Substrate/GLints/dict_16_192_64_0p5_0p02_0049_0006" 6084
"../../../Engine/Content/EngineMaterials/Substrate/GLints/dict_16_192_64_0p5_0p02_0050_0009.uasset" 6085
"../../../Engine/Content/EngineMaterials/Substrate/GLints/dict_16_192_64_0p5_0p02_0050_0012.uasset" 6086
"../../../Engine/Content/EngineMaterials/Substrate/GLints/dict_16_192_64_0p5_0p02_0050_0008.uasset" 6087
"../../../Engine/Content/EngineMaterials/Substrate/GLints/dict_16_192_64_0p5_0p02_0051_0000.uasset" 6088
"../../../Engine/Content/EngineMaterials/Substrate/GLints/dict_16_192_64_0p5_0p02_0050_0014.uasset" 6089
"../../../Engine/Content/EngineMaterials/Substrate/GLints/dict_16_192_64_0p5_0p02_0050_0015.uasset" 6090
"../../../Engine/Content/EngineMaterials/Substrate/GLints/dict_16_192_64_0p5_0p02_0051_0002.uasset" 6091
"../../../Engine/Content/EngineMaterials/Substrate/GLints/dict_16_192_64_0p5_0p02_0050_0011.uasset" 6092
"/Engine/EngineMaterials/Substrate/GLints/dict_16_192_64_0p5_0p02_0050_0007" 6093
"../../../Engine/Content/EngineMaterials/Substrate/GLints/dict_16_192_64_0p5_0p02_0051_0003.uasset" 6094
"../../../Engine/Content/EngineMaterials/Substrate/GLints/dict_16_192_64_0p5_0p02_0050_0013.uasset" 6095
"../../../Engine/Content/EngineMaterials/Substrate/GLints/dict_16_192_64_0p5_0p02_0050_0010.uasset" 6096
"../../../Engine/Content/EngineMaterials/Substrate/GLints/dict_16_192_64_0p5_0p02_0051_0006.uasset" 6097
"../../../Engine/Content/EngineMaterials/Substrate/GLints/dict_16_192_64_0p5_0p02_0051_0001.uasset" 6098
"../../../Engine/Content/EngineMaterials/Substrate/GLints/dict_16_192_64_0p5_0p02_0051_0007.uasset" 6099
"../../../Engine/Content/EngineMaterials/Substrate/GLints/dict_16_192_64_0p5_0p02_0051_0005.uasset" 6100
"../../../Engine/Content/EngineMaterials/Substrate/GLints/dict_16_192_64_0p5_0p02_0051_0004.uasset" 6101
"/Engine/EngineMaterials/Substrate/GLints/dict_16_192_64_0p5_0p02_0050_0006" 6102
"/Engine/EngineMaterials/Substrate/GLints/dict_16_192_64_0p5_0p02_0050_0005" 6103
"/Engine/EngineMaterials/Substrate/GLints/dict_16_192_64_0p5_0p02_0050_0004" 6104
"/Engine/EngineMaterials/Substrate/GLints/dict_16_192_64_0p5_0p02_0050_0003" 6105
"/Engine/EngineMaterials/Substrate/GLints/dict_16_192_64_0p5_0p02_0050_0002" 6106
"/Engine/EngineMaterials/Substrate/GLints/dict_16_192_64_0p5_0p02_0050_0012" 6107
"/Engine/EngineMaterials/Substrate/GLints/dict_16_192_64_0p5_0p02_0050_0001" 6108
"/Engine/EngineMaterials/Substrate/GLints/dict_16_192_64_0p5_0p02_0050_0000" 6109
"/Engine/EngineMaterials/Substrate/GLints/dict_16_192_64_0p5_0p02_0049_0015" 6110
"/Engine/EngineMaterials/Substrate/GLints/dict_16_192_64_0p5_0p02_0049_0014" 6111
"/Engine/EngineMaterials/Substrate/GLints/dict_16_192_64_0p5_0p02_0049_0013" 6112
"/Engine/EngineMaterials/Substrate/GLints/dict_16_192_64_0p5_0p02_0049_0012" 6113
"/Engine/EngineMaterials/Substrate/GLints/dict_16_192_64_0p5_0p02_0049_0011" 6114
"/Engine/EngineMaterials/Substrate/GLints/dict_16_192_64_0p5_0p02_0049_0010" 6115
"/Engine/EngineMaterials/Substrate/GLints/dict_16_192_64_0p5_0p02_0049_0009" 6116
"/Engine/EngineMaterials/Substrate/GLints/dict_16_192_64_0p5_0p02_0049_0008" 6117
"/Engine/EngineMaterials/Substrate/GLints/dict_16_192_64_0p5_0p02_0050_0009" 6118
"../../../Engine/Content/EngineMaterials/Substrate/GLints/dict_16_192_64_0p5_0p02_0051_0009.uasset" 6119
"../../../Engine/Content/EngineMaterials/Substrate/GLints/dict_16_192_64_0p5_0p02_0051_0010.uasset" 6120
"../../../Engine/Content/EngineMaterials/Substrate/GLints/dict_16_192_64_0p5_0p02_0051_0011.uasset" 6121
"../../../Engine/Content/EngineMaterials/Substrate/GLints/dict_16_192_64_0p5_0p02_0051_0012.uasset" 6122
"../../../Engine/Content/EngineMaterials/Substrate/GLints/dict_16_192_64_0p5_0p02_0051_0013.uasset" 6123
"../../../Engine/Content/EngineMaterials/Substrate/GLints/dict_16_192_64_0p5_0p02_0051_0015.uasset" 6124
"/Engine/EngineMaterials/Substrate/GLints/dict_16_192_64_0p5_0p02_0051_0007" 6125
"../../../Engine/Content/EngineMaterials/Substrate/GLints/dict_16_192_64_0p5_0p02_0051_0014.uasset" 6126
"../../../Engine/Content/EngineMaterials/Substrate/GLints/dict_16_192_64_0p5_0p02_0052_0001.uasset" 6127
"../../../Engine/Content/EngineMaterials/Substrate/GLints/dict_16_192_64_0p5_0p02_0052_0002.uasset" 6128
"../../../Engine/Content/EngineMaterials/Substrate/GLints/dict_16_192_64_0p5_0p02_0052_0003.uasset" 6129
"../../../Engine/Content/EngineMaterials/Substrate/GLints/dict_16_192_64_0p5_0p02_0052_0005.uasset" 6130
"../../../Engine/Content/EngineMaterials/Substrate/GLints/dict_16_192_64_0p5_0p02_0052_0004.uasset" 6131
"../../../Engine/Content/EngineMaterials/Substrate/GLints/dict_16_192_64_0p5_0p02_0052_0006.uasset" 6132
"../../../Engine/Content/EngineMaterials/Substrate/GLints/dict_16_192_64_0p5_0p02_0052_0007.uasset" 6133
"../../../Engine/Content/EngineMaterials/Substrate/GLints/dict_16_192_64_0p5_0p02_0052_0008.uasset" 6134
"../../../Engine/Content/EngineMaterials/Substrate/GLints/dict_16_192_64_0p5_0p02_0052_0009.uasset" 6135
"../../../Engine/Content/EngineMaterials/Substrate/GLints/dict_16_192_64_0p5_0p02_0052_0000.uasset" 6136
"/Engine/EngineMaterials/Substrate/GLints/dict_16_192_64_0p5_0p02_0051_0006" 6137
"/Engine/EngineMaterials/Substrate/GLints/dict_16_192_64_0p5_0p02_0051_0005" 6138
"/Engine/EngineMaterials/Substrate/GLints/dict_16_192_64_0p5_0p02_0051_0004" 6139
"../../../Engine/Content/EngineMaterials/Substrate/GLints/dict_16_192_64_0p5_0p02_0051_0008.uasset" 6140
"/Engine/EngineMaterials/Substrate/GLints/dict_16_192_64_0p5_0p02_0051_0003" 6141
"/Engine/EngineMaterials/Substrate/GLints/dict_16_192_64_0p5_0p02_0051_0002" 6142
"/Engine/EngineMaterials/Substrate/GLints/dict_16_192_64_0p5_0p02_0051_0001" 6143
"/Engine/EngineMaterials/Substrate/GLints/dict_16_192_64_0p5_0p02_0051_0000" 6144
"/Engine/EngineMaterials/Substrate/GLints/dict_16_192_64_0p5_0p02_0050_0015" 6145
"/Engine/EngineMaterials/Substrate/GLints/dict_16_192_64_0p5_0p02_0050_0014" 6146
"/Engine/EngineMaterials/Substrate/GLints/dict_16_192_64_0p5_0p02_0050_0013" 6147
"/Engine/EngineMaterials/Substrate/GLints/dict_16_192_64_0p5_0p02_0050_0011" 6148
"/Engine/EngineMaterials/Substrate/GLints/dict_16_192_64_0p5_0p02_0050_0010" 6149
"/Engine/EngineMaterials/Substrate/GLints/dict_16_192_64_0p5_0p02_0051_0011" 6150
"/Engine/EngineMaterials/Substrate/GLints/dict_16_192_64_0p5_0p02_0051_0010" 6151
"/Engine/EngineMaterials/Substrate/GLints/dict_16_192_64_0p5_0p02_0051_0009" 6152
"/Engine/EngineMaterials/Substrate/GLints/dict_16_192_64_0p5_0p02_0050_0008" 6153
"../../../Engine/Content/EngineMaterials/Substrate/GLints/dict_16_192_64_0p5_0p02_0052_0010.uasset" 6154
"../../../Engine/Content/EngineMaterials/Substrate/GLints/dict_16_192_64_0p5_0p02_0052_0012.uasset" 6155
"../../../Engine/Content/EngineMaterials/Substrate/GLints/dict_16_192_64_0p5_0p02_0052_0013.uasset" 6156
"../../../Engine/Content/EngineMaterials/Substrate/GLints/dict_16_192_64_0p5_0p02_0052_0014.uasset" 6157
"../../../Engine/Content/EngineMaterials/Substrate/GLints/dict_16_192_64_0p5_0p02_0052_0015.uasset" 6158
"../../../Engine/Content/EngineMaterials/Substrate/GLints/dict_16_192_64_0p5_0p02_0053_0000.uasset" 6159
"../../../Engine/Content/EngineMaterials/Substrate/GLints/dict_16_192_64_0p5_0p02_0053_0002.uasset" 6160
"/Engine/EngineMaterials/Substrate/GLints/dict_16_192_64_0p5_0p02_0052_0009" 6161
"../../../Engine/Content/EngineMaterials/Substrate/GLints/dict_16_192_64_0p5_0p02_0053_0003.uasset" 6162
"../../../Engine/Content/EngineMaterials/Substrate/GLints/dict_16_192_64_0p5_0p02_0053_0004.uasset" 6163
"../../../Engine/Content/EngineMaterials/Substrate/GLints/dict_16_192_64_0p5_0p02_0053_0005.uasset" 6164
"../../../Engine/Content/EngineMaterials/Substrate/GLints/dict_16_192_64_0p5_0p02_0053_0001.uasset" 6165
"../../../Engine/Content/EngineMaterials/Substrate/GLints/dict_16_192_64_0p5_0p02_0053_0006.uasset" 6166
"../../../Engine/Content/EngineMaterials/Substrate/GLints/dict_16_192_64_0p5_0p02_0053_0007.uasset" 6167
"../../../Engine/Content/EngineMaterials/Substrate/GLints/dict_16_192_64_0p5_0p02_0053_0008.uasset" 6168
"../../../Engine/Content/EngineMaterials/Substrate/GLints/dict_16_192_64_0p5_0p02_0053_0009.uasset" 6169
"../../../Engine/Content/EngineMaterials/Substrate/GLints/dict_16_192_64_0p5_0p02_0053_0010.uasset" 6170
"../../../Engine/Content/EngineMaterials/Substrate/GLints/dict_16_192_64_0p5_0p02_0052_0011.uasset" 6171
"/Engine/EngineMaterials/Substrate/GLints/dict_16_192_64_0p5_0p02_0052_0008" 6172
"/Engine/EngineMaterials/Substrate/GLints/dict_16_192_64_0p5_0p02_0052_0007" 6173
"/Engine/EngineMaterials/Substrate/GLints/dict_16_192_64_0p5_0p02_0052_0006" 6174
"/Engine/EngineMaterials/Substrate/GLints/dict_16_192_64_0p5_0p02_0052_0005" 6175
"/Engine/EngineMaterials/Substrate/GLints/dict_16_192_64_0p5_0p02_0052_0004" 6176
"/Engine/EngineMaterials/Substrate/GLints/dict_16_192_64_0p5_0p02_0052_0003" 6177
"/Engine/EngineMaterials/Substrate/GLints/dict_16_192_64_0p5_0p02_0052_0002" 6178
"/Engine/EngineMaterials/Substrate/GLints/dict_16_192_64_0p5_0p02_0052_0001" 6179
"/Engine/EngineMaterials/Substrate/GLints/dict_16_192_64_0p5_0p02_0052_0000" 6180
"/Engine/EngineMaterials/Substrate/GLints/dict_16_192_64_0p5_0p02_0051_0015" 6181
"/Engine/EngineMaterials/Substrate/GLints/dict_16_192_64_0p5_0p02_0051_0014" 6182
"/Engine/EngineMaterials/Substrate/GLints/dict_16_192_64_0p5_0p02_0051_0013" 6183
"/Engine/EngineMaterials/Substrate/GLints/dict_16_192_64_0p5_0p02_0051_0012" 6184
"/Engine/EngineMaterials/Substrate/GLints/dict_16_192_64_0p5_0p02_0052_0013" 6185
"/Engine/EngineMaterials/Substrate/GLints/dict_16_192_64_0p5_0p02_0052_0012" 6186
"/Engine/EngineMaterials/Substrate/GLints/dict_16_192_64_0p5_0p02_0051_0008" 6187
"/Engine/EngineMaterials/Substrate/GLints/dict_16_192_64_0p5_0p02_0052_0010" 6188
"../../../Engine/Content/EngineMaterials/Substrate/GLints/dict_16_192_64_0p5_0p02_0053_0013.uasset" 6189
"../../../Engine/Content/EngineMaterials/Substrate/GLints/dict_16_192_64_0p5_0p02_0053_0014.uasset" 6190
"../../../Engine/Content/EngineMaterials/Substrate/GLints/dict_16_192_64_0p5_0p02_0053_0012.uasset" 6191
"../../../Engine/Content/EngineMaterials/Substrate/GLints/dict_16_192_64_0p5_0p02_0054_0001.uasset" 6192
"../../../Engine/Content/EngineMaterials/Substrate/GLints/dict_16_192_64_0p5_0p02_0054_0002.uasset" 6193
"../../../Engine/Content/EngineMaterials/Substrate/GLints/dict_16_192_64_0p5_0p02_0054_0003.uasset" 6194
"../../../Engine/Content/EngineMaterials/Substrate/GLints/dict_16_192_64_0p5_0p02_0054_0004.uasset" 6195
"../../../Engine/Content/EngineMaterials/Substrate/GLints/dict_16_192_64_0p5_0p02_0054_0005.uasset" 6196
"../../../Engine/Content/EngineMaterials/Substrate/GLints/dict_16_192_64_0p5_0p02_0054_0006.uasset" 6197
"../../../Engine/Content/EngineMaterials/Substrate/GLints/dict_16_192_64_0p5_0p02_0054_0000.uasset" 6198
"../../../Engine/Content/EngineMaterials/Substrate/GLints/dict_16_192_64_0p5_0p02_0054_0009.uasset" 6199
"../../../Engine/Content/EngineMaterials/Substrate/GLints/dict_16_192_64_0p5_0p02_0054_0010.uasset" 6200
"../../../Engine/Content/EngineMaterials/Substrate/GLints/dict_16_192_64_0p5_0p02_0053_0011.uasset" 6201
"../../../Engine/Content/EngineMaterials/Substrate/GLints/dict_16_192_64_0p5_0p02_0053_0015.uasset" 6202
"../../../Engine/Content/EngineMaterials/Substrate/GLints/dict_16_192_64_0p5_0p02_0054_0011.uasset" 6203
"../../../Engine/Content/EngineMaterials/Substrate/GLints/dict_16_192_64_0p5_0p02_0054_0007.uasset" 6204
"/Engine/EngineMaterials/Substrate/GLints/dict_16_192_64_0p5_0p02_0053_0010" 6205
"../../../Engine/Content/EngineMaterials/Substrate/GLints/dict_16_192_64_0p5_0p02_0054_0012.uasset" 6206
"../../../Engine/Content/EngineMaterials/Substrate/GLints/dict_16_192_64_0p5_0p02_0054_0008.uasset" 6207
"/Engine/EngineMaterials/Substrate/GLints/dict_16_192_64_0p5_0p02_0053_0009" 6208
"/Engine/EngineMaterials/Substrate/GLints/dict_16_192_64_0p5_0p02_0053_0008" 6209
"/Engine/EngineMaterials/Substrate/GLints/dict_16_192_64_0p5_0p02_0053_0007" 6210
"/Engine/EngineMaterials/Substrate/GLints/dict_16_192_64_0p5_0p02_0053_0006" 6211
"/Engine/EngineMaterials/Substrate/GLints/dict_16_192_64_0p5_0p02_0053_0005" 6212
"/Engine/EngineMaterials/Substrate/GLints/dict_16_192_64_0p5_0p02_0053_0004" 6213
"/Engine/EngineMaterials/Substrate/GLints/dict_16_192_64_0p5_0p02_0053_0003" 6214
"/Engine/EngineMaterials/Substrate/GLints/dict_16_192_64_0p5_0p02_0053_0002" 6215
"/Engine/EngineMaterials/Substrate/GLints/dict_16_192_64_0p5_0p02_0053_0001" 6216
"/Engine/EngineMaterials/Substrate/GLints/dict_16_192_64_0p5_0p02_0053_0000" 6217
"/Engine/EngineMaterials/Substrate/GLints/dict_16_192_64_0p5_0p02_0054_0001" 6218
"/Engine/EngineMaterials/Substrate/GLints/dict_16_192_64_0p5_0p02_0052_0015" 6219
"/Engine/EngineMaterials/Substrate/GLints/dict_16_192_64_0p5_0p02_0052_0014" 6220
"/Engine/EngineMaterials/Substrate/GLints/dict_16_192_64_0p5_0p02_0053_0014" 6221
"/Engine/EngineMaterials/Substrate/GLints/dict_16_192_64_0p5_0p02_0053_0013" 6222
"/Engine/EngineMaterials/Substrate/GLints/dict_16_192_64_0p5_0p02_0052_0011" 6223
"/Engine/EngineMaterials/Substrate/GLints/dict_16_192_64_0p5_0p02_0053_0012" 6224
"../../../Engine/Content/EngineMaterials/Substrate/GLints/dict_16_192_64_0p5_0p02_0054_0013.uasset" 6225
"../../../Engine/Content/EngineMaterials/Substrate/GLints/dict_16_192_64_0p5_0p02_0054_0015.uasset" 6226
"../../../Engine/Content/EngineMaterials/Substrate/GLints/dict_16_192_64_0p5_0p02_0054_0014.uasset" 6227
"../../../Engine/Content/EngineMaterials/Substrate/GLints/dict_16_192_64_0p5_0p02_0055_0000.uasset" 6228
"/Engine/EngineMaterials/Substrate/GLints/dict_16_192_64_0p5_0p02_0054_0012" 6229
"../../../Engine/Content/EngineMaterials/Substrate/GLints/dict_16_192_64_0p5_0p02_0055_0001.uasset" 6230
"../../../Engine/Content/EngineMaterials/Substrate/GLints/dict_16_192_64_0p5_0p02_0055_0002.uasset" 6231
"../../../Engine/Content/EngineMaterials/Substrate/GLints/dict_16_192_64_0p5_0p02_0055_0003.uasset" 6232
"../../../Engine/Content/EngineMaterials/Substrate/GLints/dict_16_192_64_0p5_0p02_0055_0004.uasset" 6233
"../../../Engine/Content/EngineMaterials/Substrate/GLints/dict_16_192_64_0p5_0p02_0055_0005.uasset" 6234
"../../../Engine/Content/EngineMaterials/Substrate/GLints/dict_16_192_64_0p5_0p02_0055_0006.uasset" 6235
"../../../Engine/Content/EngineMaterials/Substrate/GLints/dict_16_192_64_0p5_0p02_0055_0007.uasset" 6236
"../../../Engine/Content/EngineMaterials/Substrate/GLints/dict_16_192_64_0p5_0p02_0055_0009.uasset" 6237
"../../../Engine/Content/EngineMaterials/Substrate/GLints/dict_16_192_64_0p5_0p02_0055_0010.uasset" 6238
"../../../Engine/Content/EngineMaterials/Substrate/GLints/dict_16_192_64_0p5_0p02_0055_0008.uasset" 6239
"../../../Engine/Content/EngineMaterials/Substrate/GLints/dict_16_192_64_0p5_0p02_0055_0013.uasset" 6240
"../../../Engine/Content/EngineMaterials/Substrate/GLints/dict_16_192_64_0p5_0p02_0055_0012.uasset" 6241
"../../../Engine/Content/EngineMaterials/Substrate/GLints/dict_16_192_64_0p5_0p02_0055_0011.uasset" 6242
"../../../Engine/Content/EngineMaterials/Substrate/GLints/dict_16_192_64_0p5_0p02_0055_0014.uasset" 6243
"/Engine/EngineMaterials/Substrate/GLints/dict_16_192_64_0p5_0p02_0054_0011" 6244
"/Engine/EngineMaterials/Substrate/GLints/dict_16_192_64_0p5_0p02_0054_0010" 6245
"/Engine/EngineMaterials/Substrate/GLints/dict_16_192_64_0p5_0p02_0054_0009" 6246
"/Engine/EngineMaterials/Substrate/GLints/dict_16_192_64_0p5_0p02_0054_0008" 6247
"/Engine/EngineMaterials/Substrate/GLints/dict_16_192_64_0p5_0p02_0054_0007" 6248
"/Engine/EngineMaterials/Substrate/GLints/dict_16_192_64_0p5_0p02_0054_0006" 6249
"/Engine/EngineMaterials/Substrate/GLints/dict_16_192_64_0p5_0p02_0054_0005" 6250
"/Engine/EngineMaterials/Substrate/GLints/dict_16_192_64_0p5_0p02_0054_0004" 6251
"/Engine/EngineMaterials/Substrate/GLints/dict_16_192_64_0p5_0p02_0054_0003" 6252
"/Engine/EngineMaterials/Substrate/GLints/dict_16_192_64_0p5_0p02_0054_0002" 6253
"/Engine/EngineMaterials/Substrate/GLints/dict_16_192_64_0p5_0p02_0054_0000" 6254
"/Engine/EngineMaterials/Substrate/GLints/dict_16_192_64_0p5_0p02_0053_0015" 6255
"/Engine/EngineMaterials/Substrate/GLints/dict_16_192_64_0p5_0p02_0054_0015" 6256
"/Engine/EngineMaterials/Substrate/GLints/dict_16_192_64_0p5_0p02_0054_0013" 6257
"/Engine/EngineMaterials/Substrate/GLints/dict_16_192_64_0p5_0p02_0053_0011" 6258
"../../../Engine/Content/EngineMaterials/Substrate/GLints/dict_16_192_64_0p5_0p02_0055_0015.uasset" 6259
"../../../Engine/Content/EngineMaterials/Substrate/GLints/dict_16_192_64_0p5_0p02_0056_0000.uasset" 6260
"../../../Engine/Content/EngineMaterials/Substrate/GLints/dict_16_192_64_0p5_0p02_0056_0004.uasset" 6261
"../../../Engine/Content/EngineMaterials/Substrate/GLints/dict_16_192_64_0p5_0p02_0056_0001.uasset" 6262
"../../../Engine/Content/EngineMaterials/Substrate/GLints/dict_16_192_64_0p5_0p02_0056_0005.uasset" 6263
"../../../Engine/Content/EngineMaterials/Substrate/GLints/dict_16_192_64_0p5_0p02_0056_0006.uasset" 6264
"../../../Engine/Content/EngineMaterials/Substrate/GLints/dict_16_192_64_0p5_0p02_0056_0007.uasset" 6265
"../../../Engine/Content/EngineMaterials/Substrate/GLints/dict_16_192_64_0p5_0p02_0056_0008.uasset" 6266
"../../../Engine/Content/EngineMaterials/Substrate/GLints/dict_16_192_64_0p5_0p02_0056_0009.uasset" 6267
"../../../Engine/Content/EngineMaterials/Substrate/GLints/dict_16_192_64_0p5_0p02_0056_0010.uasset" 6268
"../../../Engine/Content/EngineMaterials/Substrate/GLints/dict_16_192_64_0p5_0p02_0056_0011.uasset" 6269
"/Engine/EngineMaterials/Substrate/GLints/dict_16_192_64_0p5_0p02_0055_0014" 6270
"../../../Engine/Content/EngineMaterials/Substrate/GLints/dict_16_192_64_0p5_0p02_0056_0003.uasset" 6271
"../../../Engine/Content/EngineMaterials/Substrate/GLints/dict_16_192_64_0p5_0p02_0056_0012.uasset" 6272
"../../../Engine/Content/EngineMaterials/Substrate/GLints/dict_16_192_64_0p5_0p02_0056_0013.uasset" 6273
"../../../Engine/Content/EngineMaterials/Substrate/GLints/dict_16_192_64_0p5_0p02_0056_0014.uasset" 6274
"../../../Engine/Content/EngineMaterials/Substrate/GLints/dict_16_192_64_0p5_0p02_0056_0002.uasset" 6275
"/Engine/EngineMaterials/Substrate/GLints/dict_16_192_64_0p5_0p02_0055_0013" 6276
"/Engine/EngineMaterials/Substrate/GLints/dict_16_192_64_0p5_0p02_0055_0012" 6277
"/Engine/EngineMaterials/Substrate/GLints/dict_16_192_64_0p5_0p02_0055_0011" 6278
"/Engine/EngineMaterials/Substrate/GLints/dict_16_192_64_0p5_0p02_0055_0010" 6279
"/Engine/EngineMaterials/Substrate/GLints/dict_16_192_64_0p5_0p02_0055_0009" 6280
"/Engine/EngineMaterials/Substrate/GLints/dict_16_192_64_0p5_0p02_0055_0008" 6281
"/Engine/EngineMaterials/Substrate/GLints/dict_16_192_64_0p5_0p02_0055_0007" 6282
"/Engine/EngineMaterials/Substrate/GLints/dict_16_192_64_0p5_0p02_0055_0006" 6283
"/Engine/EngineMaterials/Substrate/GLints/dict_16_192_64_0p5_0p02_0055_0005" 6284
"/Engine/EngineMaterials/Substrate/GLints/dict_16_192_64_0p5_0p02_0055_0004" 6285
"/Engine/EngineMaterials/Substrate/GLints/dict_16_192_64_0p5_0p02_0056_0005" 6286
"/Engine/EngineMaterials/Substrate/GLints/dict_16_192_64_0p5_0p02_0056_0004" 6287
"/Engine/EngineMaterials/Substrate/GLints/dict_16_192_64_0p5_0p02_0055_0003" 6288
"/Engine/EngineMaterials/Substrate/GLints/dict_16_192_64_0p5_0p02_0055_0002" 6289
"/Engine/EngineMaterials/Substrate/GLints/dict_16_192_64_0p5_0p02_0055_0001" 6290
"/Engine/EngineMaterials/Substrate/GLints/dict_16_192_64_0p5_0p02_0055_0000" 6291
"/Engine/EngineMaterials/Substrate/GLints/dict_16_192_64_0p5_0p02_0054_0014" 6292
"/Engine/EngineMaterials/Substrate/GLints/dict_16_192_64_0p5_0p02_0056_0000" 6293
"/Engine/EngineMaterials/Substrate/GLints/dict_16_192_64_0p5_0p02_0055_0015" 6294
"../../../Engine/Content/EngineMaterials/Substrate/GLints/dict_16_192_64_0p5_0p02_0057_0001.uasset" 6295
"../../../Engine/Content/EngineMaterials/Substrate/GLints/dict_16_192_64_0p5_0p02_0057_0002.uasset" 6296
"../../../Engine/Content/EngineMaterials/Substrate/GLints/dict_16_192_64_0p5_0p02_0056_0015.uasset" 6297
"../../../Engine/Content/EngineMaterials/Substrate/GLints/dict_16_192_64_0p5_0p02_0057_0000.uasset" 6298
"../../../Engine/Content/EngineMaterials/Substrate/GLints/dict_16_192_64_0p5_0p02_0057_0005.uasset" 6299
"../../../Engine/Content/EngineMaterials/Substrate/GLints/dict_16_192_64_0p5_0p02_0057_0006.uasset" 6300
"../../../Engine/Content/EngineMaterials/Substrate/GLints/dict_16_192_64_0p5_0p02_0057_0008.uasset" 6301
"../../../Engine/Content/EngineMaterials/Substrate/GLints/dict_16_192_64_0p5_0p02_0057_0004.uasset" 6302
"../../../Engine/Content/EngineMaterials/Substrate/GLints/dict_16_192_64_0p5_0p02_0057_0009.uasset" 6303
"../../../Engine/Content/EngineMaterials/Substrate/GLints/dict_16_192_64_0p5_0p02_0057_0011.uasset" 6304
"../../../Engine/Content/EngineMaterials/Substrate/GLints/dict_16_192_64_0p5_0p02_0057_0013.uasset" 6305
"../../../Engine/Content/EngineMaterials/Substrate/GLints/dict_16_192_64_0p5_0p02_0057_0014.uasset" 6306
"../../../Engine/Content/EngineMaterials/Substrate/GLints/dict_16_192_64_0p5_0p02_0057_0003.uasset" 6307
"../../../Engine/Content/EngineMaterials/Substrate/GLints/dict_16_192_64_0p5_0p02_0057_0012.uasset" 6308
"../../../Engine/Content/EngineMaterials/Substrate/GLints/dict_16_192_64_0p5_0p02_0058_0000.uasset" 6309
"../../../Engine/Content/EngineMaterials/Substrate/GLints/dict_16_192_64_0p5_0p02_0058_0002.uasset" 6310
"/Engine/EngineMaterials/Substrate/GLints/dict_16_192_64_0p5_0p02_0056_0014" 6311
"../../../Engine/Content/EngineMaterials/Substrate/GLints/dict_16_192_64_0p5_0p02_0057_0007.uasset" 6312
"../../../Engine/Content/EngineMaterials/Substrate/GLints/dict_16_192_64_0p5_0p02_0058_0001.uasset" 6313
"../../../Engine/Content/EngineMaterials/Substrate/GLints/dict_16_192_64_0p5_0p02_0057_0015.uasset" 6314
"../../../Engine/Content/EngineMaterials/Substrate/GLints/dict_16_192_64_0p5_0p02_0057_0010.uasset" 6315
"/Engine/EngineMaterials/Substrate/GLints/dict_16_192_64_0p5_0p02_0056_0013" 6316
"/Engine/EngineMaterials/Substrate/GLints/dict_16_192_64_0p5_0p02_0056_0012" 6317
"/Engine/EngineMaterials/Substrate/GLints/dict_16_192_64_0p5_0p02_0056_0011" 6318
"/Engine/EngineMaterials/Substrate/GLints/dict_16_192_64_0p5_0p02_0056_0010" 6319
"/Engine/EngineMaterials/Substrate/GLints/dict_16_192_64_0p5_0p02_0056_0009" 6320
"/Engine/EngineMaterials/Substrate/GLints/dict_16_192_64_0p5_0p02_0056_0008" 6321
"/Engine/EngineMaterials/Substrate/GLints/dict_16_192_64_0p5_0p02_0056_0007" 6322
"/Engine/EngineMaterials/Substrate/GLints/dict_16_192_64_0p5_0p02_0056_0006" 6323
"/Engine/EngineMaterials/Substrate/GLints/dict_16_192_64_0p5_0p02_0057_0006" 6324
"/Engine/EngineMaterials/Substrate/GLints/dict_16_192_64_0p5_0p02_0057_0005" 6325
"/Engine/EngineMaterials/Substrate/GLints/dict_16_192_64_0p5_0p02_0056_0003" 6326
"/Engine/EngineMaterials/Substrate/GLints/dict_16_192_64_0p5_0p02_0057_0004" 6327
"/Engine/EngineMaterials/Substrate/GLints/dict_16_192_64_0p5_0p02_0056_0002" 6328
"/Engine/EngineMaterials/Substrate/GLints/dict_16_192_64_0p5_0p02_0057_0002" 6329
"/Engine/EngineMaterials/Substrate/GLints/dict_16_192_64_0p5_0p02_0056_0001" 6330
"/Engine/EngineMaterials/Substrate/GLints/dict_16_192_64_0p5_0p02_0057_0001" 6331
"/Engine/EngineMaterials/Substrate/GLints/dict_16_192_64_0p5_0p02_0057_0000" 6332
"/Engine/EngineMaterials/Substrate/GLints/dict_16_192_64_0p5_0p02_0056_0015" 6333
"../../../Engine/Content/EngineMaterials/Substrate/GLints/dict_16_192_64_0p5_0p02_0058_0003.uasset" 6334
"../../../Engine/Content/EngineMaterials/Substrate/GLints/dict_16_192_64_0p5_0p02_0058_0006.uasset" 6335
"../../../Engine/Content/EngineMaterials/Substrate/GLints/dict_16_192_64_0p5_0p02_0058_0008.uasset" 6336
"../../../Engine/Content/EngineMaterials/Substrate/GLints/dict_16_192_64_0p5_0p02_0058_0009.uasset" 6337
"../../../Engine/Content/EngineMaterials/Substrate/GLints/dict_16_192_64_0p5_0p02_0058_0011.uasset" 6338
"../../../Engine/Content/EngineMaterials/Substrate/GLints/dict_16_192_64_0p5_0p02_0058_0010.uasset" 6339
"../../../Engine/Content/EngineMaterials/Substrate/GLints/dict_16_192_64_0p5_0p02_0058_0012.uasset" 6340
"../../../Engine/Content/EngineMaterials/Substrate/GLints/dict_16_192_64_0p5_0p02_0058_0013.uasset" 6341
"../../../Engine/Content/EngineMaterials/Substrate/GLints/dict_16_192_64_0p5_0p02_0058_0015.uasset" 6342
"/Engine/EngineMaterials/Substrate/GLints/dict_16_192_64_0p5_0p02_0058_0002" 6343
"../../../Engine/Content/EngineMaterials/Substrate/GLints/dict_16_192_64_0p5_0p02_0059_0001.uasset" 6344
"../../../Engine/Content/EngineMaterials/Substrate/GLints/dict_16_192_64_0p5_0p02_0058_0014.uasset" 6345
"../../../Engine/Content/EngineMaterials/Substrate/GLints/dict_16_192_64_0p5_0p02_0059_0002.uasset" 6346
"../../../Engine/Content/EngineMaterials/Substrate/GLints/dict_16_192_64_0p5_0p02_0059_0003.uasset" 6347
"../../../Engine/Content/EngineMaterials/Substrate/GLints/dict_16_192_64_0p5_0p02_0058_0004.uasset" 6348
"../../../Engine/Content/EngineMaterials/Substrate/GLints/dict_16_192_64_0p5_0p02_0059_0000.uasset" 6349
"../../../Engine/Content/EngineMaterials/Substrate/GLints/dict_16_192_64_0p5_0p02_0058_0007.uasset" 6350
"../../../Engine/Content/EngineMaterials/Substrate/GLints/dict_16_192_64_0p5_0p02_0059_0005.uasset" 6351
"../../../Engine/Content/EngineMaterials/Substrate/GLints/dict_16_192_64_0p5_0p02_0059_0004.uasset" 6352
"../../../Engine/Content/EngineMaterials/Substrate/GLints/dict_16_192_64_0p5_0p02_0058_0005.uasset" 6353
"/Engine/EngineMaterials/Substrate/GLints/dict_16_192_64_0p5_0p02_0058_0001" 6354
"/Engine/EngineMaterials/Substrate/GLints/dict_16_192_64_0p5_0p02_0058_0000" 6355
"/Engine/EngineMaterials/Substrate/GLints/dict_16_192_64_0p5_0p02_0057_0015" 6356
"/Engine/EngineMaterials/Substrate/GLints/dict_16_192_64_0p5_0p02_0057_0014" 6357
"/Engine/EngineMaterials/Substrate/GLints/dict_16_192_64_0p5_0p02_0057_0013" 6358
"/Engine/EngineMaterials/Substrate/GLints/dict_16_192_64_0p5_0p02_0057_0012" 6359
"/Engine/EngineMaterials/Substrate/GLints/dict_16_192_64_0p5_0p02_0057_0011" 6360
"/Engine/EngineMaterials/Substrate/GLints/dict_16_192_64_0p5_0p02_0057_0010" 6361
"/Engine/EngineMaterials/Substrate/GLints/dict_16_192_64_0p5_0p02_0057_0009" 6362
"/Engine/EngineMaterials/Substrate/GLints/dict_16_192_64_0p5_0p02_0057_0008" 6363
"/Engine/EngineMaterials/Substrate/GLints/dict_16_192_64_0p5_0p02_0057_0007" 6364
"/Engine/EngineMaterials/Substrate/GLints/dict_16_192_64_0p5_0p02_0058_0009" 6365
"/Engine/EngineMaterials/Substrate/GLints/dict_16_192_64_0p5_0p02_0058_0008" 6366
"/Engine/EngineMaterials/Substrate/GLints/dict_16_192_64_0p5_0p02_0057_0003" 6367
"/Engine/EngineMaterials/Substrate/GLints/dict_16_192_64_0p5_0p02_0058_0006" 6368
"/Engine/EngineMaterials/Substrate/GLints/dict_16_192_64_0p5_0p02_0058_0003" 6369
"../../../Engine/Content/EngineMaterials/Substrate/GLints/dict_16_192_64_0p5_0p02_0059_0008.uasset" 6370
"../../../Engine/Content/EngineMaterials/Substrate/GLints/dict_16_192_64_0p5_0p02_0059_0010.uasset" 6371
"../../../Engine/Content/EngineMaterials/Substrate/GLints/dict_16_192_64_0p5_0p02_0059_0011.uasset" 6372
"../../../Engine/Content/EngineMaterials/Substrate/GLints/dict_16_192_64_0p5_0p02_0059_0012.uasset" 6373
"../../../Engine/Content/EngineMaterials/Substrate/GLints/dict_16_192_64_0p5_0p02_0059_0014.uasset" 6374
"../../../Engine/Content/EngineMaterials/Substrate/GLints/dict_16_192_64_0p5_0p02_0059_0007.uasset" 6375
"../../../Engine/Content/EngineMaterials/Substrate/GLints/dict_16_192_64_0p5_0p02_0059_0015.uasset" 6376
"../../../Engine/Content/EngineMaterials/Substrate/GLints/dict_16_192_64_0p5_0p02_0059_0006.uasset" 6377
"../../../Engine/Content/EngineMaterials/Substrate/GLints/dict_16_192_64_0p5_0p02_0060_0000.uasset" 6378
"../../../Engine/Content/EngineMaterials/Substrate/GLints/dict_16_192_64_0p5_0p02_0059_0013.uasset" 6379
"../../../Engine/Content/EngineMaterials/Substrate/GLints/dict_16_192_64_0p5_0p02_0060_0001.uasset" 6380
"/Engine/EngineMaterials/Substrate/GLints/dict_16_192_64_0p5_0p02_0059_0005" 6381
"../../../Engine/Content/EngineMaterials/Substrate/GLints/dict_16_192_64_0p5_0p02_0060_0002.uasset" 6382
"../../../Engine/Content/EngineMaterials/Substrate/GLints/dict_16_192_64_0p5_0p02_0060_0004.uasset" 6383
"../../../Engine/Content/EngineMaterials/Substrate/GLints/dict_16_192_64_0p5_0p02_0060_0003.uasset" 6384
"../../../Engine/Content/EngineMaterials/Substrate/GLints/dict_16_192_64_0p5_0p02_0060_0006.uasset" 6385
"../../../Engine/Content/EngineMaterials/Substrate/GLints/dict_16_192_64_0p5_0p02_0059_0009.uasset" 6386
"../../../Engine/Content/EngineMaterials/Substrate/GLints/dict_16_192_64_0p5_0p02_0060_0005.uasset" 6387
"/Engine/EngineMaterials/Substrate/GLints/dict_16_192_64_0p5_0p02_0059_0004" 6388
"/Engine/EngineMaterials/Substrate/GLints/dict_16_192_64_0p5_0p02_0059_0003" 6389
"/Engine/EngineMaterials/Substrate/GLints/dict_16_192_64_0p5_0p02_0059_0002" 6390
"/Engine/EngineMaterials/Substrate/GLints/dict_16_192_64_0p5_0p02_0059_0001" 6391
"/Engine/EngineMaterials/Substrate/GLints/dict_16_192_64_0p5_0p02_0059_0000" 6392
"/Engine/EngineMaterials/Substrate/GLints/dict_16_192_64_0p5_0p02_0058_0015" 6393
"/Engine/EngineMaterials/Substrate/GLints/dict_16_192_64_0p5_0p02_0058_0014" 6394
"/Engine/EngineMaterials/Substrate/GLints/dict_16_192_64_0p5_0p02_0058_0013" 6395
"/Engine/EngineMaterials/Substrate/GLints/dict_16_192_64_0p5_0p02_0059_0011" 6396
"/Engine/EngineMaterials/Substrate/GLints/dict_16_192_64_0p5_0p02_0058_0012" 6397
"/Engine/EngineMaterials/Substrate/GLints/dict_16_192_64_0p5_0p02_0058_0011" 6398
"/Engine/EngineMaterials/Substrate/GLints/dict_16_192_64_0p5_0p02_0058_0010" 6399
"/Engine/EngineMaterials/Substrate/GLints/dict_16_192_64_0p5_0p02_0059_0010" 6400
"/Engine/EngineMaterials/Substrate/GLints/dict_16_192_64_0p5_0p02_0059_0008" 6401
"/Engine/EngineMaterials/Substrate/GLints/dict_16_192_64_0p5_0p02_0058_0007" 6402
"/Engine/EngineMaterials/Substrate/GLints/dict_16_192_64_0p5_0p02_0058_0005" 6403
"/Engine/EngineMaterials/Substrate/GLints/dict_16_192_64_0p5_0p02_0058_0004" 6404
"../../../Engine/Content/EngineMaterials/Substrate/GLints/dict_16_192_64_0p5_0p02_0060_0008.uasset" 6405
"../../../Engine/Content/EngineMaterials/Substrate/GLints/dict_16_192_64_0p5_0p02_0060_0010.uasset" 6406
"../../../Engine/Content/EngineMaterials/Substrate/GLints/dict_16_192_64_0p5_0p02_0060_0011.uasset" 6407
"../../../Engine/Content/EngineMaterials/Substrate/GLints/dict_16_192_64_0p5_0p02_0060_0009.uasset" 6408
"../../../Engine/Content/EngineMaterials/Substrate/GLints/dict_16_192_64_0p5_0p02_0060_0012.uasset" 6409
"../../../Engine/Content/EngineMaterials/Substrate/GLints/dict_16_192_64_0p5_0p02_0060_0013.uasset" 6410
"../../../Engine/Content/EngineMaterials/Substrate/GLints/dict_16_192_64_0p5_0p02_0060_0007.uasset" 6411
"../../../Engine/Content/EngineMaterials/Substrate/GLints/dict_16_192_64_0p5_0p02_0061_0002.uasset" 6412
"../../../Engine/Content/EngineMaterials/Substrate/GLints/dict_16_192_64_0p5_0p02_0060_0015.uasset" 6413
"../../../Engine/Content/EngineMaterials/Substrate/GLints/dict_16_192_64_0p5_0p02_0061_0003.uasset" 6414
"../../../Engine/Content/EngineMaterials/Substrate/GLints/dict_16_192_64_0p5_0p02_0061_0004.uasset" 6415
"../../../Engine/Content/EngineMaterials/Substrate/GLints/dict_16_192_64_0p5_0p02_0061_0006.uasset" 6416
"/Engine/EngineMaterials/Substrate/GLints/dict_16_192_64_0p5_0p02_0060_0006" 6417
"../../../Engine/Content/EngineMaterials/Substrate/GLints/dict_16_192_64_0p5_0p02_0061_0007.uasset" 6418
"../../../Engine/Content/EngineMaterials/Substrate/GLints/dict_16_192_64_0p5_0p02_0061_0000.uasset" 6419
"../../../Engine/Content/EngineMaterials/Substrate/GLints/dict_16_192_64_0p5_0p02_0061_0008.uasset" 6420
"../../../Engine/Content/EngineMaterials/Substrate/GLints/dict_16_192_64_0p5_0p02_0061_0005.uasset" 6421
"../../../Engine/Content/EngineMaterials/Substrate/GLints/dict_16_192_64_0p5_0p02_0060_0014.uasset" 6422
"../../../Engine/Content/EngineMaterials/Substrate/GLints/dict_16_192_64_0p5_0p02_0061_0001.uasset" 6423
"/Engine/EngineMaterials/Substrate/GLints/dict_16_192_64_0p5_0p02_0060_0005" 6424
"/Engine/EngineMaterials/Substrate/GLints/dict_16_192_64_0p5_0p02_0060_0004" 6425
"/Engine/EngineMaterials/Substrate/GLints/dict_16_192_64_0p5_0p02_0060_0003" 6426
"/Engine/EngineMaterials/Substrate/GLints/dict_16_192_64_0p5_0p02_0060_0002" 6427
"/Engine/EngineMaterials/Substrate/GLints/dict_16_192_64_0p5_0p02_0060_0001" 6428
"/Engine/EngineMaterials/Substrate/GLints/dict_16_192_64_0p5_0p02_0060_0000" 6429
"/Engine/EngineMaterials/Substrate/GLints/dict_16_192_64_0p5_0p02_0059_0015" 6430
"/Engine/EngineMaterials/Substrate/GLints/dict_16_192_64_0p5_0p02_0059_0014" 6431
"/Engine/EngineMaterials/Substrate/GLints/dict_16_192_64_0p5_0p02_0059_0013" 6432
"/Engine/EngineMaterials/Substrate/GLints/dict_16_192_64_0p5_0p02_0059_0012" 6433
"/Engine/EngineMaterials/Substrate/GLints/dict_16_192_64_0p5_0p02_0060_0011" 6434
"/Engine/EngineMaterials/Substrate/GLints/dict_16_192_64_0p5_0p02_0059_0009" 6435
"/Engine/EngineMaterials/Substrate/GLints/dict_16_192_64_0p5_0p02_0060_0010" 6436
"/Engine/EngineMaterials/Substrate/GLints/dict_16_192_64_0p5_0p02_0060_0009" 6437
"/Engine/EngineMaterials/Substrate/GLints/dict_16_192_64_0p5_0p02_0059_0007" 6438
"/Engine/EngineMaterials/Substrate/GLints/dict_16_192_64_0p5_0p02_0060_0008" 6439
"/Engine/EngineMaterials/Substrate/GLints/dict_16_192_64_0p5_0p02_0059_0006" 6440
"../../../Engine/Content/EngineMaterials/Substrate/GLints/dict_16_192_64_0p5_0p02_0061_0010.uasset" 6441
"../../../Engine/Content/EngineMaterials/Substrate/GLints/dict_16_192_64_0p5_0p02_0061_0009.uasset" 6442
"../../../Engine/Content/EngineMaterials/Substrate/GLints/dict_16_192_64_0p5_0p02_0061_0011.uasset" 6443
"/Engine/EngineMaterials/Substrate/GLints/dict_16_192_64_0p5_0p02_0061_0008" 6444
"../../../Engine/Content/EngineMaterials/Substrate/GLints/dict_16_192_64_0p5_0p02_0061_0014.uasset" 6445
"../../../Engine/Content/EngineMaterials/Substrate/GLints/dict_16_192_64_0p5_0p02_0061_0015.uasset" 6446
"../../../Engine/Content/EngineMaterials/Substrate/GLints/dict_16_192_64_0p5_0p02_0062_0001.uasset" 6447
"../../../Engine/Content/EngineMaterials/Substrate/GLints/dict_16_192_64_0p5_0p02_0062_0000.uasset" 6448
"../../../Engine/Content/EngineMaterials/Substrate/GLints/dict_16_192_64_0p5_0p02_0061_0013.uasset" 6449
"../../../Engine/Content/EngineMaterials/Substrate/GLints/dict_16_192_64_0p5_0p02_0062_0003.uasset" 6450
"../../../Engine/Content/EngineMaterials/Substrate/GLints/dict_16_192_64_0p5_0p02_0062_0002.uasset" 6451
"../../../Engine/Content/EngineMaterials/Substrate/GLints/dict_16_192_64_0p5_0p02_0062_0004.uasset" 6452
"../../../Engine/Content/EngineMaterials/Substrate/GLints/dict_16_192_64_0p5_0p02_0062_0006.uasset" 6453
"../../../Engine/Content/EngineMaterials/Substrate/GLints/dict_16_192_64_0p5_0p02_0062_0005.uasset" 6454
"../../../Engine/Content/EngineMaterials/Substrate/GLints/dict_16_192_64_0p5_0p02_0062_0007.uasset" 6455
"../../../Engine/Content/EngineMaterials/Substrate/GLints/dict_16_192_64_0p5_0p02_0062_0008.uasset" 6456
"../../../Engine/Content/EngineMaterials/Substrate/GLints/dict_16_192_64_0p5_0p02_0062_0009.uasset" 6457
"../../../Engine/Content/EngineMaterials/Substrate/GLints/dict_16_192_64_0p5_0p02_0062_0010.uasset" 6458
"../../../Engine/Content/EngineMaterials/Substrate/GLints/dict_16_192_64_0p5_0p02_0061_0012.uasset" 6459
"/Engine/EngineMaterials/Substrate/GLints/dict_16_192_64_0p5_0p02_0061_0007" 6460
"/Engine/EngineMaterials/Substrate/GLints/dict_16_192_64_0p5_0p02_0061_0006" 6461
"/Engine/EngineMaterials/Substrate/GLints/dict_16_192_64_0p5_0p02_0061_0005" 6462
"/Engine/EngineMaterials/Substrate/GLints/dict_16_192_64_0p5_0p02_0061_0004" 6463
"/Engine/EngineMaterials/Substrate/GLints/dict_16_192_64_0p5_0p02_0061_0003" 6464
"/Engine/EngineMaterials/Substrate/GLints/dict_16_192_64_0p5_0p02_0061_0002" 6465
"/Engine/EngineMaterials/Substrate/GLints/dict_16_192_64_0p5_0p02_0061_0001" 6466
"/Engine/EngineMaterials/Substrate/GLints/dict_16_192_64_0p5_0p02_0061_0000" 6467
"/Engine/EngineMaterials/Substrate/GLints/dict_16_192_64_0p5_0p02_0060_0015" 6468
"/Engine/EngineMaterials/Substrate/GLints/dict_16_192_64_0p5_0p02_0060_0014" 6469
"/Engine/EngineMaterials/Substrate/GLints/dict_16_192_64_0p5_0p02_0060_0013" 6470
"/Engine/EngineMaterials/Substrate/GLints/dict_16_192_64_0p5_0p02_0060_0012" 6471
"/Engine/EngineMaterials/Substrate/GLints/dict_16_192_64_0p5_0p02_0060_0007" 6472
"../../../Engine/Content/EngineMaterials/Substrate/GLints/dict_16_192_64_0p5_0p02_0062_0012.uasset" 6473
"../../../Engine/Content/EngineMaterials/Substrate/GLints/dict_16_192_64_0p5_0p02_0062_0013.uasset" 6474
"../../../Engine/Content/EngineMaterials/Substrate/GLints/dict_16_192_64_0p5_0p02_0062_0015.uasset" 6475
"../../../Engine/Content/EngineMaterials/Substrate/GLints/dict_16_192_64_0p5_0p02_0063_0000.uasset" 6476
"../../../Engine/Content/EngineMaterials/Substrate/GLints/dict_16_192_64_0p5_0p02_0063_0001.uasset" 6477
"../../../Engine/Content/EngineMaterials/Substrate/GLints/dict_16_192_64_0p5_0p02_0063_0003.uasset" 6478
"../../../Engine/Content/EngineMaterials/Substrate/GLints/dict_16_192_64_0p5_0p02_0063_0005.uasset" 6479
"/Engine/EngineMaterials/Substrate/GLints/dict_16_192_64_0p5_0p02_0062_0010" 6480
"../../../Engine/Content/EngineMaterials/Substrate/GLints/dict_16_192_64_0p5_0p02_0063_0002.uasset" 6481
"../../../Engine/Content/EngineMaterials/Substrate/GLints/dict_16_192_64_0p5_0p02_0063_0004.uasset" 6482
"../../../Engine/Content/EngineMaterials/Substrate/GLints/dict_16_192_64_0p5_0p02_0063_0008.uasset" 6483
"../../../Engine/Content/EngineMaterials/Substrate/GLints/dict_16_192_64_0p5_0p02_0063_0007.uasset" 6484
"../../../Engine/Content/EngineMaterials/Substrate/GLints/dict_16_192_64_0p5_0p02_0062_0014.uasset" 6485
"../../../Engine/Content/EngineMaterials/Substrate/GLints/dict_16_192_64_0p5_0p02_0063_0006.uasset" 6486
"../../../Engine/Content/EngineMaterials/Substrate/GLints/dict_16_192_64_0p5_0p02_0062_0011.uasset" 6487
"/Engine/EngineMaterials/Substrate/GLints/dict_16_192_64_0p5_0p02_0062_0009" 6488
"/Engine/EngineMaterials/Substrate/GLints/dict_16_192_64_0p5_0p02_0062_0008" 6489
"/Engine/EngineMaterials/Substrate/GLints/dict_16_192_64_0p5_0p02_0062_0007" 6490
"/Engine/EngineMaterials/Substrate/GLints/dict_16_192_64_0p5_0p02_0062_0006" 6491
"/Engine/EngineMaterials/Substrate/GLints/dict_16_192_64_0p5_0p02_0062_0005" 6492
"/Engine/EngineMaterials/Substrate/GLints/dict_16_192_64_0p5_0p02_0062_0004" 6493
"/Engine/EngineMaterials/Substrate/GLints/dict_16_192_64_0p5_0p02_0062_0003" 6494
"/Engine/EngineMaterials/Substrate/GLints/dict_16_192_64_0p5_0p02_0062_0002" 6495
"/Engine/EngineMaterials/Substrate/GLints/dict_16_192_64_0p5_0p02_0062_0001" 6496
"/Engine/EngineMaterials/Substrate/GLints/dict_16_192_64_0p5_0p02_0062_0000" 6497
"/Engine/EngineMaterials/Substrate/GLints/dict_16_192_64_0p5_0p02_0062_0012" 6498
"/Engine/EngineMaterials/Substrate/GLints/dict_16_192_64_0p5_0p02_0061_0015" 6499
"/Engine/EngineMaterials/Substrate/GLints/dict_16_192_64_0p5_0p02_0061_0014" 6500
"/Engine/EngineMaterials/Substrate/GLints/dict_16_192_64_0p5_0p02_0061_0013" 6501
"/Engine/EngineMaterials/Substrate/GLints/dict_16_192_64_0p5_0p02_0061_0012" 6502
"/Engine/EngineMaterials/Substrate/GLints/dict_16_192_64_0p5_0p02_0061_0011" 6503
"/Engine/EngineMaterials/Substrate/GLints/dict_16_192_64_0p5_0p02_0061_0010" 6504
"/Engine/EngineMaterials/Substrate/GLints/dict_16_192_64_0p5_0p02_0061_0009" 6505
"../../../Engine/Content/EngineMaterials/Substrate/GLints/dict_16_192_64_0p5_0p02_0063_0009.uasset" 6506
"../../../Engine/Content/EngineMaterials/Substrate/GLints/dict_16_192_64_0p5_0p02_0063_0010.uasset" 6507
"../../../Engine/Content/EngineMaterials/Substrate/GLints/dict_16_192_64_0p5_0p02_0063_0011.uasset" 6508
"../../../Engine/Content/EngineMaterials/Substrate/GLints/dict_16_192_64_0p5_0p02_0063_0012.uasset" 6509
"../../../Engine/Content/EngineMaterials/Substrate/GLints/dict_16_192_64_0p5_0p02_0063_0013.uasset" 6510
"../../../Engine/Content/EngineMaterials/Substrate/GLints/dict_16_192_64_0p5_0p02_0063_0014.uasset" 6511
"../../../Engine/Content/EngineMaterials/Substrate/GLints/dict_16_192_64_0p5_0p02_0063_0015.uasset" 6512
"../../../Engine/Content/EngineMaterials/Substrate/GLints/AGlintTex2dArray.uasset" 6513
"../../../Engine/Content/EngineMaterials/Substrate/Glints2/dict_0000_0000.uasset" 6514
"../../../Engine/Content/EngineMaterials/Substrate/Glints2/dict_0000_0001.uasset" 6515
"/Engine/EngineMaterials/Substrate/GLints/dict_16_192_64_0p5_0p02_0063_0008" 6516
"../../../Engine/Content/EngineMaterials/Substrate/Glints2/dict_0000_0003.uasset" 6517
"../../../Engine/Content/EngineMaterials/Substrate/Glints2/dict_0000_0002.uasset" 6518
"../../../Engine/Content/EngineMaterials/Substrate/Glints2/dict_0000_0004.uasset" 6519
"../../../Engine/Content/EngineMaterials/Substrate/Glints2/dict_0000_0005.uasset" 6520
"../../../Engine/Content/EngineMaterials/Substrate/Glints2/dict_0000_0006.uasset" 6521
"../../../Engine/Content/EngineMaterials/Substrate/Glints2/dict_0000_0007.uasset" 6522
"../../../Engine/Content/EngineMaterials/Substrate/Glints2/dict_0000_0008.uasset" 6523
"../../../Engine/Content/EngineMaterials/Substrate/Glints2/dict_0000_0009.uasset" 6524
"../../../Engine/Content/EngineMaterials/Substrate/Glints2/dict_0000_0010.uasset" 6525
"/Engine/EngineMaterials/Substrate/GLints/dict_16_192_64_0p5_0p02_0063_0007" 6526
"/Engine/EngineMaterials/Substrate/GLints/dict_16_192_64_0p5_0p02_0063_0006" 6527
"/Engine/EngineMaterials/Substrate/GLints/dict_16_192_64_0p5_0p02_0063_0005" 6528
"/Engine/EngineMaterials/Substrate/GLints/dict_16_192_64_0p5_0p02_0063_0004" 6529
"/Engine/EngineMaterials/Substrate/GLints/dict_16_192_64_0p5_0p02_0063_0003" 6530
"/Engine/EngineMaterials/Substrate/GLints/dict_16_192_64_0p5_0p02_0063_0002" 6531
"/Engine/EngineMaterials/Substrate/GLints/dict_16_192_64_0p5_0p02_0063_0001" 6532
"/Engine/EngineMaterials/Substrate/GLints/dict_16_192_64_0p5_0p02_0063_0000" 6533
"/Engine/EngineMaterials/Substrate/GLints/dict_16_192_64_0p5_0p02_0062_0015" 6534
"/Engine/EngineMaterials/Substrate/GLints/dict_16_192_64_0p5_0p02_0062_0014" 6535
"/Engine/EngineMaterials/Substrate/GLints/dict_16_192_64_0p5_0p02_0062_0013" 6536
"/Engine/EngineMaterials/Substrate/GLints/dict_16_192_64_0p5_0p02_0063_0012" 6537
"/Engine/EngineMaterials/Substrate/GLints/dict_16_192_64_0p5_0p02_0063_0011" 6538
"/Engine/EngineMaterials/Substrate/GLints/dict_16_192_64_0p5_0p02_0063_0010" 6539
"/Engine/EngineMaterials/Substrate/GLints/dict_16_192_64_0p5_0p02_0062_0011" 6540
"/Engine/EngineMaterials/Substrate/GLints/dict_16_192_64_0p5_0p02_0063_0009" 6541
"../../../Engine/Content/EngineMaterials/Substrate/Glints2/dict_0000_0011.uasset" 6542
"../../../Engine/Content/EngineMaterials/Substrate/Glints2/dict_0000_0012.uasset" 6543
"../../../Engine/Content/EngineMaterials/Substrate/Glints2/dict_0000_0013.uasset" 6544
"../../../Engine/Content/EngineMaterials/Substrate/Glints2/dict_0000_0015.uasset" 6545
"../../../Engine/Content/EngineMaterials/Substrate/Glints2/dict_0000_0014.uasset" 6546
"../../../Engine/Content/EngineMaterials/Substrate/Glints2/dict_0000_0016.uasset" 6547
"../../../Engine/Content/EngineMaterials/Substrate/Glints2/dict_0000_0017.uasset" 6548
"../../../Engine/Content/EngineMaterials/Substrate/Glints2/dict_0000_0018.uasset" 6549
"../../../Engine/Content/EngineMaterials/Substrate/Glints2/dict_0000_0019.uasset" 6550
"/Engine/EngineMaterials/Substrate/Glints2/dict_0000_0010" 6551
"../../../Engine/Content/EngineMaterials/Substrate/Glints2/dict_0000_0020.uasset" 6552
"../../../Engine/Content/EngineMaterials/Substrate/Glints2/dict_0000_0021.uasset" 6553
"../../../Engine/Content/EngineMaterials/Substrate/Glints2/dict_0000_0022.uasset" 6554
"../../../Engine/Content/EngineMaterials/Substrate/Glints2/dict_0000_0023.uasset" 6555
"../../../Engine/Content/EngineMaterials/Substrate/Glints2/dict_0000_0024.uasset" 6556
"../../../Engine/Content/EngineMaterials/Substrate/Glints2/dict_0000_0025.uasset" 6557
"../../../Engine/Content/EngineMaterials/Substrate/Glints2/dict_0000_0026.uasset" 6558
"../../../Engine/Content/EngineMaterials/Substrate/Glints2/dict_0000_0027.uasset" 6559
"/Engine/EngineMaterials/Substrate/Glints2/dict_0000_0009" 6560
"/Engine/EngineMaterials/Substrate/Glints2/dict_0000_0008" 6561
"/Engine/EngineMaterials/Substrate/Glints2/dict_0000_0007" 6562
"/Engine/EngineMaterials/Substrate/Glints2/dict_0000_0006" 6563
"/Engine/EngineMaterials/Substrate/Glints2/dict_0000_0005" 6564
"/Engine/EngineMaterials/Substrate/Glints2/dict_0000_0004" 6565
"/Engine/EngineMaterials/Substrate/Glints2/dict_0000_0003" 6566
"/Engine/EngineMaterials/Substrate/Glints2/dict_0000_0002" 6567
"/Engine/EngineMaterials/Substrate/Glints2/dict_0000_0001" 6568
"/Engine/EngineMaterials/Substrate/Glints2/dict_0000_0000" 6569
"/Engine/EngineMaterials/Substrate/GLints/AGlintTex2dArray" 6570
"/Engine/EngineMaterials/Substrate/Glints2/dict_0000_0015" 6571
"/Engine/EngineMaterials/Substrate/Glints2/dict_0000_0013" 6572
"/Engine/EngineMaterials/Substrate/Glints2/dict_0000_0012" 6573
"/Engine/EngineMaterials/Substrate/Glints2/dict_0000_0011" 6574
"../../../Engine/Content/EngineMaterials/Substrate/Glints2/dict_0000_0028.uasset" 6575
"../../../Engine/Content/EngineMaterials/Substrate/Glints2/dict_0000_0029.uasset" 6576
"/Engine/EngineMaterials/Substrate/Glints2/dict_0000_0027" 6577
"../../../Engine/Content/EngineMaterials/Substrate/Glints2/dict_0000_0030.uasset" 6578
"../../../Engine/Content/EngineMaterials/Substrate/Glints2/dict_0000_0032.uasset" 6579
"../../../Engine/Content/EngineMaterials/Substrate/Glints2/dict_0000_0031.uasset" 6580
"../../../Engine/Content/EngineMaterials/Substrate/Glints2/dict_0000_0033.uasset" 6581
"../../../Engine/Content/EngineMaterials/Substrate/Glints2/dict_0000_0034.uasset" 6582
"../../../Engine/Content/EngineMaterials/Substrate/Glints2/dict_0000_0035.uasset" 6583
"../../../Engine/Content/EngineMaterials/Substrate/Glints2/dict_0000_0036.uasset" 6584
"../../../Engine/Content/EngineMaterials/Substrate/Glints2/dict_0000_0037.uasset" 6585
"../../../Engine/Content/EngineMaterials/Substrate/Glints2/dict_0000_0038.uasset" 6586
"../../../Engine/Content/EngineMaterials/Substrate/Glints2/dict_0000_0039.uasset" 6587
"../../../Engine/Content/EngineMaterials/Substrate/Glints2/dict_0000_0040.uasset" 6588
"../../../Engine/Content/EngineMaterials/Substrate/Glints2/dict_0000_0041.uasset" 6589
"../../../Engine/Content/EngineMaterials/Substrate/Glints2/dict_0000_0042.uasset" 6590
"../../../Engine/Content/EngineMaterials/Substrate/Glints2/dict_0000_0043.uasset" 6591
"../../../Engine/Content/EngineMaterials/Substrate/Glints2/dict_0000_0044.uasset" 6592
"../../../Engine/Content/EngineMaterials/Substrate/Glints2/dict_0000_0045.uasset" 6593
"../../../Engine/Content/EngineMaterials/Substrate/Glints2/dict_0000_0046.uasset" 6594
"/Engine/EngineMaterials/Substrate/Glints2/dict_0000_0026" 6595
"/Engine/EngineMaterials/Substrate/Glints2/dict_0000_0025" 6596
"/Engine/EngineMaterials/Substrate/Glints2/dict_0000_0024" 6597
"/Engine/EngineMaterials/Substrate/Glints2/dict_0000_0023" 6598
"/Engine/EngineMaterials/Substrate/Glints2/dict_0000_0022" 6599
"/Engine/EngineMaterials/Substrate/Glints2/dict_0000_0021" 6600
"/Engine/EngineMaterials/Substrate/Glints2/dict_0000_0020" 6601
"/Engine/EngineMaterials/Substrate/Glints2/dict_0000_0019" 6602
"/Engine/EngineMaterials/Substrate/Glints2/dict_0000_0018" 6603
"/Engine/EngineMaterials/Substrate/Glints2/dict_0000_0017" 6604
"/Engine/EngineMaterials/Substrate/Glints2/dict_0000_0016" 6605
"/Engine/EngineMaterials/Substrate/Glints2/dict_0000_0014" 6606
"/Engine/EngineMaterials/Substrate/Glints2/dict_0000_0028" 6607
"../../../Engine/Content/EngineMaterials/Substrate/Glints2/dict_0000_0048.uasset" 6608
"../../../Engine/Content/EngineMaterials/Substrate/Glints2/dict_0000_0049.uasset" 6609
"../../../Engine/Content/EngineMaterials/Substrate/Glints2/dict_0000_0050.uasset" 6610
"../../../Engine/Content/EngineMaterials/Substrate/Glints2/dict_0000_0051.uasset" 6611
"../../../Engine/Content/EngineMaterials/Substrate/Glints2/dict_0000_0052.uasset" 6612
"../../../Engine/Content/EngineMaterials/Substrate/Glints2/dict_0000_0054.uasset" 6613
"../../../Engine/Content/EngineMaterials/Substrate/Glints2/dict_0000_0055.uasset" 6614
"../../../Engine/Content/EngineMaterials/Substrate/Glints2/dict_0000_0056.uasset" 6615
"../../../Engine/Content/EngineMaterials/Substrate/Glints2/dict_0000_0057.uasset" 6616
"../../../Engine/Content/EngineMaterials/Substrate/Glints2/dict_0000_0058.uasset" 6617
"/Engine/EngineMaterials/Substrate/Glints2/dict_0000_0046" 6618
"../../../Engine/Content/EngineMaterials/Substrate/Glints2/dict_0000_0059.uasset" 6619
"../../../Engine/Content/EngineMaterials/Substrate/Glints2/dict_0000_0047.uasset" 6620
"../../../Engine/Content/EngineMaterials/Substrate/Glints2/dict_0000_0060.uasset" 6621
"../../../Engine/Content/EngineMaterials/Substrate/Glints2/dict_0000_0053.uasset" 6622
"/Engine/EngineMaterials/Substrate/Glints2/dict_0000_0045" 6623
"/Engine/EngineMaterials/Substrate/Glints2/dict_0000_0044" 6624
"/Engine/EngineMaterials/Substrate/Glints2/dict_0000_0043" 6625
"/Engine/EngineMaterials/Substrate/Glints2/dict_0000_0042" 6626
"/Engine/EngineMaterials/Substrate/Glints2/dict_0000_0041" 6627
"/Engine/EngineMaterials/Substrate/Glints2/dict_0000_0040" 6628
"/Engine/EngineMaterials/Substrate/Glints2/dict_0000_0039" 6629
"/Engine/EngineMaterials/Substrate/Glints2/dict_0000_0038" 6630
"/Engine/EngineMaterials/Substrate/Glints2/dict_0000_0037" 6631
"/Engine/EngineMaterials/Substrate/Glints2/dict_0000_0036" 6632
"/Engine/EngineMaterials/Substrate/Glints2/dict_0000_0049" 6633
"/Engine/EngineMaterials/Substrate/Glints2/dict_0000_0035" 6634
"/Engine/EngineMaterials/Substrate/Glints2/dict_0000_0034" 6635
"/Engine/EngineMaterials/Substrate/Glints2/dict_0000_0033" 6636
"/Engine/EngineMaterials/Substrate/Glints2/dict_0000_0032" 6637
"/Engine/EngineMaterials/Substrate/Glints2/dict_0000_0031" 6638
"/Engine/EngineMaterials/Substrate/Glints2/dict_0000_0048" 6639
"/Engine/EngineMaterials/Substrate/Glints2/dict_0000_0030" 6640
"/Engine/EngineMaterials/Substrate/Glints2/dict_0000_0029" 6641
"../../../Engine/Content/EngineMaterials/Substrate/Glints2/dict_0000_0061.uasset" 6642
"../../../Engine/Content/EngineMaterials/Substrate/Glints2/dict_0000_0063.uasset" 6643
"../../../Engine/Content/EngineMaterials/Substrate/Glints2/dict_0000_0064.uasset" 6644
"../../../Engine/Content/EngineMaterials/Substrate/Glints2/dict_0000_0066.uasset" 6645
"../../../Engine/Content/EngineMaterials/Substrate/Glints2/dict_0000_0067.uasset" 6646
"/Engine/EngineMaterials/Substrate/Glints2/dict_0000_0060" 6647
"../../../Engine/Content/EngineMaterials/Substrate/Glints2/dict_0000_0068.uasset" 6648
"../../../Engine/Content/EngineMaterials/Substrate/Glints2/dict_0000_0071.uasset" 6649
"../../../Engine/Content/EngineMaterials/Substrate/Glints2/dict_0000_0072.uasset" 6650
"../../../Engine/Content/EngineMaterials/Substrate/Glints2/dict_0000_0069.uasset" 6651
"../../../Engine/Content/EngineMaterials/Substrate/Glints2/dict_0000_0075.uasset" 6652
"../../../Engine/Content/EngineMaterials/Substrate/Glints2/dict_0000_0073.uasset" 6653
"../../../Engine/Content/EngineMaterials/Substrate/Glints2/dict_0000_0074.uasset" 6654
"../../../Engine/Content/EngineMaterials/Substrate/Glints2/dict_0000_0076.uasset" 6655
"../../../Engine/Content/EngineMaterials/Substrate/Glints2/dict_0000_0077.uasset" 6656
"../../../Engine/Content/EngineMaterials/Substrate/Glints2/dict_0000_0080.uasset" 6657
"../../../Engine/Content/EngineMaterials/Substrate/Glints2/dict_0000_0079.uasset" 6658
"../../../Engine/Content/EngineMaterials/Substrate/Glints2/dict_0000_0078.uasset" 6659
"../../../Engine/Content/EngineMaterials/Substrate/Glints2/dict_0000_0062.uasset" 6660
"../../../Engine/Content/EngineMaterials/Substrate/Glints2/dict_0000_0065.uasset" 6661
"../../../Engine/Content/EngineMaterials/Substrate/Glints2/dict_0000_0070.uasset" 6662
"/Engine/EngineMaterials/Substrate/Glints2/dict_0000_0059" 6663
"/Engine/EngineMaterials/Substrate/Glints2/dict_0000_0058" 6664
"/Engine/EngineMaterials/Substrate/Glints2/dict_0000_0057" 6665
"/Engine/EngineMaterials/Substrate/Glints2/dict_0000_0056" 6666
"/Engine/EngineMaterials/Substrate/Glints2/dict_0000_0055" 6667
"/Engine/EngineMaterials/Substrate/Glints2/dict_0000_0054" 6668
"/Engine/EngineMaterials/Substrate/Glints2/dict_0000_0053" 6669
"/Engine/EngineMaterials/Substrate/Glints2/dict_0000_0052" 6670
"/Engine/EngineMaterials/Substrate/Glints2/dict_0000_0051" 6671
"/Engine/EngineMaterials/Substrate/Glints2/dict_0000_0050" 6672
"/Engine/EngineMaterials/Substrate/Glints2/dict_0000_0063" 6673
"/Engine/EngineMaterials/Substrate/Glints2/dict_0000_0061" 6674
"/Engine/EngineMaterials/Substrate/Glints2/dict_0000_0047" 6675
"../../../Engine/Content/EngineMaterials/Substrate/Glints2/dict_0000_0083.uasset" 6676
"../../../Engine/Content/EngineMaterials/Substrate/Glints2/dict_0000_0086.uasset" 6677
"../../../Engine/Content/EngineMaterials/Substrate/Glints2/dict_0000_0082.uasset" 6678
"../../../Engine/Content/EngineMaterials/Substrate/Glints2/dict_0000_0087.uasset" 6679
"../../../Engine/Content/EngineMaterials/Substrate/Glints2/dict_0000_0089.uasset" 6680
"../../../Engine/Content/EngineMaterials/Substrate/Glints2/dict_0000_0088.uasset" 6681
"../../../Engine/Content/EngineMaterials/Substrate/Glints2/dict_0000_0081.uasset" 6682
"../../../Engine/Content/EngineMaterials/Substrate/Glints2/dict_0000_0085.uasset" 6683
"../../../Engine/Content/EngineMaterials/Substrate/Glints2/dict_0000_0091.uasset" 6684
"../../../Engine/Content/EngineMaterials/Substrate/Glints2/dict_0000_0090.uasset" 6685
"../../../Engine/Content/EngineMaterials/Substrate/Glints2/dict_0000_0093.uasset" 6686
"../../../Engine/Content/EngineMaterials/Substrate/Glints2/dict_0000_0094.uasset" 6687
"../../../Engine/Content/EngineMaterials/Substrate/Glints2/dict_0000_0084.uasset" 6688
"../../../Engine/Content/EngineMaterials/Substrate/Glints2/dict_0000_0092.uasset" 6689
"/Engine/EngineMaterials/Substrate/Glints2/dict_0000_0080" 6690
"/Engine/EngineMaterials/Substrate/Glints2/dict_0000_0079" 6691
"/Engine/EngineMaterials/Substrate/Glints2/dict_0000_0078" 6692
"/Engine/EngineMaterials/Substrate/Glints2/dict_0000_0077" 6693
"/Engine/EngineMaterials/Substrate/Glints2/dict_0000_0076" 6694
"/Engine/EngineMaterials/Substrate/Glints2/dict_0000_0075" 6695
"/Engine/EngineMaterials/Substrate/Glints2/dict_0000_0074" 6696
"/Engine/EngineMaterials/Substrate/Glints2/dict_0000_0073" 6697
"/Engine/EngineMaterials/Substrate/Glints2/dict_0000_0072" 6698
"/Engine/EngineMaterials/Substrate/Glints2/dict_0000_0071" 6699
"/Engine/EngineMaterials/Substrate/Glints2/dict_0000_0070" 6700
"/Engine/EngineMaterials/Substrate/Glints2/dict_0000_0089" 6701
"/Engine/EngineMaterials/Substrate/Glints2/dict_0000_0088" 6702
"/Engine/EngineMaterials/Substrate/Glints2/dict_0000_0087" 6703
"/Engine/EngineMaterials/Substrate/Glints2/dict_0000_0086" 6704
"/Engine/EngineMaterials/Substrate/Glints2/dict_0000_0069" 6705
"/Engine/EngineMaterials/Substrate/Glints2/dict_0000_0068" 6706
"/Engine/EngineMaterials/Substrate/Glints2/dict_0000_0067" 6707
"/Engine/EngineMaterials/Substrate/Glints2/dict_0000_0066" 6708
"/Engine/EngineMaterials/Substrate/Glints2/dict_0000_0065" 6709
"/Engine/EngineMaterials/Substrate/Glints2/dict_0000_0064" 6710
"/Engine/EngineMaterials/Substrate/Glints2/dict_0000_0083" 6711
"/Engine/EngineMaterials/Substrate/Glints2/dict_0000_0062" 6712
"/Engine/EngineMaterials/Substrate/Glints2/dict_0000_0082" 6713
"/Engine/EngineMaterials/Substrate/Glints2/dict_0000_0081" 6714
"../../../Engine/Content/EngineMaterials/Substrate/Glints2/dict_0000_0097.uasset" 6715
"../../../Engine/Content/EngineMaterials/Substrate/Glints2/dict_0000_0098.uasset" 6716
"../../../Engine/Content/EngineMaterials/Substrate/Glints2/dict_0000_0100.uasset" 6717
"../../../Engine/Content/EngineMaterials/Substrate/Glints2/dict_0000_0099.uasset" 6718
"../../../Engine/Content/EngineMaterials/Substrate/Glints2/dict_0000_0101.uasset" 6719
"../../../Engine/Content/EngineMaterials/Substrate/Glints2/dict_0000_0102.uasset" 6720
"../../../Engine/Content/EngineMaterials/Substrate/Glints2/dict_0000_0103.uasset" 6721
"../../../Engine/Content/EngineMaterials/Substrate/Glints2/dict_0000_0104.uasset" 6722
"../../../Engine/Content/EngineMaterials/Substrate/Glints2/dict_0000_0105.uasset" 6723
"../../../Engine/Content/EngineMaterials/Substrate/Glints2/dict_0000_0106.uasset" 6724
"../../../Engine/Content/EngineMaterials/Substrate/Glints2/dict_0000_0109.uasset" 6725
"../../../Engine/Content/EngineMaterials/Substrate/Glints2/dict_0000_0110.uasset" 6726
"../../../Engine/Content/EngineMaterials/Substrate/Glints2/dict_0000_0095.uasset" 6727
"../../../Engine/Content/EngineMaterials/Substrate/Glints2/dict_0000_0112.uasset" 6728
"../../../Engine/Content/EngineMaterials/Substrate/Glints2/dict_0000_0114.uasset" 6729
"../../../Engine/Content/EngineMaterials/Substrate/Glints2/dict_0000_0116.uasset" 6730
"../../../Engine/Content/EngineMaterials/Substrate/Glints2/dict_0000_0111.uasset" 6731
"../../../Engine/Content/EngineMaterials/Substrate/Glints2/dict_0000_0117.uasset" 6732
"../../../Engine/Content/EngineMaterials/Substrate/Glints2/dict_0000_0119.uasset" 6733
"../../../Engine/Content/EngineMaterials/Substrate/Glints2/dict_0000_0107.uasset" 6734
"../../../Engine/Content/EngineMaterials/Substrate/Glints2/dict_0000_0115.uasset" 6735
"../../../Engine/Content/EngineMaterials/Substrate/Glints2/dict_0000_0096.uasset" 6736
"../../../Engine/Content/EngineMaterials/Substrate/Glints2/dict_0000_0108.uasset" 6737
"/Engine/EngineMaterials/Substrate/Glints2/dict_0000_0094" 6738
"../../../Engine/Content/EngineMaterials/Substrate/Glints2/dict_0000_0118.uasset" 6739
"../../../Engine/Content/EngineMaterials/Substrate/Glints2/dict_0000_0113.uasset" 6740
"/Engine/EngineMaterials/Substrate/Glints2/dict_0000_0093" 6741
"/Engine/EngineMaterials/Substrate/Glints2/dict_0000_0092" 6742
"/Engine/EngineMaterials/Substrate/Glints2/dict_0000_0091" 6743
"/Engine/EngineMaterials/Substrate/Glints2/dict_0000_0090" 6744
"/Engine/EngineMaterials/Substrate/Glints2/dict_0000_0085" 6745
"/Engine/EngineMaterials/Substrate/Glints2/dict_0000_0084" 6746
"/Engine/EngineMaterials/Substrate/Glints2/dict_0000_0104" 6747
"/Engine/EngineMaterials/Substrate/Glints2/dict_0000_0103" 6748
"/Engine/EngineMaterials/Substrate/Glints2/dict_0000_0102" 6749
"/Engine/EngineMaterials/Substrate/Glints2/dict_0000_0101" 6750
"/Engine/EngineMaterials/Substrate/Glints2/dict_0000_0100" 6751
"/Engine/EngineMaterials/Substrate/Glints2/dict_0000_0099" 6752
"/Engine/EngineMaterials/Substrate/Glints2/dict_0000_0098" 6753
"/Engine/EngineMaterials/Substrate/Glints2/dict_0000_0097" 6754
"../../../Engine/Content/EngineMaterials/Substrate/Glints2/dict_0000_0122.uasset" 6755
"../../../Engine/Content/EngineMaterials/Substrate/Glints2/dict_0000_0123.uasset" 6756
"../../../Engine/Content/EngineMaterials/Substrate/Glints2/dict_0000_0124.uasset" 6757
"../../../Engine/Content/EngineMaterials/Substrate/Glints2/dict_0000_0125.uasset" 6758
"../../../Engine/Content/EngineMaterials/Substrate/Glints2/dict_0000_0126.uasset" 6759
"../../../Engine/Content/EngineMaterials/Substrate/Glints2/dict_0000_0127.uasset" 6760
"../../../Engine/Content/EngineMaterials/Substrate/Glints2/dict_0000_0128.uasset" 6761
"../../../Engine/Content/EngineMaterials/Substrate/Glints2/dict_0000_0129.uasset" 6762
"../../../Engine/Content/EngineMaterials/Substrate/Glints2/dict_0000_0130.uasset" 6763
"../../../Engine/Content/EngineMaterials/Substrate/Glints2/dict_0000_0131.uasset" 6764
"../../../Engine/Content/EngineMaterials/Substrate/Glints2/dict_0000_0132.uasset" 6765
"../../../Engine/Content/EngineMaterials/Substrate/Glints2/dict_0000_0134.uasset" 6766
"../../../Engine/Content/EngineMaterials/Substrate/Glints2/dict_0000_0133.uasset" 6767
"/Engine/EngineMaterials/Substrate/Glints2/dict_0000_0119" 6768
"../../../Engine/Content/EngineMaterials/Substrate/Glints2/dict_0000_0120.uasset" 6769
"../../../Engine/Content/EngineMaterials/Substrate/Glints2/dict_0000_0121.uasset" 6770
"/Engine/EngineMaterials/Substrate/Glints2/dict_0000_0118" 6771
"/Engine/EngineMaterials/Substrate/Glints2/dict_0000_0117" 6772
"/Engine/EngineMaterials/Substrate/Glints2/dict_0000_0116" 6773
"/Engine/EngineMaterials/Substrate/Glints2/dict_0000_0115" 6774
"/Engine/EngineMaterials/Substrate/Glints2/dict_0000_0114" 6775
"/Engine/EngineMaterials/Substrate/Glints2/dict_0000_0113" 6776
"/Engine/EngineMaterials/Substrate/Glints2/dict_0000_0112" 6777
"/Engine/EngineMaterials/Substrate/Glints2/dict_0000_0111" 6778
"/Engine/EngineMaterials/Substrate/Glints2/dict_0000_0110" 6779
"/Engine/EngineMaterials/Substrate/Glints2/dict_0000_0109" 6780
"/Engine/EngineMaterials/Substrate/Glints2/dict_0000_0108" 6781
"/Engine/EngineMaterials/Substrate/Glints2/dict_0000_0107" 6782
"/Engine/EngineMaterials/Substrate/Glints2/dict_0000_0106" 6783
"/Engine/EngineMaterials/Substrate/Glints2/dict_0000_0105" 6784
"/Engine/EngineMaterials/Substrate/Glints2/dict_0000_0124" 6785
"/Engine/EngineMaterials/Substrate/Glints2/dict_0000_0123" 6786
"/Engine/EngineMaterials/Substrate/Glints2/dict_0000_0122" 6787
"/Engine/EngineMaterials/Substrate/Glints2/dict_0000_0096" 6788
"/Engine/EngineMaterials/Substrate/Glints2/dict_0000_0095" 6789
"../../../Engine/Content/EngineMaterials/Substrate/Glints2/dict_0000_0136.uasset" 6790
"../../../Engine/Content/EngineMaterials/Substrate/Glints2/dict_0000_0137.uasset" 6791
"../../../Engine/Content/EngineMaterials/Substrate/Glints2/dict_0000_0135.uasset" 6792
"../../../Engine/Content/EngineMaterials/Substrate/Glints2/dict_0000_0138.uasset" 6793
"../../../Engine/Content/EngineMaterials/Substrate/Glints2/dict_0000_0142.uasset" 6794
"../../../Engine/Content/EngineMaterials/Substrate/Glints2/dict_0000_0143.uasset" 6795
"../../../Engine/Content/EngineMaterials/Substrate/Glints2/dict_0000_0145.uasset" 6796
"../../../Engine/Content/EngineMaterials/Substrate/Glints2/dict_0000_0139.uasset" 6797
"../../../Engine/Content/EngineMaterials/Substrate/Glints2/dict_0000_0146.uasset" 6798
"../../../Engine/Content/EngineMaterials/Substrate/Glints2/dict_0000_0144.uasset" 6799
"/Engine/EngineMaterials/Substrate/Glints2/dict_0000_0134" 6800
"../../../Engine/Content/EngineMaterials/Substrate/Glints2/dict_0000_0147.uasset" 6801
"../../../Engine/Content/EngineMaterials/Substrate/Glints2/dict_0000_0149.uasset" 6802
"../../../Engine/Content/EngineMaterials/Substrate/Glints2/dict_0000_0148.uasset" 6803
"../../../Engine/Content/EngineMaterials/Substrate/Glints2/dict_0000_0150.uasset" 6804
"../../../Engine/Content/EngineMaterials/Substrate/Glints2/dict_0000_0151.uasset" 6805
"../../../Engine/Content/EngineMaterials/Substrate/Glints2/dict_0000_0152.uasset" 6806
"../../../Engine/Content/EngineMaterials/Substrate/Glints2/dict_0000_0153.uasset" 6807
"../../../Engine/Content/EngineMaterials/Substrate/Glints2/dict_0000_0154.uasset" 6808
"../../../Engine/Content/EngineMaterials/Substrate/Glints2/dict_0000_0140.uasset" 6809
"../../../Engine/Content/EngineMaterials/Substrate/Glints2/dict_0000_0141.uasset" 6810
"/Engine/EngineMaterials/Substrate/Glints2/dict_0000_0133" 6811
"/Engine/EngineMaterials/Substrate/Glints2/dict_0000_0132" 6812
"/Engine/EngineMaterials/Substrate/Glints2/dict_0000_0131" 6813
"/Engine/EngineMaterials/Substrate/Glints2/dict_0000_0130" 6814
"/Engine/EngineMaterials/Substrate/Glints2/dict_0000_0129" 6815
"/Engine/EngineMaterials/Substrate/Glints2/dict_0000_0128" 6816
"/Engine/EngineMaterials/Substrate/Glints2/dict_0000_0127" 6817
"/Engine/EngineMaterials/Substrate/Glints2/dict_0000_0126" 6818
"/Engine/EngineMaterials/Substrate/Glints2/dict_0000_0125" 6819
"/Engine/EngineMaterials/Substrate/Glints2/dict_0000_0138" 6820
"/Engine/EngineMaterials/Substrate/Glints2/dict_0000_0137" 6821
"/Engine/EngineMaterials/Substrate/Glints2/dict_0000_0121" 6822
"/Engine/EngineMaterials/Substrate/Glints2/dict_0000_0120" 6823
"/Engine/EngineMaterials/Substrate/Glints2/dict_0000_0136" 6824
"/Engine/EngineMaterials/Substrate/Glints2/dict_0000_0135" 6825
"../../../Engine/Content/EngineMaterials/Substrate/Glints2/dict_0000_0155.uasset" 6826
"../../../Engine/Content/EngineMaterials/Substrate/Glints2/dict_0000_0157.uasset" 6827
"../../../Engine/Content/EngineMaterials/Substrate/Glints2/dict_0000_0156.uasset" 6828
"../../../Engine/Content/EngineMaterials/Substrate/Glints2/dict_0000_0159.uasset" 6829
"../../../Engine/Content/EngineMaterials/Substrate/Glints2/dict_0000_0160.uasset" 6830
"../../../Engine/Content/EngineMaterials/Substrate/Glints2/dict_0000_0161.uasset" 6831
"../../../Engine/Content/EngineMaterials/Substrate/Glints2/dict_0000_0162.uasset" 6832
"../../../Engine/Content/EngineMaterials/Substrate/Glints2/dict_0000_0164.uasset" 6833
"../../../Engine/Content/EngineMaterials/Substrate/Glints2/dict_0000_0166.uasset" 6834
"../../../Engine/Content/EngineMaterials/Substrate/Glints2/dict_0000_0165.uasset" 6835
"../../../Engine/Content/EngineMaterials/Substrate/Glints2/dict_0000_0167.uasset" 6836
"../../../Engine/Content/EngineMaterials/Substrate/Glints2/dict_0000_0158.uasset" 6837
"../../../Engine/Content/EngineMaterials/Substrate/Glints2/dict_0000_0169.uasset" 6838
"../../../Engine/Content/EngineMaterials/Substrate/Glints2/dict_0000_0168.uasset" 6839
"../../../Engine/Content/EngineMaterials/Substrate/Glints2/dict_0000_0163.uasset" 6840
"../../../Engine/Content/EngineMaterials/Substrate/Glints2/dict_0000_0170.uasset" 6841
"/Engine/EngineMaterials/Substrate/Glints2/dict_0000_0154" 6842
"/Engine/EngineMaterials/Substrate/Glints2/dict_0000_0153" 6843
"/Engine/EngineMaterials/Substrate/Glints2/dict_0000_0152" 6844
"/Engine/EngineMaterials/Substrate/Glints2/dict_0000_0151" 6845
"/Engine/EngineMaterials/Substrate/Glints2/dict_0000_0150" 6846
"/Engine/EngineMaterials/Substrate/Glints2/dict_0000_0149" 6847
"/Engine/EngineMaterials/Substrate/Glints2/dict_0000_0148" 6848
"/Engine/EngineMaterials/Substrate/Glints2/dict_0000_0147" 6849
"/Engine/EngineMaterials/Substrate/Glints2/dict_0000_0146" 6850
"/Engine/EngineMaterials/Substrate/Glints2/dict_0000_0145" 6851
"/Engine/EngineMaterials/Substrate/Glints2/dict_0000_0144" 6852
"/Engine/EngineMaterials/Substrate/Glints2/dict_0000_0143" 6853
"/Engine/EngineMaterials/Substrate/Glints2/dict_0000_0142" 6854
"/Engine/EngineMaterials/Substrate/Glints2/dict_0000_0141" 6855
"/Engine/EngineMaterials/Substrate/Glints2/dict_0000_0140" 6856
"/Engine/EngineMaterials/Substrate/Glints2/dict_0000_0161" 6857
"/Engine/EngineMaterials/Substrate/Glints2/dict_0000_0139" 6858
"/Engine/EngineMaterials/Substrate/Glints2/dict_0000_0160" 6859
"/Engine/EngineMaterials/Substrate/Glints2/dict_0000_0159" 6860
"/Engine/EngineMaterials/Substrate/Glints2/dict_0000_0157" 6861
"/Engine/EngineMaterials/Substrate/Glints2/dict_0000_0156" 6862
"/Engine/EngineMaterials/Substrate/Glints2/dict_0000_0155" 6863
"../../../Engine/Content/EngineMaterials/Substrate/Glints2/dict_0000_0172.uasset" 6864
"../../../Engine/Content/EngineMaterials/Substrate/Glints2/dict_0000_0176.uasset" 6865
"../../../Engine/Content/EngineMaterials/Substrate/Glints2/dict_0000_0177.uasset" 6866
"../../../Engine/Content/EngineMaterials/Substrate/Glints2/dict_0000_0179.uasset" 6867
"../../../Engine/Content/EngineMaterials/Substrate/Glints2/dict_0000_0174.uasset" 6868
"../../../Engine/Content/EngineMaterials/Substrate/Glints2/dict_0000_0180.uasset" 6869
"../../../Engine/Content/EngineMaterials/Substrate/Glints2/dict_0000_0173.uasset" 6870
"../../../Engine/Content/EngineMaterials/Substrate/Glints2/dict_0000_0181.uasset" 6871
"../../../Engine/Content/EngineMaterials/Substrate/Glints2/dict_0000_0182.uasset" 6872
"../../../Engine/Content/EngineMaterials/Substrate/Glints2/dict_0000_0183.uasset" 6873
"../../../Engine/Content/EngineMaterials/Substrate/Glints2/dict_0000_0186.uasset" 6874
"../../../Engine/Content/EngineMaterials/Substrate/Glints2/dict_0000_0185.uasset" 6875
"../../../Engine/Content/EngineMaterials/Substrate/Glints2/dict_0000_0187.uasset" 6876
"../../../Engine/Content/EngineMaterials/Substrate/Glints2/dict_0000_0171.uasset" 6877
"../../../Engine/Content/EngineMaterials/Substrate/Glints2/dict_0000_0188.uasset" 6878
"../../../Engine/Content/EngineMaterials/Substrate/Glints2/dict_0000_0189.uasset" 6879
"../../../Engine/Content/EngineMaterials/Substrate/Glints2/dict_0000_0190.uasset" 6880
"../../../Engine/Content/EngineMaterials/Substrate/Glints2/dict_0000_0191.uasset" 6881
"../../../Engine/Content/EngineMaterials/Substrate/Glints2/dict_0000_0175.uasset" 6882
"../../../Engine/Content/EngineMaterials/Substrate/Glints2/dict_0000_0192.uasset" 6883
"/Engine/EngineMaterials/Substrate/Glints2/dict_0000_0170" 6884
"../../../Engine/Content/EngineMaterials/Substrate/Glints2/dict_0000_0184.uasset" 6885
"../../../Engine/Content/EngineMaterials/Substrate/Glints2/dict_0000_0178.uasset" 6886
"/Engine/EngineMaterials/Substrate/Glints2/dict_0000_0169" 6887
"/Engine/EngineMaterials/Substrate/Glints2/dict_0000_0168" 6888
"/Engine/EngineMaterials/Substrate/Glints2/dict_0000_0167" 6889
"/Engine/EngineMaterials/Substrate/Glints2/dict_0000_0166" 6890
"/Engine/EngineMaterials/Substrate/Glints2/dict_0000_0179" 6891
"/Engine/EngineMaterials/Substrate/Glints2/dict_0000_0165" 6892
"/Engine/EngineMaterials/Substrate/Glints2/dict_0000_0164" 6893
"/Engine/EngineMaterials/Substrate/Glints2/dict_0000_0163" 6894
"/Engine/EngineMaterials/Substrate/Glints2/dict_0000_0162" 6895
"/Engine/EngineMaterials/Substrate/Glints2/dict_0000_0177" 6896
"/Engine/EngineMaterials/Substrate/Glints2/dict_0000_0176" 6897
"/Engine/EngineMaterials/Substrate/Glints2/dict_0000_0174" 6898
"/Engine/EngineMaterials/Substrate/Glints2/dict_0000_0158" 6899
"/Engine/EngineMaterials/Substrate/Glints2/dict_0000_0173" 6900
"/Engine/EngineMaterials/Substrate/Glints2/dict_0000_0172" 6901
"../../../Engine/Content/EngineMaterials/Substrate/Glints2/dict_0000_0194.uasset" 6902
"../../../Engine/Content/EngineMaterials/Substrate/Glints2/dict_0000_0195.uasset" 6903
"../../../Engine/Content/EngineMaterials/Substrate/Glints2/dict_0000_0198.uasset" 6904
"../../../Engine/Content/EngineMaterials/Substrate/Glints2/dict_0000_0193.uasset" 6905
"../../../Engine/Content/EngineMaterials/Substrate/Glints2/dict_0000_0199.uasset" 6906
"../../../Engine/Content/EngineMaterials/Substrate/Glints2/dict_0000_0201.uasset" 6907
"../../../Engine/Content/EngineMaterials/Substrate/Glints2/dict_0000_0200.uasset" 6908
"../../../Engine/Content/EngineMaterials/Substrate/Glints2/dict_0000_0202.uasset" 6909
"../../../Engine/Content/EngineMaterials/Substrate/Glints2/dict_0000_0203.uasset" 6910
"../../../Engine/Content/EngineMaterials/Substrate/Glints2/dict_0000_0204.uasset" 6911
"../../../Engine/Content/EngineMaterials/Substrate/Glints2/dict_0000_0205.uasset" 6912
"../../../Engine/Content/EngineMaterials/Substrate/Glints2/dict_0000_0206.uasset" 6913
"../../../Engine/Content/EngineMaterials/Substrate/Glints2/dict_0000_0208.uasset" 6914
"/Engine/EngineMaterials/Substrate/Glints2/dict_0000_0192" 6915
"../../../Engine/Content/EngineMaterials/Substrate/Glints2/dict_0000_0207.uasset" 6916
"../../../Engine/Content/EngineMaterials/Substrate/Glints2/dict_0000_0197.uasset" 6917
"../../../Engine/Content/EngineMaterials/Substrate/Glints2/dict_0000_0196.uasset" 6918
"/Engine/EngineMaterials/Substrate/Glints2/dict_0000_0191" 6919
"/Engine/EngineMaterials/Substrate/Glints2/dict_0000_0190" 6920
"/Engine/EngineMaterials/Substrate/Glints2/dict_0000_0189" 6921
"/Engine/EngineMaterials/Substrate/Glints2/dict_0000_0188" 6922
"/Engine/EngineMaterials/Substrate/Glints2/dict_0000_0187" 6923
"/Engine/EngineMaterials/Substrate/Glints2/dict_0000_0186" 6924
"/Engine/EngineMaterials/Substrate/Glints2/dict_0000_0185" 6925
"/Engine/EngineMaterials/Substrate/Glints2/dict_0000_0184" 6926
"/Engine/EngineMaterials/Substrate/Glints2/dict_0000_0183" 6927
"/Engine/EngineMaterials/Substrate/Glints2/dict_0000_0182" 6928
"/Engine/EngineMaterials/Substrate/Glints2/dict_0000_0181" 6929
"/Engine/EngineMaterials/Substrate/Glints2/dict_0000_0180" 6930
"/Engine/EngineMaterials/Substrate/Glints2/dict_0000_0178" 6931
"/Engine/EngineMaterials/Substrate/Glints2/dict_0000_0198" 6932
"/Engine/EngineMaterials/Substrate/Glints2/dict_0000_0175" 6933
"/Engine/EngineMaterials/Substrate/Glints2/dict_0000_0195" 6934
"/Engine/EngineMaterials/Substrate/Glints2/dict_0000_0194" 6935
"/Engine/EngineMaterials/Substrate/Glints2/dict_0000_0193" 6936
"/Engine/EngineMaterials/Substrate/Glints2/dict_0000_0171" 6937
"../../../Engine/Content/EngineMaterials/Substrate/Glints2/dict_0000_0209.uasset" 6938
"../../../Engine/Content/EngineMaterials/Substrate/Glints2/dict_0000_0212.uasset" 6939
"../../../Engine/Content/EngineMaterials/Substrate/Glints2/dict_0000_0210.uasset" 6940
"../../../Engine/Content/EngineMaterials/Substrate/Glints2/dict_0000_0214.uasset" 6941
"../../../Engine/Content/EngineMaterials/Substrate/Glints2/dict_0000_0216.uasset" 6942
"../../../Engine/Content/EngineMaterials/Substrate/Glints2/dict_0000_0217.uasset" 6943
"../../../Engine/Content/EngineMaterials/Substrate/Glints2/dict_0000_0218.uasset" 6944
"../../../Engine/Content/EngineMaterials/Substrate/Glints2/dict_0000_0215.uasset" 6945
"../../../Engine/Content/EngineMaterials/Substrate/Glints2/dict_0000_0219.uasset" 6946
"../../../Engine/Content/EngineMaterials/Substrate/Glints2/dict_0000_0221.uasset" 6947
"../../../Engine/Content/EngineMaterials/Substrate/Glints2/dict_0000_0224.uasset" 6948
"../../../Engine/Content/EngineMaterials/Substrate/Glints2/dict_0000_0223.uasset" 6949
"../../../Engine/Content/EngineMaterials/Substrate/Glints2/dict_0000_0225.uasset" 6950
"/Engine/EngineMaterials/Substrate/Glints2/dict_0000_0208" 6951
"../../../Engine/Content/EngineMaterials/Substrate/Glints2/dict_0000_0222.uasset" 6952
"../../../Engine/Content/EngineMaterials/Substrate/Glints2/dict_0000_0226.uasset" 6953
"../../../Engine/Content/EngineMaterials/Substrate/Glints2/dict_0000_0227.uasset" 6954
"../../../Engine/Content/EngineMaterials/Substrate/Glints2/dict_0000_0228.uasset" 6955
"../../../Engine/Content/EngineMaterials/Substrate/Glints2/dict_0000_0220.uasset" 6956
"../../../Engine/Content/EngineMaterials/Substrate/Glints2/dict_0000_0211.uasset" 6957
"../../../Engine/Content/EngineMaterials/Substrate/Glints2/dict_0000_0213.uasset" 6958
"/Engine/EngineMaterials/Substrate/Glints2/dict_0000_0207" 6959
"/Engine/EngineMaterials/Substrate/Glints2/dict_0000_0206" 6960
"/Engine/EngineMaterials/Substrate/Glints2/dict_0000_0205" 6961
"/Engine/EngineMaterials/Substrate/Glints2/dict_0000_0204" 6962
"/Engine/EngineMaterials/Substrate/Glints2/dict_0000_0203" 6963
"/Engine/EngineMaterials/Substrate/Glints2/dict_0000_0202" 6964
"/Engine/EngineMaterials/Substrate/Glints2/dict_0000_0201" 6965
"/Engine/EngineMaterials/Substrate/Glints2/dict_0000_0200" 6966
"/Engine/EngineMaterials/Substrate/Glints2/dict_0000_0199" 6967
"/Engine/EngineMaterials/Substrate/Glints2/dict_0000_0197" 6968
"/Engine/EngineMaterials/Substrate/Glints2/dict_0000_0196" 6969
"/Engine/EngineMaterials/Substrate/Glints2/dict_0000_0212" 6970
"/Engine/EngineMaterials/Substrate/Glints2/dict_0000_0210" 6971
"/Engine/EngineMaterials/Substrate/Glints2/dict_0000_0209" 6972
"../../../Engine/Content/EngineMaterials/Substrate/Glints2/dict_0000_0230.uasset" 6973
"../../../Engine/Content/EngineMaterials/Substrate/Glints2/dict_0000_0232.uasset" 6974
"../../../Engine/Content/EngineMaterials/Substrate/Glints2/dict_0000_0231.uasset" 6975
"/Engine/EngineMaterials/Substrate/Glints2/dict_0000_0228" 6976
"../../../Engine/Content/EngineMaterials/Substrate/Glints2/dict_0000_0238.uasset" 6977
"../../../Engine/Content/EngineMaterials/Substrate/Glints2/dict_0000_0239.uasset" 6978
"../../../Engine/Content/EngineMaterials/Substrate/Glints2/dict_0000_0240.uasset" 6979
"../../../Engine/Content/EngineMaterials/Substrate/Glints2/dict_0000_0241.uasset" 6980
"../../../Engine/Content/EngineMaterials/Substrate/Glints2/dict_0000_0243.uasset" 6981
"../../../Engine/Content/EngineMaterials/Substrate/Glints2/dict_0000_0229.uasset" 6982
"../../../Engine/Content/EngineMaterials/Substrate/Glints2/dict_0000_0235.uasset" 6983
"../../../Engine/Content/EngineMaterials/Substrate/Glints2/dict_0000_0234.uasset" 6984
"../../../Engine/Content/EngineMaterials/Substrate/Glints2/dict_0000_0236.uasset" 6985
"../../../Engine/Content/EngineMaterials/Substrate/Glints2/dict_0000_0233.uasset" 6986
"../../../Engine/Content/EngineMaterials/Substrate/Glints2/dict_0000_0237.uasset" 6987
"../../../Engine/Content/EngineMaterials/Substrate/Glints2/dict_0000_0242.uasset" 6988
"/Engine/EngineMaterials/Substrate/Glints2/dict_0000_0227" 6989
"/Engine/EngineMaterials/Substrate/Glints2/dict_0000_0226" 6990
"/Engine/EngineMaterials/Substrate/Glints2/dict_0000_0225" 6991
"/Engine/EngineMaterials/Substrate/Glints2/dict_0000_0224" 6992
"/Engine/EngineMaterials/Substrate/Glints2/dict_0000_0223" 6993
"/Engine/EngineMaterials/Substrate/Glints2/dict_0000_0222" 6994
"/Engine/EngineMaterials/Substrate/Glints2/dict_0000_0221" 6995
"/Engine/EngineMaterials/Substrate/Glints2/dict_0000_0220" 6996
"/Engine/EngineMaterials/Substrate/Glints2/dict_0000_0219" 6997
"/Engine/EngineMaterials/Substrate/Glints2/dict_0000_0218" 6998
"/Engine/EngineMaterials/Substrate/Glints2/dict_0000_0217" 6999
"/Engine/EngineMaterials/Substrate/Glints2/dict_0000_0216" 7000
"/Engine/EngineMaterials/Substrate/Glints2/dict_0000_0215" 7001
"/Engine/EngineMaterials/Substrate/Glints2/dict_0000_0214" 7002
"/Engine/EngineMaterials/Substrate/Glints2/dict_0000_0213" 7003
"/Engine/EngineMaterials/Substrate/Glints2/dict_0000_0211" 7004
"../../../Engine/Content/EngineMaterials/Substrate/Glints2/dict_0000_0244.uasset" 7005
"../../../Engine/Content/EngineMaterials/Substrate/Glints2/dict_0000_0249.uasset" 7006
"../../../Engine/Content/EngineMaterials/Substrate/Glints2/dict_0000_0247.uasset" 7007
"../../../Engine/Content/EngineMaterials/Substrate/Glints2/dict_0000_0251.uasset" 7008
"../../../Engine/Content/EngineMaterials/Substrate/Glints2/dict_0000_0252.uasset" 7009
"../../../Engine/Content/EngineMaterials/Substrate/Glints2/dict_0000_0248.uasset" 7010
"../../../Engine/Content/EngineMaterials/Substrate/Glints2/dict_0000_0250.uasset" 7011
"../../../Engine/Content/EngineMaterials/Substrate/Glints2/dict_0000_0246.uasset" 7012
"../../../Engine/Content/EngineMaterials/Substrate/Glints2/dict_0001_0003.uasset" 7013
"../../../Engine/Content/EngineMaterials/Substrate/Glints2/dict_0001_0000.uasset" 7014
"../../../Engine/Content/EngineMaterials/Substrate/Glints2/dict_0000_0254.uasset" 7015
"../../../Engine/Content/EngineMaterials/Substrate/Glints2/dict_0000_0253.uasset" 7016
"../../../Engine/Content/EngineMaterials/Substrate/Glints2/dict_0001_0004.uasset" 7017
"../../../Engine/Content/EngineMaterials/Substrate/Glints2/dict_0000_0245.uasset" 7018
"../../../Engine/Content/EngineMaterials/Substrate/Glints2/dict_0001_0002.uasset" 7019
"../../../Engine/Content/EngineMaterials/Substrate/Glints2/dict_0001_0001.uasset" 7020
"/Engine/EngineMaterials/Substrate/Glints2/dict_0000_0243" 7021
"../../../Engine/Content/EngineMaterials/Substrate/Glints2/dict_0000_0255.uasset" 7022
"/Engine/EngineMaterials/Substrate/Glints2/dict_0000_0242" 7023
"/Engine/EngineMaterials/Substrate/Glints2/dict_0000_0241" 7024
"/Engine/EngineMaterials/Substrate/Glints2/dict_0000_0240" 7025
"/Engine/EngineMaterials/Substrate/Glints2/dict_0000_0239" 7026
"/Engine/EngineMaterials/Substrate/Glints2/dict_0000_0249" 7027
"/Engine/EngineMaterials/Substrate/Glints2/dict_0000_0238" 7028
"/Engine/EngineMaterials/Substrate/Glints2/dict_0000_0247" 7029
"/Engine/EngineMaterials/Substrate/Glints2/dict_0000_0237" 7030
"/Engine/EngineMaterials/Substrate/Glints2/dict_0000_0236" 7031
"/Engine/EngineMaterials/Substrate/Glints2/dict_0000_0235" 7032
"/Engine/EngineMaterials/Substrate/Glints2/dict_0000_0234" 7033
"/Engine/EngineMaterials/Substrate/Glints2/dict_0000_0233" 7034
"/Engine/EngineMaterials/Substrate/Glints2/dict_0000_0232" 7035
"/Engine/EngineMaterials/Substrate/Glints2/dict_0000_0231" 7036
"/Engine/EngineMaterials/Substrate/Glints2/dict_0000_0244" 7037
"/Engine/EngineMaterials/Substrate/Glints2/dict_0000_0230" 7038
"/Engine/EngineMaterials/Substrate/Glints2/dict_0000_0229" 7039
"../../../Engine/Content/EngineMaterials/Substrate/Glints2/dict_0001_0005.uasset" 7040
"../../../Engine/Content/EngineMaterials/Substrate/Glints2/dict_0001_0006.uasset" 7041
"../../../Engine/Content/EngineMaterials/Substrate/Glints2/dict_0001_0011.uasset" 7042
"../../../Engine/Content/EngineMaterials/Substrate/Glints2/dict_0001_0010.uasset" 7043
"../../../Engine/Content/EngineMaterials/Substrate/Glints2/dict_0001_0013.uasset" 7044
"../../../Engine/Content/EngineMaterials/Substrate/Glints2/dict_0001_0012.uasset" 7045
"../../../Engine/Content/EngineMaterials/Substrate/Glints2/dict_0001_0014.uasset" 7046
"/Engine/EngineMaterials/Substrate/Glints2/dict_0001_0004" 7047
"../../../Engine/Content/EngineMaterials/Substrate/Glints2/dict_0001_0015.uasset" 7048
"../../../Engine/Content/EngineMaterials/Substrate/Glints2/dict_0001_0016.uasset" 7049
"../../../Engine/Content/EngineMaterials/Substrate/Glints2/dict_0001_0017.uasset" 7050
"../../../Engine/Content/EngineMaterials/Substrate/Glints2/dict_0001_0019.uasset" 7051
"../../../Engine/Content/EngineMaterials/Substrate/Glints2/dict_0001_0020.uasset" 7052
"../../../Engine/Content/EngineMaterials/Substrate/Glints2/dict_0001_0022.uasset" 7053
"../../../Engine/Content/EngineMaterials/Substrate/Glints2/dict_0001_0021.uasset" 7054
"../../../Engine/Content/EngineMaterials/Substrate/Glints2/dict_0001_0018.uasset" 7055
"../../../Engine/Content/EngineMaterials/Substrate/Glints2/dict_0001_0008.uasset" 7056
"../../../Engine/Content/EngineMaterials/Substrate/Glints2/dict_0001_0009.uasset" 7057
"../../../Engine/Content/EngineMaterials/Substrate/Glints2/dict_0001_0007.uasset" 7058
"/Engine/EngineMaterials/Substrate/Glints2/dict_0001_0003" 7059
"/Engine/EngineMaterials/Substrate/Glints2/dict_0001_0002" 7060
"/Engine/EngineMaterials/Substrate/Glints2/dict_0001_0001" 7061
"/Engine/EngineMaterials/Substrate/Glints2/dict_0001_0000" 7062
"/Engine/EngineMaterials/Substrate/Glints2/dict_0000_0255" 7063
"/Engine/EngineMaterials/Substrate/Glints2/dict_0000_0254" 7064
"/Engine/EngineMaterials/Substrate/Glints2/dict_0000_0253" 7065
"/Engine/EngineMaterials/Substrate/Glints2/dict_0000_0252" 7066
"/Engine/EngineMaterials/Substrate/Glints2/dict_0000_0251" 7067
"/Engine/EngineMaterials/Substrate/Glints2/dict_0000_0250" 7068
"/Engine/EngineMaterials/Substrate/Glints2/dict_0000_0248" 7069
"/Engine/EngineMaterials/Substrate/Glints2/dict_0000_0246" 7070
"/Engine/EngineMaterials/Substrate/Glints2/dict_0000_0245" 7071
"/Engine/EngineMaterials/Substrate/Glints2/dict_0001_0006" 7072
"/Engine/EngineMaterials/Substrate/Glints2/dict_0001_0005" 7073
"../../../Engine/Content/EngineMaterials/Substrate/Glints2/dict_0001_0023.uasset" 7074
"../../../Engine/Content/EngineMaterials/Substrate/Glints2/dict_0001_0025.uasset" 7075
"../../../Engine/Content/EngineMaterials/Substrate/Glints2/dict_0001_0024.uasset" 7076
"../../../Engine/Content/EngineMaterials/Substrate/Glints2/dict_0001_0026.uasset" 7077
"../../../Engine/Content/EngineMaterials/Substrate/Glints2/dict_0001_0027.uasset" 7078
"../../../Engine/Content/EngineMaterials/Substrate/Glints2/dict_0001_0028.uasset" 7079
"../../../Engine/Content/EngineMaterials/Substrate/Glints2/dict_0001_0029.uasset" 7080
"../../../Engine/Content/EngineMaterials/Substrate/Glints2/dict_0001_0031.uasset" 7081
"../../../Engine/Content/EngineMaterials/Substrate/Glints2/dict_0001_0030.uasset" 7082
"/Engine/EngineMaterials/Substrate/Glints2/dict_0001_0022" 7083
"../../../Engine/Content/EngineMaterials/Substrate/Glints2/dict_0001_0032.uasset" 7084
"../../../Engine/Content/EngineMaterials/Substrate/Glints2/dict_0001_0033.uasset" 7085
"../../../Engine/Content/EngineMaterials/Substrate/Glints2/dict_0001_0034.uasset" 7086
"../../../Engine/Content/EngineMaterials/Substrate/Glints2/dict_0001_0035.uasset" 7087
"../../../Engine/Content/EngineMaterials/Substrate/Glints2/dict_0001_0036.uasset" 7088
"../../../Engine/Content/EngineMaterials/Substrate/Glints2/dict_0001_0037.uasset" 7089
"../../../Engine/Content/EngineMaterials/Substrate/Glints2/dict_0001_0038.uasset" 7090
"/Engine/EngineMaterials/Substrate/Glints2/dict_0001_0021" 7091
"/Engine/EngineMaterials/Substrate/Glints2/dict_0001_0020" 7092
"/Engine/EngineMaterials/Substrate/Glints2/dict_0001_0019" 7093
"/Engine/EngineMaterials/Substrate/Glints2/dict_0001_0018" 7094
"/Engine/EngineMaterials/Substrate/Glints2/dict_0001_0017" 7095
"/Engine/EngineMaterials/Substrate/Glints2/dict_0001_0016" 7096
"/Engine/EngineMaterials/Substrate/Glints2/dict_0001_0015" 7097
"/Engine/EngineMaterials/Substrate/Glints2/dict_0001_0014" 7098
"/Engine/EngineMaterials/Substrate/Glints2/dict_0001_0013" 7099
"/Engine/EngineMaterials/Substrate/Glints2/dict_0001_0012" 7100
"/Engine/EngineMaterials/Substrate/Glints2/dict_0001_0011" 7101
"/Engine/EngineMaterials/Substrate/Glints2/dict_0001_0010" 7102
"/Engine/EngineMaterials/Substrate/Glints2/dict_0001_0009" 7103
"/Engine/EngineMaterials/Substrate/Glints2/dict_0001_0008" 7104
"/Engine/EngineMaterials/Substrate/Glints2/dict_0001_0007" 7105
"/Engine/EngineMaterials/Substrate/Glints2/dict_0001_0023" 7106
"../../../Engine/Content/EngineMaterials/Substrate/Glints2/dict_0001_0039.uasset" 7107
"../../../Engine/Content/EngineMaterials/Substrate/Glints2/dict_0001_0040.uasset" 7108
"../../../Engine/Content/EngineMaterials/Substrate/Glints2/dict_0001_0041.uasset" 7109
"/Engine/EngineMaterials/Substrate/Glints2/dict_0001_0038" 7110
"../../../Engine/Content/EngineMaterials/Substrate/Glints2/dict_0001_0042.uasset" 7111
"../../../Engine/Content/EngineMaterials/Substrate/Glints2/dict_0001_0044.uasset" 7112
"../../../Engine/Content/EngineMaterials/Substrate/Glints2/dict_0001_0043.uasset" 7113
"../../../Engine/Content/EngineMaterials/Substrate/Glints2/dict_0001_0045.uasset" 7114
"../../../Engine/Content/EngineMaterials/Substrate/Glints2/dict_0001_0046.uasset" 7115
"../../../Engine/Content/EngineMaterials/Substrate/Glints2/dict_0001_0048.uasset" 7116
"../../../Engine/Content/EngineMaterials/Substrate/Glints2/dict_0001_0049.uasset" 7117
"../../../Engine/Content/EngineMaterials/Substrate/Glints2/dict_0001_0051.uasset" 7118
"../../../Engine/Content/EngineMaterials/Substrate/Glints2/dict_0001_0050.uasset" 7119
"../../../Engine/Content/EngineMaterials/Substrate/Glints2/dict_0001_0052.uasset" 7120
"../../../Engine/Content/EngineMaterials/Substrate/Glints2/dict_0001_0053.uasset" 7121
"../../../Engine/Content/EngineMaterials/Substrate/Glints2/dict_0001_0054.uasset" 7122
"../../../Engine/Content/EngineMaterials/Substrate/Glints2/dict_0001_0055.uasset" 7123
"../../../Engine/Content/EngineMaterials/Substrate/Glints2/dict_0001_0047.uasset" 7124
"/Engine/EngineMaterials/Substrate/Glints2/dict_0001_0037" 7125
"/Engine/EngineMaterials/Substrate/Glints2/dict_0001_0036" 7126
"/Engine/EngineMaterials/Substrate/Glints2/dict_0001_0035" 7127
"/Engine/EngineMaterials/Substrate/Glints2/dict_0001_0034" 7128
"/Engine/EngineMaterials/Substrate/Glints2/dict_0001_0033" 7129
"/Engine/EngineMaterials/Substrate/Glints2/dict_0001_0032" 7130
"/Engine/EngineMaterials/Substrate/Glints2/dict_0001_0031" 7131
"/Engine/EngineMaterials/Substrate/Glints2/dict_0001_0030" 7132
"/Engine/EngineMaterials/Substrate/Glints2/dict_0001_0029" 7133
"/Engine/EngineMaterials/Substrate/Glints2/dict_0001_0028" 7134
"/Engine/EngineMaterials/Substrate/Glints2/dict_0001_0027" 7135
"/Engine/EngineMaterials/Substrate/Glints2/dict_0001_0026" 7136
"/Engine/EngineMaterials/Substrate/Glints2/dict_0001_0025" 7137
"/Engine/EngineMaterials/Substrate/Glints2/dict_0001_0024" 7138
"/Engine/EngineMaterials/Substrate/Glints2/dict_0001_0039" 7139
"../../../Engine/Content/EngineMaterials/Substrate/Glints2/dict_0001_0059.uasset" 7140
"../../../Engine/Content/EngineMaterials/Substrate/Glints2/dict_0001_0058.uasset" 7141
"../../../Engine/Content/EngineMaterials/Substrate/Glints2/dict_0001_0057.uasset" 7142
"../../../Engine/Content/EngineMaterials/Substrate/Glints2/dict_0001_0061.uasset" 7143
"../../../Engine/Content/EngineMaterials/Substrate/Glints2/dict_0001_0056.uasset" 7144
"../../../Engine/Content/EngineMaterials/Substrate/Glints2/dict_0001_0062.uasset" 7145
"../../../Engine/Content/EngineMaterials/Substrate/Glints2/dict_0001_0063.uasset" 7146
"../../../Engine/Content/EngineMaterials/Substrate/Glints2/dict_0001_0060.uasset" 7147
"../../../Engine/Content/EngineMaterials/Substrate/Glints2/dict_0001_0064.uasset" 7148
"../../../Engine/Content/EngineMaterials/Substrate/Glints2/dict_0001_0065.uasset" 7149
"../../../Engine/Content/EngineMaterials/Substrate/Glints2/dict_0001_0066.uasset" 7150
"../../../Engine/Content/EngineMaterials/Substrate/Glints2/dict_0001_0067.uasset" 7151
"/Engine/EngineMaterials/Substrate/Glints2/dict_0001_0055" 7152
"../../../Engine/Content/EngineMaterials/Substrate/Glints2/dict_0001_0068.uasset" 7153
"../../../Engine/Content/EngineMaterials/Substrate/Glints2/dict_0001_0069.uasset" 7154
"../../../Engine/Content/EngineMaterials/Substrate/Glints2/dict_0001_0070.uasset" 7155
"../../../Engine/Content/EngineMaterials/Substrate/Glints2/dict_0001_0071.uasset" 7156
"/Engine/EngineMaterials/Substrate/Glints2/dict_0001_0054" 7157
"/Engine/EngineMaterials/Substrate/Glints2/dict_0001_0053" 7158
"/Engine/EngineMaterials/Substrate/Glints2/dict_0001_0052" 7159
"/Engine/EngineMaterials/Substrate/Glints2/dict_0001_0051" 7160
"/Engine/EngineMaterials/Substrate/Glints2/dict_0001_0050" 7161
"/Engine/EngineMaterials/Substrate/Glints2/dict_0001_0049" 7162
"/Engine/EngineMaterials/Substrate/Glints2/dict_0001_0048" 7163
"/Engine/EngineMaterials/Substrate/Glints2/dict_0001_0047" 7164
"/Engine/EngineMaterials/Substrate/Glints2/dict_0001_0046" 7165
"/Engine/EngineMaterials/Substrate/Glints2/dict_0001_0045" 7166
"/Engine/EngineMaterials/Substrate/Glints2/dict_0001_0044" 7167
"/Engine/EngineMaterials/Substrate/Glints2/dict_0001_0059" 7168
"/Engine/EngineMaterials/Substrate/Glints2/dict_0001_0043" 7169
"/Engine/EngineMaterials/Substrate/Glints2/dict_0001_0042" 7170
"/Engine/EngineMaterials/Substrate/Glints2/dict_0001_0041" 7171
"/Engine/EngineMaterials/Substrate/Glints2/dict_0001_0040" 7172
"/Engine/EngineMaterials/Substrate/Glints2/dict_0001_0057" 7173
"/Engine/EngineMaterials/Substrate/Glints2/dict_0001_0056" 7174
"../../../Engine/Content/EngineMaterials/Substrate/Glints2/dict_0001_0072.uasset" 7175
"../../../Engine/Content/EngineMaterials/Substrate/Glints2/dict_0001_0077.uasset" 7176
"../../../Engine/Content/EngineMaterials/Substrate/Glints2/dict_0001_0073.uasset" 7177
"../../../Engine/Content/EngineMaterials/Substrate/Glints2/dict_0001_0076.uasset" 7178
"../../../Engine/Content/EngineMaterials/Substrate/Glints2/dict_0001_0080.uasset" 7179
"../../../Engine/Content/EngineMaterials/Substrate/Glints2/dict_0001_0078.uasset" 7180
"../../../Engine/Content/EngineMaterials/Substrate/Glints2/dict_0001_0074.uasset" 7181
"../../../Engine/Content/EngineMaterials/Substrate/Glints2/dict_0001_0075.uasset" 7182
"../../../Engine/Content/EngineMaterials/Substrate/Glints2/dict_0001_0082.uasset" 7183
"../../../Engine/Content/EngineMaterials/Substrate/Glints2/dict_0001_0083.uasset" 7184
"../../../Engine/Content/EngineMaterials/Substrate/Glints2/dict_0001_0081.uasset" 7185
"../../../Engine/Content/EngineMaterials/Substrate/Glints2/dict_0001_0085.uasset" 7186
"../../../Engine/Content/EngineMaterials/Substrate/Glints2/dict_0001_0087.uasset" 7187
"../../../Engine/Content/EngineMaterials/Substrate/Glints2/dict_0001_0088.uasset" 7188
"../../../Engine/Content/EngineMaterials/Substrate/Glints2/dict_0001_0086.uasset" 7189
"../../../Engine/Content/EngineMaterials/Substrate/Glints2/dict_0001_0089.uasset" 7190
"../../../Engine/Content/EngineMaterials/Substrate/Glints2/dict_0001_0090.uasset" 7191
"../../../Engine/Content/EngineMaterials/Substrate/Glints2/dict_0001_0079.uasset" 7192
"../../../Engine/Content/EngineMaterials/Substrate/Glints2/dict_0001_0084.uasset" 7193
"/Engine/EngineMaterials/Substrate/Glints2/dict_0001_0071" 7194
"/Engine/EngineMaterials/Substrate/Glints2/dict_0001_0070" 7195
"/Engine/EngineMaterials/Substrate/Glints2/dict_0001_0069" 7196
"/Engine/EngineMaterials/Substrate/Glints2/dict_0001_0068" 7197
"/Engine/EngineMaterials/Substrate/Glints2/dict_0001_0067" 7198
"/Engine/EngineMaterials/Substrate/Glints2/dict_0001_0066" 7199
"/Engine/EngineMaterials/Substrate/Glints2/dict_0001_0065" 7200
"/Engine/EngineMaterials/Substrate/Glints2/dict_0001_0064" 7201
"/Engine/EngineMaterials/Substrate/Glints2/dict_0001_0063" 7202
"/Engine/EngineMaterials/Substrate/Glints2/dict_0001_0062" 7203
"/Engine/EngineMaterials/Substrate/Glints2/dict_0001_0089" 7204
"/Engine/EngineMaterials/Substrate/Glints2/dict_0001_0088" 7205
"/Engine/EngineMaterials/Substrate/Glints2/dict_0001_0087" 7206
"/Engine/EngineMaterials/Substrate/Glints2/dict_0001_0061" 7207
"/Engine/EngineMaterials/Substrate/Glints2/dict_0001_0086" 7208
"/Engine/EngineMaterials/Substrate/Glints2/dict_0001_0085" 7209
"/Engine/EngineMaterials/Substrate/Glints2/dict_0001_0060" 7210
"/Engine/EngineMaterials/Substrate/Glints2/dict_0001_0084" 7211
"/Engine/EngineMaterials/Substrate/Glints2/dict_0001_0083" 7212
"/Engine/EngineMaterials/Substrate/Glints2/dict_0001_0082" 7213
"/Engine/EngineMaterials/Substrate/Glints2/dict_0001_0081" 7214
"/Engine/EngineMaterials/Substrate/Glints2/dict_0001_0080" 7215
"/Engine/EngineMaterials/Substrate/Glints2/dict_0001_0079" 7216
"/Engine/EngineMaterials/Substrate/Glints2/dict_0001_0078" 7217
"/Engine/EngineMaterials/Substrate/Glints2/dict_0001_0077" 7218
"/Engine/EngineMaterials/Substrate/Glints2/dict_0001_0058" 7219
"/Engine/EngineMaterials/Substrate/Glints2/dict_0001_0076" 7220
"/Engine/EngineMaterials/Substrate/Glints2/dict_0001_0075" 7221
"/Engine/EngineMaterials/Substrate/Glints2/dict_0001_0074" 7222
"/Engine/EngineMaterials/Substrate/Glints2/dict_0001_0073" 7223
"/Engine/EngineMaterials/Substrate/Glints2/dict_0001_0072" 7224
"../../../Engine/Content/EngineMaterials/Substrate/Glints2/dict_0001_0091.uasset" 7225
"../../../Engine/Content/EngineMaterials/Substrate/Glints2/dict_0001_0094.uasset" 7226
"../../../Engine/Content/EngineMaterials/Substrate/Glints2/dict_0001_0093.uasset" 7227
"../../../Engine/Content/EngineMaterials/Substrate/Glints2/dict_0001_0095.uasset" 7228
"../../../Engine/Content/EngineMaterials/Substrate/Glints2/dict_0001_0097.uasset" 7229
"../../../Engine/Content/EngineMaterials/Substrate/Glints2/dict_0001_0098.uasset" 7230
"../../../Engine/Content/EngineMaterials/Substrate/Glints2/dict_0001_0099.uasset" 7231
"../../../Engine/Content/EngineMaterials/Substrate/Glints2/dict_0001_0100.uasset" 7232
"../../../Engine/Content/EngineMaterials/Substrate/Glints2/dict_0001_0092.uasset" 7233
"../../../Engine/Content/EngineMaterials/Substrate/Glints2/dict_0001_0105.uasset" 7234
"/Engine/EngineMaterials/Substrate/Glints2/dict_0001_0090" 7235
"../../../Engine/Content/EngineMaterials/Substrate/Glints2/dict_0001_0106.uasset" 7236
"../../../Engine/Content/EngineMaterials/Substrate/Glints2/dict_0001_0101.uasset" 7237
"../../../Engine/Content/EngineMaterials/Substrate/Glints2/dict_0001_0108.uasset" 7238
"../../../Engine/Content/EngineMaterials/Substrate/Glints2/dict_0001_0107.uasset" 7239
"../../../Engine/Content/EngineMaterials/Substrate/Glints2/dict_0001_0102.uasset" 7240
"../../../Engine/Content/EngineMaterials/Substrate/Glints2/dict_0001_0111.uasset" 7241
"../../../Engine/Content/EngineMaterials/Substrate/Glints2/dict_0001_0112.uasset" 7242
"../../../Engine/Content/EngineMaterials/Substrate/Glints2/dict_0001_0109.uasset" 7243
"../../../Engine/Content/EngineMaterials/Substrate/Glints2/dict_0001_0110.uasset" 7244
"../../../Engine/Content/EngineMaterials/Substrate/Glints2/dict_0001_0113.uasset" 7245
"../../../Engine/Content/EngineMaterials/Substrate/Glints2/dict_0001_0116.uasset" 7246
"../../../Engine/Content/EngineMaterials/Substrate/Glints2/dict_0001_0115.uasset" 7247
"../../../Engine/Content/EngineMaterials/Substrate/Glints2/dict_0001_0117.uasset" 7248
"../../../Engine/Content/EngineMaterials/Substrate/Glints2/dict_0001_0118.uasset" 7249
"../../../Engine/Content/EngineMaterials/Substrate/Glints2/dict_0001_0119.uasset" 7250
"../../../Engine/Content/EngineMaterials/Substrate/Glints2/dict_0001_0120.uasset" 7251
"../../../Engine/Content/EngineMaterials/Substrate/Glints2/dict_0001_0121.uasset" 7252
"../../../Engine/Content/EngineMaterials/Substrate/Glints2/dict_0001_0114.uasset" 7253
"../../../Engine/Content/EngineMaterials/Substrate/Glints2/dict_0001_0103.uasset" 7254
"../../../Engine/Content/EngineMaterials/Substrate/Glints2/dict_0001_0096.uasset" 7255
"../../../Engine/Content/EngineMaterials/Substrate/Glints2/dict_0001_0104.uasset" 7256
"/Engine/EngineMaterials/Substrate/Glints2/dict_0001_0098" 7257
"/Engine/EngineMaterials/Substrate/Glints2/dict_0001_0097" 7258
"/Engine/EngineMaterials/Substrate/Glints2/dict_0001_0095" 7259
"/Engine/EngineMaterials/Substrate/Glints2/dict_0001_0094" 7260
"/Engine/EngineMaterials/Substrate/Glints2/dict_0001_0093" 7261
"/Engine/EngineMaterials/Substrate/Glints2/dict_0001_0091" 7262
"../../../Engine/Content/EngineMaterials/Substrate/Glints2/dict_0001_0122.uasset" 7263
"../../../Engine/Content/EngineMaterials/Substrate/Glints2/dict_0001_0125.uasset" 7264
"../../../Engine/Content/EngineMaterials/Substrate/Glints2/dict_0001_0124.uasset" 7265
"../../../Engine/Content/EngineMaterials/Substrate/Glints2/dict_0001_0127.uasset" 7266
"../../../Engine/Content/EngineMaterials/Substrate/Glints2/dict_0001_0128.uasset" 7267
"../../../Engine/Content/EngineMaterials/Substrate/Glints2/dict_0001_0126.uasset" 7268
"../../../Engine/Content/EngineMaterials/Substrate/Glints2/dict_0001_0123.uasset" 7269
"/Engine/EngineMaterials/Substrate/Glints2/dict_0001_0121" 7270
"/Engine/EngineMaterials/Substrate/Glints2/dict_0001_0120" 7271
"/Engine/EngineMaterials/Substrate/Glints2/dict_0001_0119" 7272
"/Engine/EngineMaterials/Substrate/Glints2/dict_0001_0118" 7273
"/Engine/EngineMaterials/Substrate/Glints2/dict_0001_0117" 7274
"/Engine/EngineMaterials/Substrate/Glints2/dict_0001_0116" 7275
"/Engine/EngineMaterials/Substrate/Glints2/dict_0001_0115" 7276
"/Engine/EngineMaterials/Substrate/Glints2/dict_0001_0114" 7277
"/Engine/EngineMaterials/Substrate/Glints2/dict_0001_0113" 7278
"/Engine/EngineMaterials/Substrate/Glints2/dict_0001_0112" 7279
"/Engine/EngineMaterials/Substrate/Glints2/dict_0001_0111" 7280
"/Engine/EngineMaterials/Substrate/Glints2/dict_0001_0110" 7281
"/Engine/EngineMaterials/Substrate/Glints2/dict_0001_0109" 7282
"/Engine/EngineMaterials/Substrate/Glints2/dict_0001_0108" 7283
"/Engine/EngineMaterials/Substrate/Glints2/dict_0001_0107" 7284
"/Engine/EngineMaterials/Substrate/Glints2/dict_0001_0106" 7285
"/Engine/EngineMaterials/Substrate/Glints2/dict_0001_0105" 7286
"/Engine/EngineMaterials/Substrate/Glints2/dict_0001_0104" 7287
"/Engine/EngineMaterials/Substrate/Glints2/dict_0001_0103" 7288
"/Engine/EngineMaterials/Substrate/Glints2/dict_0001_0102" 7289
"/Engine/EngineMaterials/Substrate/Glints2/dict_0001_0101" 7290
"/Engine/EngineMaterials/Substrate/Glints2/dict_0001_0100" 7291
"/Engine/EngineMaterials/Substrate/Glints2/dict_0001_0099" 7292
"/Engine/EngineMaterials/Substrate/Glints2/dict_0001_0096" 7293
"/Engine/EngineMaterials/Substrate/Glints2/dict_0001_0125" 7294
"/Engine/EngineMaterials/Substrate/Glints2/dict_0001_0124" 7295
"/Engine/EngineMaterials/Substrate/Glints2/dict_0001_0092" 7296
"/Engine/EngineMaterials/Substrate/Glints2/dict_0001_0122" 7297
"../../../Engine/Content/EngineMaterials/Substrate/Glints2/dict_0001_0129.uasset" 7298
"../../../Engine/Content/EngineMaterials/Substrate/Glints2/dict_0001_0130.uasset" 7299
"../../../Engine/Content/EngineMaterials/Substrate/Glints2/dict_0001_0131.uasset" 7300
"../../../Engine/Content/EngineMaterials/Substrate/Glints2/dict_0001_0132.uasset" 7301
"../../../Engine/Content/EngineMaterials/Substrate/Glints2/dict_0001_0133.uasset" 7302
"../../../Engine/Content/EngineMaterials/Substrate/Glints2/dict_0001_0134.uasset" 7303
"../../../Engine/Content/EngineMaterials/Substrate/Glints2/dict_0001_0136.uasset" 7304
"../../../Engine/Content/EngineMaterials/Substrate/Glints2/dict_0001_0137.uasset" 7305
"../../../Engine/Content/EngineMaterials/Substrate/Glints2/dict_0001_0139.uasset" 7306
"../../../Engine/Content/EngineMaterials/Substrate/Glints2/dict_0001_0138.uasset" 7307
"../../../Engine/Content/EngineMaterials/Substrate/Glints2/dict_0001_0141.uasset" 7308
"../../../Engine/Content/EngineMaterials/Substrate/Glints2/dict_0001_0142.uasset" 7309
"../../../Engine/Content/EngineMaterials/Substrate/Glints2/dict_0001_0143.uasset" 7310
"../../../Engine/Content/EngineMaterials/Substrate/Glints2/dict_0001_0144.uasset" 7311
"../../../Engine/Content/EngineMaterials/Substrate/Glints2/dict_0001_0145.uasset" 7312
"../../../Engine/Content/EngineMaterials/Substrate/Glints2/dict_0001_0146.uasset" 7313
"../../../Engine/Content/EngineMaterials/Substrate/Glints2/dict_0001_0147.uasset" 7314
"../../../Engine/Content/EngineMaterials/Substrate/Glints2/dict_0001_0140.uasset" 7315
"../../../Engine/Content/EngineMaterials/Substrate/Glints2/dict_0001_0151.uasset" 7316
"../../../Engine/Content/EngineMaterials/Substrate/Glints2/dict_0001_0152.uasset" 7317
"../../../Engine/Content/EngineMaterials/Substrate/Glints2/dict_0001_0148.uasset" 7318
"../../../Engine/Content/EngineMaterials/Substrate/Glints2/dict_0001_0153.uasset" 7319
"../../../Engine/Content/EngineMaterials/Substrate/Glints2/dict_0001_0135.uasset" 7320
"../../../Engine/Content/EngineMaterials/Substrate/Glints2/dict_0001_0150.uasset" 7321
"../../../Engine/Content/EngineMaterials/Substrate/Glints2/dict_0001_0154.uasset" 7322
"../../../Engine/Content/EngineMaterials/Substrate/Glints2/dict_0001_0156.uasset" 7323
"../../../Engine/Content/EngineMaterials/Substrate/Glints2/dict_0001_0155.uasset" 7324
"../../../Engine/Content/EngineMaterials/Substrate/Glints2/dict_0001_0149.uasset" 7325
"/Engine/EngineMaterials/Substrate/Glints2/dict_0001_0147" 7326
"/Engine/EngineMaterials/Substrate/Glints2/dict_0001_0128" 7327
"/Engine/EngineMaterials/Substrate/Glints2/dict_0001_0146" 7328
"/Engine/EngineMaterials/Substrate/Glints2/dict_0001_0145" 7329
"/Engine/EngineMaterials/Substrate/Glints2/dict_0001_0144" 7330
"/Engine/EngineMaterials/Substrate/Glints2/dict_0001_0143" 7331
"/Engine/EngineMaterials/Substrate/Glints2/dict_0001_0142" 7332
"/Engine/EngineMaterials/Substrate/Glints2/dict_0001_0141" 7333
"/Engine/EngineMaterials/Substrate/Glints2/dict_0001_0140" 7334
"/Engine/EngineMaterials/Substrate/Glints2/dict_0001_0139" 7335
"/Engine/EngineMaterials/Substrate/Glints2/dict_0001_0138" 7336
"/Engine/EngineMaterials/Substrate/Glints2/dict_0001_0137" 7337
"/Engine/EngineMaterials/Substrate/Glints2/dict_0001_0136" 7338
"/Engine/EngineMaterials/Substrate/Glints2/dict_0001_0134" 7339
"/Engine/EngineMaterials/Substrate/Glints2/dict_0001_0127" 7340
"/Engine/EngineMaterials/Substrate/Glints2/dict_0001_0126" 7341
"/Engine/EngineMaterials/Substrate/Glints2/dict_0001_0133" 7342
"/Engine/EngineMaterials/Substrate/Glints2/dict_0001_0132" 7343
"/Engine/EngineMaterials/Substrate/Glints2/dict_0001_0131" 7344
"/Engine/EngineMaterials/Substrate/Glints2/dict_0001_0123" 7345
"/Engine/EngineMaterials/Substrate/Glints2/dict_0001_0130" 7346
"/Engine/EngineMaterials/Substrate/Glints2/dict_0001_0129" 7347
"../../../Engine/Content/EngineMaterials/Substrate/Glints2/dict_0001_0157.uasset" 7348
"../../../Engine/Content/EngineMaterials/Substrate/Glints2/dict_0001_0158.uasset" 7349
"../../../Engine/Content/EngineMaterials/Substrate/Glints2/dict_0001_0160.uasset" 7350
"../../../Engine/Content/EngineMaterials/Substrate/Glints2/dict_0001_0161.uasset" 7351
"../../../Engine/Content/EngineMaterials/Substrate/Glints2/dict_0001_0164.uasset" 7352
"../../../Engine/Content/EngineMaterials/Substrate/Glints2/dict_0001_0159.uasset" 7353
"../../../Engine/Content/EngineMaterials/Substrate/Glints2/dict_0001_0166.uasset" 7354
"/Engine/EngineMaterials/Substrate/Glints2/dict_0001_0156" 7355
"../../../Engine/Content/EngineMaterials/Substrate/Glints2/dict_0001_0162.uasset" 7356
"../../../Engine/Content/EngineMaterials/Substrate/Glints2/dict_0001_0169.uasset" 7357
"../../../Engine/Content/EngineMaterials/Substrate/Glints2/dict_0001_0167.uasset" 7358
"../../../Engine/Content/EngineMaterials/Substrate/Glints2/dict_0001_0172.uasset" 7359
"../../../Engine/Content/EngineMaterials/Substrate/Glints2/dict_0001_0170.uasset" 7360
"../../../Engine/Content/EngineMaterials/Substrate/Glints2/dict_0001_0175.uasset" 7361
"../../../Engine/Content/EngineMaterials/Substrate/Glints2/dict_0001_0171.uasset" 7362
"../../../Engine/Content/EngineMaterials/Substrate/Glints2/dict_0001_0177.uasset" 7363
"../../../Engine/Content/EngineMaterials/Substrate/Glints2/dict_0001_0176.uasset" 7364
"../../../Engine/Content/EngineMaterials/Substrate/Glints2/dict_0001_0178.uasset" 7365
"../../../Engine/Content/EngineMaterials/Substrate/Glints2/dict_0001_0173.uasset" 7366
"../../../Engine/Content/EngineMaterials/Substrate/Glints2/dict_0001_0163.uasset" 7367
"../../../Engine/Content/EngineMaterials/Substrate/Glints2/dict_0001_0165.uasset" 7368
"../../../Engine/Content/EngineMaterials/Substrate/Glints2/dict_0001_0174.uasset" 7369
"../../../Engine/Content/EngineMaterials/Substrate/Glints2/dict_0001_0168.uasset" 7370
"/Engine/EngineMaterials/Substrate/Glints2/dict_0001_0155" 7371
"/Engine/EngineMaterials/Substrate/Glints2/dict_0001_0154" 7372
"/Engine/EngineMaterials/Substrate/Glints2/dict_0001_0153" 7373
"/Engine/EngineMaterials/Substrate/Glints2/dict_0001_0152" 7374
"/Engine/EngineMaterials/Substrate/Glints2/dict_0001_0151" 7375
"/Engine/EngineMaterials/Substrate/Glints2/dict_0001_0150" 7376
"/Engine/EngineMaterials/Substrate/Glints2/dict_0001_0149" 7377
"/Engine/EngineMaterials/Substrate/Glints2/dict_0001_0148" 7378
"/Engine/EngineMaterials/Substrate/Glints2/dict_0001_0135" 7379
"/Engine/EngineMaterials/Substrate/Glints2/dict_0001_0160" 7380
"/Engine/EngineMaterials/Substrate/Glints2/dict_0001_0158" 7381
"/Engine/EngineMaterials/Substrate/Glints2/dict_0001_0157" 7382
"../../../Engine/Content/EngineMaterials/Substrate/Glints2/dict_0001_0180.uasset" 7383
"../../../Engine/Content/EngineMaterials/Substrate/Glints2/dict_0001_0182.uasset" 7384
"../../../Engine/Content/EngineMaterials/Substrate/Glints2/dict_0001_0185.uasset" 7385
"../../../Engine/Content/EngineMaterials/Substrate/Glints2/dict_0001_0186.uasset" 7386
"../../../Engine/Content/EngineMaterials/Substrate/Glints2/dict_0001_0183.uasset" 7387
"../../../Engine/Content/EngineMaterials/Substrate/Glints2/dict_0001_0184.uasset" 7388
"../../../Engine/Content/EngineMaterials/Substrate/Glints2/dict_0001_0187.uasset" 7389
"../../../Engine/Content/EngineMaterials/Substrate/Glints2/dict_0001_0188.uasset" 7390
"../../../Engine/Content/EngineMaterials/Substrate/Glints2/dict_0001_0189.uasset" 7391
"../../../Engine/Content/EngineMaterials/Substrate/Glints2/dict_0001_0191.uasset" 7392
"../../../Engine/Content/EngineMaterials/Substrate/Glints2/dict_0001_0190.uasset" 7393
"../../../Engine/Content/EngineMaterials/Substrate/Glints2/dict_0001_0181.uasset" 7394
"/Engine/EngineMaterials/Substrate/Glints2/dict_0001_0178" 7395
"../../../Engine/Content/EngineMaterials/Substrate/Glints2/dict_0001_0179.uasset" 7396
"/Engine/EngineMaterials/Substrate/Glints2/dict_0001_0177" 7397
"/Engine/EngineMaterials/Substrate/Glints2/dict_0001_0176" 7398
"/Engine/EngineMaterials/Substrate/Glints2/dict_0001_0175" 7399
"/Engine/EngineMaterials/Substrate/Glints2/dict_0001_0174" 7400
"/Engine/EngineMaterials/Substrate/Glints2/dict_0001_0173" 7401
"/Engine/EngineMaterials/Substrate/Glints2/dict_0001_0172" 7402
"/Engine/EngineMaterials/Substrate/Glints2/dict_0001_0171" 7403
"/Engine/EngineMaterials/Substrate/Glints2/dict_0001_0170" 7404
"/Engine/EngineMaterials/Substrate/Glints2/dict_0001_0169" 7405
"/Engine/EngineMaterials/Substrate/Glints2/dict_0001_0168" 7406
"/Engine/EngineMaterials/Substrate/Glints2/dict_0001_0167" 7407
"/Engine/EngineMaterials/Substrate/Glints2/dict_0001_0166" 7408
"/Engine/EngineMaterials/Substrate/Glints2/dict_0001_0182" 7409
"/Engine/EngineMaterials/Substrate/Glints2/dict_0001_0165" 7410
"/Engine/EngineMaterials/Substrate/Glints2/dict_0001_0164" 7411
"/Engine/EngineMaterials/Substrate/Glints2/dict_0001_0163" 7412
"/Engine/EngineMaterials/Substrate/Glints2/dict_0001_0162" 7413
"/Engine/EngineMaterials/Substrate/Glints2/dict_0001_0161" 7414
"/Engine/EngineMaterials/Substrate/Glints2/dict_0001_0159" 7415
"/Engine/EngineMaterials/Substrate/Glints2/dict_0001_0180" 7416
"../../../Engine/Content/EngineMaterials/Substrate/Glints2/dict_0001_0192.uasset" 7417
"../../../Engine/Content/EngineMaterials/Substrate/Glints2/dict_0001_0193.uasset" 7418
"../../../Engine/Content/EngineMaterials/Substrate/Glints2/dict_0001_0194.uasset" 7419
"../../../Engine/Content/EngineMaterials/Substrate/Glints2/dict_0001_0196.uasset" 7420
"../../../Engine/Content/EngineMaterials/Substrate/Glints2/dict_0001_0197.uasset" 7421
"../../../Engine/Content/EngineMaterials/Substrate/Glints2/dict_0001_0199.uasset" 7422
"../../../Engine/Content/EngineMaterials/Substrate/Glints2/dict_0001_0200.uasset" 7423
"../../../Engine/Content/EngineMaterials/Substrate/Glints2/dict_0001_0201.uasset" 7424
"../../../Engine/Content/EngineMaterials/Substrate/Glints2/dict_0001_0198.uasset" 7425
"../../../Engine/Content/EngineMaterials/Substrate/Glints2/dict_0001_0203.uasset" 7426
"../../../Engine/Content/EngineMaterials/Substrate/Glints2/dict_0001_0204.uasset" 7427
"../../../Engine/Content/EngineMaterials/Substrate/Glints2/dict_0001_0205.uasset" 7428
"../../../Engine/Content/EngineMaterials/Substrate/Glints2/dict_0001_0206.uasset" 7429
"../../../Engine/Content/EngineMaterials/Substrate/Glints2/dict_0001_0207.uasset" 7430
"../../../Engine/Content/EngineMaterials/Substrate/Glints2/dict_0001_0202.uasset" 7431
"../../../Engine/Content/EngineMaterials/Substrate/Glints2/dict_0001_0208.uasset" 7432
"../../../Engine/Content/EngineMaterials/Substrate/Glints2/dict_0001_0209.uasset" 7433
"../../../Engine/Content/EngineMaterials/Substrate/Glints2/dict_0001_0211.uasset" 7434
"../../../Engine/Content/EngineMaterials/Substrate/Glints2/dict_0001_0210.uasset" 7435
"../../../Engine/Content/EngineMaterials/Substrate/Glints2/dict_0001_0212.uasset" 7436
"../../../Engine/Content/EngineMaterials/Substrate/Glints2/dict_0001_0195.uasset" 7437
"/Engine/EngineMaterials/Substrate/Glints2/dict_0001_0191" 7438
"/Engine/EngineMaterials/Substrate/Glints2/dict_0001_0190" 7439
"/Engine/EngineMaterials/Substrate/Glints2/dict_0001_0189" 7440
"/Engine/EngineMaterials/Substrate/Glints2/dict_0001_0188" 7441
"/Engine/EngineMaterials/Substrate/Glints2/dict_0001_0187" 7442
"/Engine/EngineMaterials/Substrate/Glints2/dict_0001_0186" 7443
"/Engine/EngineMaterials/Substrate/Glints2/dict_0001_0185" 7444
"/Engine/EngineMaterials/Substrate/Glints2/dict_0001_0184" 7445
"/Engine/EngineMaterials/Substrate/Glints2/dict_0001_0183" 7446
"/Engine/EngineMaterials/Substrate/Glints2/dict_0001_0211" 7447
"/Engine/EngineMaterials/Substrate/Glints2/dict_0001_0208" 7448
"/Engine/EngineMaterials/Substrate/Glints2/dict_0001_0207" 7449
"/Engine/EngineMaterials/Substrate/Glints2/dict_0001_0206" 7450
"/Engine/EngineMaterials/Substrate/Glints2/dict_0001_0205" 7451
"/Engine/EngineMaterials/Substrate/Glints2/dict_0001_0204" 7452
"/Engine/EngineMaterials/Substrate/Glints2/dict_0001_0203" 7453
"/Engine/EngineMaterials/Substrate/Glints2/dict_0001_0202" 7454
"/Engine/EngineMaterials/Substrate/Glints2/dict_0001_0201" 7455
"/Engine/EngineMaterials/Substrate/Glints2/dict_0001_0200" 7456
"/Engine/EngineMaterials/Substrate/Glints2/dict_0001_0199" 7457
"/Engine/EngineMaterials/Substrate/Glints2/dict_0001_0198" 7458
"/Engine/EngineMaterials/Substrate/Glints2/dict_0001_0197" 7459
"/Engine/EngineMaterials/Substrate/Glints2/dict_0001_0196" 7460
"/Engine/EngineMaterials/Substrate/Glints2/dict_0001_0195" 7461
"/Engine/EngineMaterials/Substrate/Glints2/dict_0001_0194" 7462
"/Engine/EngineMaterials/Substrate/Glints2/dict_0001_0181" 7463
"/Engine/EngineMaterials/Substrate/Glints2/dict_0001_0193" 7464
"/Engine/EngineMaterials/Substrate/Glints2/dict_0001_0192" 7465
"/Engine/EngineMaterials/Substrate/Glints2/dict_0001_0179" 7466
"../../../Engine/Content/EngineMaterials/Substrate/Glints2/dict_0001_0213.uasset" 7467
"../../../Engine/Content/EngineMaterials/Substrate/Glints2/dict_0001_0214.uasset" 7468
"../../../Engine/Content/EngineMaterials/Substrate/Glints2/dict_0001_0219.uasset" 7469
"../../../Engine/Content/EngineMaterials/Substrate/Glints2/dict_0001_0220.uasset" 7470
"../../../Engine/Content/EngineMaterials/Substrate/Glints2/dict_0001_0223.uasset" 7471
"../../../Engine/Content/EngineMaterials/Substrate/Glints2/dict_0001_0222.uasset" 7472
"../../../Engine/Content/EngineMaterials/Substrate/Glints2/dict_0001_0224.uasset" 7473
"../../../Engine/Content/EngineMaterials/Substrate/Glints2/dict_0001_0217.uasset" 7474
"../../../Engine/Content/EngineMaterials/Substrate/Glints2/dict_0001_0221.uasset" 7475
"/Engine/EngineMaterials/Substrate/Glints2/dict_0001_0212" 7476
"../../../Engine/Content/EngineMaterials/Substrate/Glints2/dict_0001_0218.uasset" 7477
"../../../Engine/Content/EngineMaterials/Substrate/Glints2/dict_0001_0215.uasset" 7478
"../../../Engine/Content/EngineMaterials/Substrate/Glints2/dict_0001_0227.uasset" 7479
"../../../Engine/Content/EngineMaterials/Substrate/Glints2/dict_0001_0230.uasset" 7480
"../../../Engine/Content/EngineMaterials/Substrate/Glints2/dict_0001_0228.uasset" 7481
"../../../Engine/Content/EngineMaterials/Substrate/Glints2/dict_0001_0233.uasset" 7482
"../../../Engine/Content/EngineMaterials/Substrate/Glints2/dict_0001_0231.uasset" 7483
"../../../Engine/Content/EngineMaterials/Substrate/Glints2/dict_0001_0234.uasset" 7484
"../../../Engine/Content/EngineMaterials/Substrate/Glints2/dict_0001_0235.uasset" 7485
"../../../Engine/Content/EngineMaterials/Substrate/Glints2/dict_0001_0236.uasset" 7486
"../../../Engine/Content/EngineMaterials/Substrate/Glints2/dict_0001_0232.uasset" 7487
"../../../Engine/Content/EngineMaterials/Substrate/Glints2/dict_0001_0237.uasset" 7488
"../../../Engine/Content/EngineMaterials/Substrate/Glints2/dict_0001_0238.uasset" 7489
"../../../Engine/Content/EngineMaterials/Substrate/Glints2/dict_0001_0239.uasset" 7490
"../../../Engine/Content/EngineMaterials/Substrate/Glints2/dict_0001_0240.uasset" 7491
"../../../Engine/Content/EngineMaterials/Substrate/Glints2/dict_0001_0226.uasset" 7492
"../../../Engine/Content/EngineMaterials/Substrate/Glints2/dict_0001_0241.uasset" 7493
"../../../Engine/Content/EngineMaterials/Substrate/Glints2/dict_0001_0229.uasset" 7494
"/Engine/EngineMaterials/Substrate/Glints2/dict_0001_0210" 7495
"../../../Engine/Content/EngineMaterials/Substrate/Glints2/dict_0001_0216.uasset" 7496
"../../../Engine/Content/EngineMaterials/Substrate/Glints2/dict_0001_0225.uasset" 7497
"/Engine/EngineMaterials/Substrate/Glints2/dict_0001_0209" 7498
"/Engine/EngineMaterials/Substrate/Glints2/dict_0001_0220" 7499
"/Engine/EngineMaterials/Substrate/Glints2/dict_0001_0219" 7500
"/Engine/EngineMaterials/Substrate/Glints2/dict_0001_0214" 7501
"/Engine/EngineMaterials/Substrate/Glints2/dict_0001_0213" 7502
"../../../Engine/Content/EngineMaterials/Substrate/Glints2/dict_0001_0242.uasset" 7503
"../../../Engine/Content/EngineMaterials/Substrate/Glints2/dict_0001_0244.uasset" 7504
"../../../Engine/Content/EngineMaterials/Substrate/Glints2/dict_0001_0246.uasset" 7505
"../../../Engine/Content/EngineMaterials/Substrate/Glints2/dict_0001_0243.uasset" 7506
"../../../Engine/Content/EngineMaterials/Substrate/Glints2/dict_0001_0245.uasset" 7507
"../../../Engine/Content/EngineMaterials/Substrate/Glints2/dict_0001_0247.uasset" 7508
"../../../Engine/Content/EngineMaterials/Substrate/Glints2/dict_0001_0248.uasset" 7509
"/Engine/EngineMaterials/Substrate/Glints2/dict_0001_0241" 7510
"/Engine/EngineMaterials/Substrate/Glints2/dict_0001_0240" 7511
"/Engine/EngineMaterials/Substrate/Glints2/dict_0001_0239" 7512
"/Engine/EngineMaterials/Substrate/Glints2/dict_0001_0238" 7513
"/Engine/EngineMaterials/Substrate/Glints2/dict_0001_0237" 7514
"/Engine/EngineMaterials/Substrate/Glints2/dict_0001_0236" 7515
"/Engine/EngineMaterials/Substrate/Glints2/dict_0001_0235" 7516
"/Engine/EngineMaterials/Substrate/Glints2/dict_0001_0234" 7517
"/Engine/EngineMaterials/Substrate/Glints2/dict_0001_0233" 7518
"/Engine/EngineMaterials/Substrate/Glints2/dict_0001_0232" 7519
"/Engine/EngineMaterials/Substrate/Glints2/dict_0001_0231" 7520
"/Engine/EngineMaterials/Substrate/Glints2/dict_0001_0230" 7521
"/Engine/EngineMaterials/Substrate/Glints2/dict_0001_0229" 7522
"/Engine/EngineMaterials/Substrate/Glints2/dict_0001_0228" 7523
"/Engine/EngineMaterials/Substrate/Glints2/dict_0001_0227" 7524
"/Engine/EngineMaterials/Substrate/Glints2/dict_0001_0226" 7525
"/Engine/EngineMaterials/Substrate/Glints2/dict_0001_0225" 7526
"/Engine/EngineMaterials/Substrate/Glints2/dict_0001_0224" 7527
"/Engine/EngineMaterials/Substrate/Glints2/dict_0001_0223" 7528
"/Engine/EngineMaterials/Substrate/Glints2/dict_0001_0222" 7529
"/Engine/EngineMaterials/Substrate/Glints2/dict_0001_0221" 7530
"/Engine/EngineMaterials/Substrate/Glints2/dict_0001_0244" 7531
"/Engine/EngineMaterials/Substrate/Glints2/dict_0001_0218" 7532
"/Engine/EngineMaterials/Substrate/Glints2/dict_0001_0217" 7533
"/Engine/EngineMaterials/Substrate/Glints2/dict_0001_0216" 7534
"/Engine/EngineMaterials/Substrate/Glints2/dict_0001_0215" 7535
"/Engine/EngineMaterials/Substrate/Glints2/dict_0001_0243" 7536
"/Engine/EngineMaterials/Substrate/Glints2/dict_0001_0242" 7537
"../../../Engine/Content/EngineMaterials/Substrate/Glints2/dict_0001_0249.uasset" 7538
"../../../Engine/Content/EngineMaterials/Substrate/Glints2/dict_0001_0251.uasset" 7539
"../../../Engine/Content/EngineMaterials/Substrate/Glints2/dict_0001_0253.uasset" 7540
"../../../Engine/Content/EngineMaterials/Substrate/Glints2/dict_0001_0252.uasset" 7541
"../../../Engine/Content/EngineMaterials/Substrate/Glints2/dict_0001_0255.uasset" 7542
"/Engine/EngineMaterials/Substrate/Glints2/dict_0001_0248" 7543
"../../../Engine/Content/EngineMaterials/Substrate/Glints2/dict_0002_0000.uasset" 7544
"../../../Engine/Content/EngineMaterials/Substrate/Glints2/dict_0002_0001.uasset" 7545
"../../../Engine/Content/EngineMaterials/Substrate/Glints2/dict_0002_0002.uasset" 7546
"../../../Engine/Content/EngineMaterials/Substrate/Glints2/dict_0002_0004.uasset" 7547
"../../../Engine/Content/EngineMaterials/Substrate/Glints2/dict_0002_0003.uasset" 7548
"../../../Engine/Content/EngineMaterials/Substrate/Glints2/dict_0002_0005.uasset" 7549
"../../../Engine/Content/EngineMaterials/Substrate/Glints2/dict_0002_0006.uasset" 7550
"../../../Engine/Content/EngineMaterials/Substrate/Glints2/dict_0002_0007.uasset" 7551
"../../../Engine/Content/EngineMaterials/Substrate/Glints2/dict_0002_0009.uasset" 7552
"../../../Engine/Content/EngineMaterials/Substrate/Glints2/dict_0002_0008.uasset" 7553
"../../../Engine/Content/EngineMaterials/Substrate/Glints2/dict_0002_0010.uasset" 7554
"../../../Engine/Content/EngineMaterials/Substrate/Glints2/dict_0002_0011.uasset" 7555
"../../../Engine/Content/EngineMaterials/Substrate/Glints2/dict_0002_0012.uasset" 7556
"../../../Engine/Content/EngineMaterials/Substrate/Glints2/dict_0002_0013.uasset" 7557
"/Engine/EngineMaterials/Substrate/Glints2/dict_0001_0247" 7558
"../../../Engine/Content/EngineMaterials/Substrate/Glints2/dict_0002_0015.uasset" 7559
"../../../Engine/Content/EngineMaterials/Substrate/Glints2/dict_0001_0254.uasset" 7560
"../../../Engine/Content/EngineMaterials/Substrate/Glints2/dict_0002_0016.uasset" 7561
"../../../Engine/Content/EngineMaterials/Substrate/Glints2/dict_0002_0017.uasset" 7562
"../../../Engine/Content/EngineMaterials/Substrate/Glints2/dict_0002_0018.uasset" 7563
"../../../Engine/Content/EngineMaterials/Substrate/Glints2/dict_0002_0020.uasset" 7564
"../../../Engine/Content/EngineMaterials/Substrate/Glints2/dict_0002_0019.uasset" 7565
"../../../Engine/Content/EngineMaterials/Substrate/Glints2/dict_0002_0014.uasset" 7566
"../../../Engine/Content/EngineMaterials/Substrate/Glints2/dict_0001_0250.uasset" 7567
"/Engine/EngineMaterials/Substrate/Glints2/dict_0001_0246" 7568
"/Engine/EngineMaterials/Substrate/Glints2/dict_0001_0245" 7569
"/Engine/EngineMaterials/Substrate/Glints2/dict_0001_0251" 7570
"../../../Engine/Content/EngineMaterials/Substrate/Glints2/dict_0002_0021.uasset" 7571
"../../../Engine/Content/EngineMaterials/Substrate/Glints2/dict_0002_0022.uasset" 7572
"../../../Engine/Content/EngineMaterials/Substrate/Glints2/dict_0002_0023.uasset" 7573
"../../../Engine/Content/EngineMaterials/Substrate/Glints2/dict_0002_0024.uasset" 7574
"/Engine/EngineMaterials/Substrate/Glints2/dict_0002_0020" 7575
"../../../Engine/Content/EngineMaterials/Substrate/Glints2/dict_0002_0025.uasset" 7576
"/Engine/EngineMaterials/Substrate/Glints2/dict_0002_0019" 7577
"/Engine/EngineMaterials/Substrate/Glints2/dict_0002_0018" 7578
"/Engine/EngineMaterials/Substrate/Glints2/dict_0002_0017" 7579
"/Engine/EngineMaterials/Substrate/Glints2/dict_0002_0016" 7580
"/Engine/EngineMaterials/Substrate/Glints2/dict_0002_0015" 7581
"/Engine/EngineMaterials/Substrate/Glints2/dict_0002_0014" 7582
"/Engine/EngineMaterials/Substrate/Glints2/dict_0002_0013" 7583
"/Engine/EngineMaterials/Substrate/Glints2/dict_0002_0012" 7584
"/Engine/EngineMaterials/Substrate/Glints2/dict_0002_0011" 7585
"/Engine/EngineMaterials/Substrate/Glints2/dict_0002_0010" 7586
"/Engine/EngineMaterials/Substrate/Glints2/dict_0002_0009" 7587
"/Engine/EngineMaterials/Substrate/Glints2/dict_0002_0008" 7588
"/Engine/EngineMaterials/Substrate/Glints2/dict_0002_0007" 7589
"/Engine/EngineMaterials/Substrate/Glints2/dict_0002_0006" 7590
"/Engine/EngineMaterials/Substrate/Glints2/dict_0002_0005" 7591
"/Engine/EngineMaterials/Substrate/Glints2/dict_0002_0004" 7592
"/Engine/EngineMaterials/Substrate/Glints2/dict_0002_0003" 7593
"/Engine/EngineMaterials/Substrate/Glints2/dict_0002_0002" 7594
"/Engine/EngineMaterials/Substrate/Glints2/dict_0002_0001" 7595
"/Engine/EngineMaterials/Substrate/Glints2/dict_0002_0000" 7596
"/Engine/EngineMaterials/Substrate/Glints2/dict_0001_0255" 7597
"/Engine/EngineMaterials/Substrate/Glints2/dict_0001_0254" 7598
"/Engine/EngineMaterials/Substrate/Glints2/dict_0001_0253" 7599
"/Engine/EngineMaterials/Substrate/Glints2/dict_0001_0252" 7600
"/Engine/EngineMaterials/Substrate/Glints2/dict_0001_0250" 7601
"/Engine/EngineMaterials/Substrate/Glints2/dict_0001_0249" 7602
"../../../Engine/Content/EngineMaterials/Substrate/Glints2/dict_0002_0028.uasset" 7603
"../../../Engine/Content/EngineMaterials/Substrate/Glints2/dict_0002_0027.uasset" 7604
"../../../Engine/Content/EngineMaterials/Substrate/Glints2/dict_0002_0029.uasset" 7605
"../../../Engine/Content/EngineMaterials/Substrate/Glints2/dict_0002_0030.uasset" 7606
"../../../Engine/Content/EngineMaterials/Substrate/Glints2/dict_0002_0026.uasset" 7607
"/Engine/EngineMaterials/Substrate/Glints2/dict_0002_0025" 7608
"../../../Engine/Content/EngineMaterials/Substrate/Glints2/dict_0002_0031.uasset" 7609
"../../../Engine/Content/EngineMaterials/Substrate/Glints2/dict_0002_0033.uasset" 7610
"../../../Engine/Content/EngineMaterials/Substrate/Glints2/dict_0002_0034.uasset" 7611
"../../../Engine/Content/EngineMaterials/Substrate/Glints2/dict_0002_0035.uasset" 7612
"../../../Engine/Content/EngineMaterials/Substrate/Glints2/dict_0002_0036.uasset" 7613
"../../../Engine/Content/EngineMaterials/Substrate/Glints2/dict_0002_0038.uasset" 7614
"../../../Engine/Content/EngineMaterials/Substrate/Glints2/dict_0002_0040.uasset" 7615
"../../../Engine/Content/EngineMaterials/Substrate/Glints2/dict_0002_0037.uasset" 7616
"../../../Engine/Content/EngineMaterials/Substrate/Glints2/dict_0002_0043.uasset" 7617
"../../../Engine/Content/EngineMaterials/Substrate/Glints2/dict_0002_0045.uasset" 7618
"../../../Engine/Content/EngineMaterials/Substrate/Glints2/dict_0002_0044.uasset" 7619
"../../../Engine/Content/EngineMaterials/Substrate/Glints2/dict_0002_0046.uasset" 7620
"../../../Engine/Content/EngineMaterials/Substrate/Glints2/dict_0002_0047.uasset" 7621
"../../../Engine/Content/EngineMaterials/Substrate/Glints2/dict_0002_0048.uasset" 7622
"../../../Engine/Content/EngineMaterials/Substrate/Glints2/dict_0002_0049.uasset" 7623
"../../../Engine/Content/EngineMaterials/Substrate/Glints2/dict_0002_0050.uasset" 7624
"../../../Engine/Content/EngineMaterials/Substrate/Glints2/dict_0002_0052.uasset" 7625
"../../../Engine/Content/EngineMaterials/Substrate/Glints2/dict_0002_0051.uasset" 7626
"../../../Engine/Content/EngineMaterials/Substrate/Glints2/dict_0002_0032.uasset" 7627
"../../../Engine/Content/EngineMaterials/Substrate/Glints2/dict_0002_0042.uasset" 7628
"../../../Engine/Content/EngineMaterials/Substrate/Glints2/dict_0002_0039.uasset" 7629
"../../../Engine/Content/EngineMaterials/Substrate/Glints2/dict_0002_0041.uasset" 7630
"/Engine/EngineMaterials/Substrate/Glints2/dict_0002_0024" 7631
"/Engine/EngineMaterials/Substrate/Glints2/dict_0002_0023" 7632
"/Engine/EngineMaterials/Substrate/Glints2/dict_0002_0022" 7633
"/Engine/EngineMaterials/Substrate/Glints2/dict_0002_0028" 7634
"/Engine/EngineMaterials/Substrate/Glints2/dict_0002_0021" 7635
"../../../Engine/Content/EngineMaterials/Substrate/Glints2/dict_0002_0054.uasset" 7636
"../../../Engine/Content/EngineMaterials/Substrate/Glints2/dict_0002_0053.uasset" 7637
"../../../Engine/Content/EngineMaterials/Substrate/Glints2/dict_0002_0056.uasset" 7638
"../../../Engine/Content/EngineMaterials/Substrate/Glints2/dict_0002_0057.uasset" 7639
"../../../Engine/Content/EngineMaterials/Substrate/Glints2/dict_0002_0058.uasset" 7640
"../../../Engine/Content/EngineMaterials/Substrate/Glints2/dict_0002_0055.uasset" 7641
"/Engine/EngineMaterials/Substrate/Glints2/dict_0002_0052" 7642
"/Engine/EngineMaterials/Substrate/Glints2/dict_0002_0051" 7643
"/Engine/EngineMaterials/Substrate/Glints2/dict_0002_0050" 7644
"/Engine/EngineMaterials/Substrate/Glints2/dict_0002_0049" 7645
"/Engine/EngineMaterials/Substrate/Glints2/dict_0002_0048" 7646
"/Engine/EngineMaterials/Substrate/Glints2/dict_0002_0047" 7647
"/Engine/EngineMaterials/Substrate/Glints2/dict_0002_0046" 7648
"/Engine/EngineMaterials/Substrate/Glints2/dict_0002_0045" 7649
"/Engine/EngineMaterials/Substrate/Glints2/dict_0002_0044" 7650
"/Engine/EngineMaterials/Substrate/Glints2/dict_0002_0043" 7651
"/Engine/EngineMaterials/Substrate/Glints2/dict_0002_0042" 7652
"/Engine/EngineMaterials/Substrate/Glints2/dict_0002_0041" 7653
"/Engine/EngineMaterials/Substrate/Glints2/dict_0002_0040" 7654
"/Engine/EngineMaterials/Substrate/Glints2/dict_0002_0039" 7655
"/Engine/EngineMaterials/Substrate/Glints2/dict_0002_0038" 7656
"/Engine/EngineMaterials/Substrate/Glints2/dict_0002_0037" 7657
"/Engine/EngineMaterials/Substrate/Glints2/dict_0002_0036" 7658
"/Engine/EngineMaterials/Substrate/Glints2/dict_0002_0035" 7659
"/Engine/EngineMaterials/Substrate/Glints2/dict_0002_0034" 7660
"/Engine/EngineMaterials/Substrate/Glints2/dict_0002_0033" 7661
"/Engine/EngineMaterials/Substrate/Glints2/dict_0002_0032" 7662
"/Engine/EngineMaterials/Substrate/Glints2/dict_0002_0031" 7663
"/Engine/EngineMaterials/Substrate/Glints2/dict_0002_0030" 7664
"/Engine/EngineMaterials/Substrate/Glints2/dict_0002_0029" 7665
"/Engine/EngineMaterials/Substrate/Glints2/dict_0002_0054" 7666
"/Engine/EngineMaterials/Substrate/Glints2/dict_0002_0053" 7667
"/Engine/EngineMaterials/Substrate/Glints2/dict_0002_0027" 7668
"/Engine/EngineMaterials/Substrate/Glints2/dict_0002_0026" 7669
"../../../Engine/Content/EngineMaterials/Substrate/Glints2/dict_0002_0059.uasset" 7670
"../../../Engine/Content/EngineMaterials/Substrate/Glints2/dict_0002_0064.uasset" 7671
"../../../Engine/Content/EngineMaterials/Substrate/Glints2/dict_0002_0063.uasset" 7672
"../../../Engine/Content/EngineMaterials/Substrate/Glints2/dict_0002_0065.uasset" 7673
"../../../Engine/Content/EngineMaterials/Substrate/Glints2/dict_0002_0062.uasset" 7674
"../../../Engine/Content/EngineMaterials/Substrate/Glints2/dict_0002_0066.uasset" 7675
"../../../Engine/Content/EngineMaterials/Substrate/Glints2/dict_0002_0067.uasset" 7676
"../../../Engine/Content/EngineMaterials/Substrate/Glints2/dict_0002_0070.uasset" 7677
"/Engine/EngineMaterials/Substrate/Glints2/dict_0002_0058" 7678
"../../../Engine/Content/EngineMaterials/Substrate/Glints2/dict_0002_0060.uasset" 7679
"../../../Engine/Content/EngineMaterials/Substrate/Glints2/dict_0002_0069.uasset" 7680
"../../../Engine/Content/EngineMaterials/Substrate/Glints2/dict_0002_0068.uasset" 7681
"../../../Engine/Content/EngineMaterials/Substrate/Glints2/dict_0002_0073.uasset" 7682
"../../../Engine/Content/EngineMaterials/Substrate/Glints2/dict_0002_0072.uasset" 7683
"../../../Engine/Content/EngineMaterials/Substrate/Glints2/dict_0002_0074.uasset" 7684
"../../../Engine/Content/EngineMaterials/Substrate/Glints2/dict_0002_0075.uasset" 7685
"../../../Engine/Content/EngineMaterials/Substrate/Glints2/dict_0002_0077.uasset" 7686
"../../../Engine/Content/EngineMaterials/Substrate/Glints2/dict_0002_0079.uasset" 7687
"../../../Engine/Content/EngineMaterials/Substrate/Glints2/dict_0002_0078.uasset" 7688
"../../../Engine/Content/EngineMaterials/Substrate/Glints2/dict_0002_0061.uasset" 7689
"../../../Engine/Content/EngineMaterials/Substrate/Glints2/dict_0002_0076.uasset" 7690
"../../../Engine/Content/EngineMaterials/Substrate/Glints2/dict_0002_0080.uasset" 7691
"../../../Engine/Content/EngineMaterials/Substrate/Glints2/dict_0002_0081.uasset" 7692
"../../../Engine/Content/EngineMaterials/Substrate/Glints2/dict_0002_0082.uasset" 7693
"../../../Engine/Content/EngineMaterials/Substrate/Glints2/dict_0002_0084.uasset" 7694
"../../../Engine/Content/EngineMaterials/Substrate/Glints2/dict_0002_0071.uasset" 7695
"../../../Engine/Content/EngineMaterials/Substrate/Glints2/dict_0002_0086.uasset" 7696
"../../../Engine/Content/EngineMaterials/Substrate/Glints2/dict_0002_0083.uasset" 7697
"/Engine/EngineMaterials/Substrate/Glints2/dict_0002_0057" 7698
"../../../Engine/Content/EngineMaterials/Substrate/Glints2/dict_0002_0085.uasset" 7699
"/Engine/EngineMaterials/Substrate/Glints2/dict_0002_0056" 7700
"/Engine/EngineMaterials/Substrate/Glints2/dict_0002_0055" 7701
"/Engine/EngineMaterials/Substrate/Glints2/dict_0002_0065" 7702
"/Engine/EngineMaterials/Substrate/Glints2/dict_0002_0064" 7703
"/Engine/EngineMaterials/Substrate/Glints2/dict_0002_0063" 7704
"/Engine/EngineMaterials/Substrate/Glints2/dict_0002_0059" 7705
"../../../Engine/Content/EngineMaterials/Substrate/Glints2/dict_0002_0087.uasset" 7706
"../../../Engine/Content/EngineMaterials/Substrate/Glints2/dict_0002_0091.uasset" 7707
"../../../Engine/Content/EngineMaterials/Substrate/Glints2/dict_0002_0092.uasset" 7708
"../../../Engine/Content/EngineMaterials/Substrate/Glints2/dict_0002_0093.uasset" 7709
"../../../Engine/Content/EngineMaterials/Substrate/Glints2/dict_0002_0094.uasset" 7710
"../../../Engine/Content/EngineMaterials/Substrate/Glints2/dict_0002_0089.uasset" 7711
"/Engine/EngineMaterials/Substrate/Glints2/dict_0002_0086" 7712
"../../../Engine/Content/EngineMaterials/Substrate/Glints2/dict_0002_0088.uasset" 7713
"../../../Engine/Content/EngineMaterials/Substrate/Glints2/dict_0002_0090.uasset" 7714
"/Engine/EngineMaterials/Substrate/Glints2/dict_0002_0085" 7715
"/Engine/EngineMaterials/Substrate/Glints2/dict_0002_0084" 7716
"/Engine/EngineMaterials/Substrate/Glints2/dict_0002_0083" 7717
"/Engine/EngineMaterials/Substrate/Glints2/dict_0002_0082" 7718
"/Engine/EngineMaterials/Substrate/Glints2/dict_0002_0081" 7719
"/Engine/EngineMaterials/Substrate/Glints2/dict_0002_0080" 7720
"/Engine/EngineMaterials/Substrate/Glints2/dict_0002_0079" 7721
"/Engine/EngineMaterials/Substrate/Glints2/dict_0002_0078" 7722
"/Engine/EngineMaterials/Substrate/Glints2/dict_0002_0077" 7723
"/Engine/EngineMaterials/Substrate/Glints2/dict_0002_0076" 7724
"/Engine/EngineMaterials/Substrate/Glints2/dict_0002_0075" 7725
"/Engine/EngineMaterials/Substrate/Glints2/dict_0002_0074" 7726
"/Engine/EngineMaterials/Substrate/Glints2/dict_0002_0073" 7727
"/Engine/EngineMaterials/Substrate/Glints2/dict_0002_0072" 7728
"/Engine/EngineMaterials/Substrate/Glints2/dict_0002_0071" 7729
"/Engine/EngineMaterials/Substrate/Glints2/dict_0002_0070" 7730
"/Engine/EngineMaterials/Substrate/Glints2/dict_0002_0069" 7731
"/Engine/EngineMaterials/Substrate/Glints2/dict_0002_0068" 7732
"/Engine/EngineMaterials/Substrate/Glints2/dict_0002_0067" 7733
"/Engine/EngineMaterials/Substrate/Glints2/dict_0002_0066" 7734
"/Engine/EngineMaterials/Substrate/Glints2/dict_0002_0062" 7735
"/Engine/EngineMaterials/Substrate/Glints2/dict_0002_0061" 7736
"/Engine/EngineMaterials/Substrate/Glints2/dict_0002_0060" 7737
"/Engine/EngineMaterials/Substrate/Glints2/dict_0002_0087" 7738
"../../../Engine/Content/EngineMaterials/Substrate/Glints2/dict_0002_0097.uasset" 7739
"../../../Engine/Content/EngineMaterials/Substrate/Glints2/dict_0002_0098.uasset" 7740
"../../../Engine/Content/EngineMaterials/Substrate/Glints2/dict_0002_0099.uasset" 7741
"../../../Engine/Content/EngineMaterials/Substrate/Glints2/dict_0002_0096.uasset" 7742
"../../../Engine/Content/EngineMaterials/Substrate/Glints2/dict_0002_0100.uasset" 7743
"../../../Engine/Content/EngineMaterials/Substrate/Glints2/dict_0002_0105.uasset" 7744
"../../../Engine/Content/EngineMaterials/Substrate/Glints2/dict_0002_0106.uasset" 7745
"../../../Engine/Content/EngineMaterials/Substrate/Glints2/dict_0002_0104.uasset" 7746
"../../../Engine/Content/EngineMaterials/Substrate/Glints2/dict_0002_0108.uasset" 7747
"../../../Engine/Content/EngineMaterials/Substrate/Glints2/dict_0002_0095.uasset" 7748
"../../../Engine/Content/EngineMaterials/Substrate/Glints2/dict_0002_0110.uasset" 7749
"../../../Engine/Content/EngineMaterials/Substrate/Glints2/dict_0002_0109.uasset" 7750
"../../../Engine/Content/EngineMaterials/Substrate/Glints2/dict_0002_0111.uasset" 7751
"../../../Engine/Content/EngineMaterials/Substrate/Glints2/dict_0002_0103.uasset" 7752
"../../../Engine/Content/EngineMaterials/Substrate/Glints2/dict_0002_0113.uasset" 7753
"../../../Engine/Content/EngineMaterials/Substrate/Glints2/dict_0002_0107.uasset" 7754
"../../../Engine/Content/EngineMaterials/Substrate/Glints2/dict_0002_0114.uasset" 7755
"/Engine/EngineMaterials/Substrate/Glints2/dict_0002_0094" 7756
"../../../Engine/Content/EngineMaterials/Substrate/Glints2/dict_0002_0116.uasset" 7757
"../../../Engine/Content/EngineMaterials/Substrate/Glints2/dict_0002_0118.uasset" 7758
"../../../Engine/Content/EngineMaterials/Substrate/Glints2/dict_0002_0117.uasset" 7759
"../../../Engine/Content/EngineMaterials/Substrate/Glints2/dict_0002_0119.uasset" 7760
"../../../Engine/Content/EngineMaterials/Substrate/Glints2/dict_0002_0101.uasset" 7761
"../../../Engine/Content/EngineMaterials/Substrate/Glints2/dict_0002_0112.uasset" 7762
"../../../Engine/Content/EngineMaterials/Substrate/Glints2/dict_0002_0102.uasset" 7763
"../../../Engine/Content/EngineMaterials/Substrate/Glints2/dict_0002_0115.uasset" 7764
"/Engine/EngineMaterials/Substrate/Glints2/dict_0002_0093" 7765
"/Engine/EngineMaterials/Substrate/Glints2/dict_0002_0092" 7766
"/Engine/EngineMaterials/Substrate/Glints2/dict_0002_0105" 7767
"/Engine/EngineMaterials/Substrate/Glints2/dict_0002_0100" 7768
"/Engine/EngineMaterials/Substrate/Glints2/dict_0002_0099" 7769
"/Engine/EngineMaterials/Substrate/Glints2/dict_0002_0091" 7770
"/Engine/EngineMaterials/Substrate/Glints2/dict_0002_0090" 7771
"/Engine/EngineMaterials/Substrate/Glints2/dict_0002_0089" 7772
"/Engine/EngineMaterials/Substrate/Glints2/dict_0002_0088" 7773
"/Engine/EngineMaterials/Substrate/Glints2/dict_0002_0098" 7774
"/Engine/EngineMaterials/Substrate/Glints2/dict_0002_0097" 7775
"/Engine/EngineMaterials/Substrate/Glints2/dict_0002_0096" 7776
"../../../Engine/Content/EngineMaterials/Substrate/Glints2/dict_0002_0120.uasset" 7777
"../../../Engine/Content/EngineMaterials/Substrate/Glints2/dict_0002_0123.uasset" 7778
"../../../Engine/Content/EngineMaterials/Substrate/Glints2/dict_0002_0124.uasset" 7779
"../../../Engine/Content/EngineMaterials/Substrate/Glints2/dict_0002_0129.uasset" 7780
"../../../Engine/Content/EngineMaterials/Substrate/Glints2/dict_0002_0128.uasset" 7781
"../../../Engine/Content/EngineMaterials/Substrate/Glints2/dict_0002_0125.uasset" 7782
"../../../Engine/Content/EngineMaterials/Substrate/Glints2/dict_0002_0130.uasset" 7783
"../../../Engine/Content/EngineMaterials/Substrate/Glints2/dict_0002_0131.uasset" 7784
"../../../Engine/Content/EngineMaterials/Substrate/Glints2/dict_0002_0132.uasset" 7785
"../../../Engine/Content/EngineMaterials/Substrate/Glints2/dict_0002_0126.uasset" 7786
"../../../Engine/Content/EngineMaterials/Substrate/Glints2/dict_0002_0127.uasset" 7787
"../../../Engine/Content/EngineMaterials/Substrate/Glints2/dict_0002_0122.uasset" 7788
"../../../Engine/Content/EngineMaterials/Substrate/Glints2/dict_0002_0121.uasset" 7789
"/Engine/EngineMaterials/Substrate/Glints2/dict_0002_0119" 7790
"/Engine/EngineMaterials/Substrate/Glints2/dict_0002_0118" 7791
"/Engine/EngineMaterials/Substrate/Glints2/dict_0002_0117" 7792
"/Engine/EngineMaterials/Substrate/Glints2/dict_0002_0116" 7793
"/Engine/EngineMaterials/Substrate/Glints2/dict_0002_0115" 7794
"/Engine/EngineMaterials/Substrate/Glints2/dict_0002_0114" 7795
"/Engine/EngineMaterials/Substrate/Glints2/dict_0002_0113" 7796
"/Engine/EngineMaterials/Substrate/Glints2/dict_0002_0112" 7797
"/Engine/EngineMaterials/Substrate/Glints2/dict_0002_0111" 7798
"/Engine/EngineMaterials/Substrate/Glints2/dict_0002_0110" 7799
"/Engine/EngineMaterials/Substrate/Glints2/dict_0002_0109" 7800
"/Engine/EngineMaterials/Substrate/Glints2/dict_0002_0108" 7801
"/Engine/EngineMaterials/Substrate/Glints2/dict_0002_0107" 7802
"/Engine/EngineMaterials/Substrate/Glints2/dict_0002_0106" 7803
"/Engine/EngineMaterials/Substrate/Glints2/dict_0002_0104" 7804
"/Engine/EngineMaterials/Substrate/Glints2/dict_0002_0103" 7805
"/Engine/EngineMaterials/Substrate/Glints2/dict_0002_0102" 7806
"/Engine/EngineMaterials/Substrate/Glints2/dict_0002_0101" 7807
"/Engine/EngineMaterials/Substrate/Glints2/dict_0002_0128" 7808
"/Engine/EngineMaterials/Substrate/Glints2/dict_0002_0125" 7809
"/Engine/EngineMaterials/Substrate/Glints2/dict_0002_0124" 7810
"/Engine/EngineMaterials/Substrate/Glints2/dict_0002_0123" 7811
"/Engine/EngineMaterials/Substrate/Glints2/dict_0002_0120" 7812
"/Engine/EngineMaterials/Substrate/Glints2/dict_0002_0095" 7813
"../../../Engine/Content/EngineMaterials/Substrate/Glints2/dict_0002_0133.uasset" 7814
"../../../Engine/Content/EngineMaterials/Substrate/Glints2/dict_0002_0134.uasset" 7815
"../../../Engine/Content/EngineMaterials/Substrate/Glints2/dict_0002_0135.uasset" 7816
"../../../Engine/Content/EngineMaterials/Substrate/Glints2/dict_0002_0136.uasset" 7817
"../../../Engine/Content/EngineMaterials/Substrate/Glints2/dict_0002_0137.uasset" 7818
"../../../Engine/Content/EngineMaterials/Substrate/Glints2/dict_0002_0138.uasset" 7819
"/Engine/EngineMaterials/Substrate/Glints2/dict_0002_0132" 7820
"../../../Engine/Content/EngineMaterials/Substrate/Glints2/dict_0002_0142.uasset" 7821
"../../../Engine/Content/EngineMaterials/Substrate/Glints2/dict_0002_0141.uasset" 7822
"../../../Engine/Content/EngineMaterials/Substrate/Glints2/dict_0002_0143.uasset" 7823
"../../../Engine/Content/EngineMaterials/Substrate/Glints2/dict_0002_0139.uasset" 7824
"../../../Engine/Content/EngineMaterials/Substrate/Glints2/dict_0002_0147.uasset" 7825
"../../../Engine/Content/EngineMaterials/Substrate/Glints2/dict_0002_0144.uasset" 7826
"../../../Engine/Content/EngineMaterials/Substrate/Glints2/dict_0002_0150.uasset" 7827
"../../../Engine/Content/EngineMaterials/Substrate/Glints2/dict_0002_0152.uasset" 7828
"../../../Engine/Content/EngineMaterials/Substrate/Glints2/dict_0002_0153.uasset" 7829
"../../../Engine/Content/EngineMaterials/Substrate/Glints2/dict_0002_0149.uasset" 7830
"../../../Engine/Content/EngineMaterials/Substrate/Glints2/dict_0002_0140.uasset" 7831
"../../../Engine/Content/EngineMaterials/Substrate/Glints2/dict_0002_0155.uasset" 7832
"../../../Engine/Content/EngineMaterials/Substrate/Glints2/dict_0002_0156.uasset" 7833
"../../../Engine/Content/EngineMaterials/Substrate/Glints2/dict_0002_0145.uasset" 7834
"../../../Engine/Content/EngineMaterials/Substrate/Glints2/dict_0002_0151.uasset" 7835
"../../../Engine/Content/EngineMaterials/Substrate/Glints2/dict_0002_0148.uasset" 7836
"../../../Engine/Content/EngineMaterials/Substrate/Glints2/dict_0002_0154.uasset" 7837
"../../../Engine/Content/EngineMaterials/Substrate/Glints2/dict_0002_0146.uasset" 7838
"/Engine/EngineMaterials/Substrate/Glints2/dict_0002_0131" 7839
"/Engine/EngineMaterials/Substrate/Glints2/dict_0002_0130" 7840
"/Engine/EngineMaterials/Substrate/Glints2/dict_0002_0129" 7841
"/Engine/EngineMaterials/Substrate/Glints2/dict_0002_0127" 7842
"/Engine/EngineMaterials/Substrate/Glints2/dict_0002_0126" 7843
"/Engine/EngineMaterials/Substrate/Glints2/dict_0002_0135" 7844
"/Engine/EngineMaterials/Substrate/Glints2/dict_0002_0122" 7845
"/Engine/EngineMaterials/Substrate/Glints2/dict_0002_0121" 7846
"/Engine/EngineMaterials/Substrate/Glints2/dict_0002_0134" 7847
"/Engine/EngineMaterials/Substrate/Glints2/dict_0002_0133" 7848
"../../../Engine/Content/EngineMaterials/Substrate/Glints2/dict_0002_0157.uasset" 7849
"../../../Engine/Content/EngineMaterials/Substrate/Glints2/dict_0002_0160.uasset" 7850
"../../../Engine/Content/EngineMaterials/Substrate/Glints2/dict_0002_0161.uasset" 7851
"../../../Engine/Content/EngineMaterials/Substrate/Glints2/dict_0002_0162.uasset" 7852
"../../../Engine/Content/EngineMaterials/Substrate/Glints2/dict_0002_0163.uasset" 7853
"../../../Engine/Content/EngineMaterials/Substrate/Glints2/dict_0002_0164.uasset" 7854
"../../../Engine/Content/EngineMaterials/Substrate/Glints2/dict_0002_0165.uasset" 7855
"../../../Engine/Content/EngineMaterials/Substrate/Glints2/dict_0002_0166.uasset" 7856
"../../../Engine/Content/EngineMaterials/Substrate/Glints2/dict_0002_0167.uasset" 7857
"../../../Engine/Content/EngineMaterials/Substrate/Glints2/dict_0002_0158.uasset" 7858
"../../../Engine/Content/EngineMaterials/Substrate/Glints2/dict_0002_0159.uasset" 7859
"/Engine/EngineMaterials/Substrate/Glints2/dict_0002_0156" 7860
"/Engine/EngineMaterials/Substrate/Glints2/dict_0002_0155" 7861
"/Engine/EngineMaterials/Substrate/Glints2/dict_0002_0154" 7862
"/Engine/EngineMaterials/Substrate/Glints2/dict_0002_0153" 7863
"/Engine/EngineMaterials/Substrate/Glints2/dict_0002_0152" 7864
"/Engine/EngineMaterials/Substrate/Glints2/dict_0002_0151" 7865
"/Engine/EngineMaterials/Substrate/Glints2/dict_0002_0150" 7866
"/Engine/EngineMaterials/Substrate/Glints2/dict_0002_0149" 7867
"/Engine/EngineMaterials/Substrate/Glints2/dict_0002_0148" 7868
"/Engine/EngineMaterials/Substrate/Glints2/dict_0002_0147" 7869
"/Engine/EngineMaterials/Substrate/Glints2/dict_0002_0146" 7870
"/Engine/EngineMaterials/Substrate/Glints2/dict_0002_0145" 7871
"/Engine/EngineMaterials/Substrate/Glints2/dict_0002_0144" 7872
"/Engine/EngineMaterials/Substrate/Glints2/dict_0002_0143" 7873
"/Engine/EngineMaterials/Substrate/Glints2/dict_0002_0142" 7874
"/Engine/EngineMaterials/Substrate/Glints2/dict_0002_0141" 7875
"/Engine/EngineMaterials/Substrate/Glints2/dict_0002_0140" 7876
"/Engine/EngineMaterials/Substrate/Glints2/dict_0002_0139" 7877
"/Engine/EngineMaterials/Substrate/Glints2/dict_0002_0138" 7878
"/Engine/EngineMaterials/Substrate/Glints2/dict_0002_0163" 7879
"/Engine/EngineMaterials/Substrate/Glints2/dict_0002_0162" 7880
"/Engine/EngineMaterials/Substrate/Glints2/dict_0002_0137" 7881
"/Engine/EngineMaterials/Substrate/Glints2/dict_0002_0136" 7882
"/Engine/EngineMaterials/Substrate/Glints2/dict_0002_0161" 7883
"/Engine/EngineMaterials/Substrate/Glints2/dict_0002_0160" 7884
"/Engine/EngineMaterials/Substrate/Glints2/dict_0002_0157" 7885
"../../../Engine/Content/EngineMaterials/Substrate/Glints2/dict_0002_0169.uasset" 7886
"../../../Engine/Content/EngineMaterials/Substrate/Glints2/dict_0002_0171.uasset" 7887
"../../../Engine/Content/EngineMaterials/Substrate/Glints2/dict_0002_0172.uasset" 7888
"../../../Engine/Content/EngineMaterials/Substrate/Glints2/dict_0002_0170.uasset" 7889
"../../../Engine/Content/EngineMaterials/Substrate/Glints2/dict_0002_0175.uasset" 7890
"../../../Engine/Content/EngineMaterials/Substrate/Glints2/dict_0002_0176.uasset" 7891
"../../../Engine/Content/EngineMaterials/Substrate/Glints2/dict_0002_0177.uasset" 7892
"/Engine/EngineMaterials/Substrate/Glints2/dict_0002_0167" 7893
"../../../Engine/Content/EngineMaterials/Substrate/Glints2/dict_0002_0179.uasset" 7894
"../../../Engine/Content/EngineMaterials/Substrate/Glints2/dict_0002_0182.uasset" 7895
"../../../Engine/Content/EngineMaterials/Substrate/Glints2/dict_0002_0181.uasset" 7896
"../../../Engine/Content/EngineMaterials/Substrate/Glints2/dict_0002_0183.uasset" 7897
"../../../Engine/Content/EngineMaterials/Substrate/Glints2/dict_0002_0184.uasset" 7898
"../../../Engine/Content/EngineMaterials/Substrate/Glints2/dict_0002_0178.uasset" 7899
"../../../Engine/Content/EngineMaterials/Substrate/Glints2/dict_0002_0188.uasset" 7900
"../../../Engine/Content/EngineMaterials/Substrate/Glints2/dict_0002_0174.uasset" 7901
"../../../Engine/Content/EngineMaterials/Substrate/Glints2/dict_0002_0180.uasset" 7902
"../../../Engine/Content/EngineMaterials/Substrate/Glints2/dict_0002_0190.uasset" 7903
"../../../Engine/Content/EngineMaterials/Substrate/Glints2/dict_0002_0191.uasset" 7904
"../../../Engine/Content/EngineMaterials/Substrate/Glints2/dict_0002_0192.uasset" 7905
"../../../Engine/Content/EngineMaterials/Substrate/Glints2/dict_0002_0168.uasset" 7906
"../../../Engine/Content/EngineMaterials/Substrate/Glints2/dict_0002_0193.uasset" 7907
"../../../Engine/Content/EngineMaterials/Substrate/Glints2/dict_0002_0185.uasset" 7908
"../../../Engine/Content/EngineMaterials/Substrate/Glints2/dict_0002_0186.uasset" 7909
"../../../Engine/Content/EngineMaterials/Substrate/Glints2/dict_0002_0187.uasset" 7910
"../../../Engine/Content/EngineMaterials/Substrate/Glints2/dict_0002_0173.uasset" 7911
"/Engine/EngineMaterials/Substrate/Glints2/dict_0002_0166" 7912
"/Engine/EngineMaterials/Substrate/Glints2/dict_0002_0165" 7913
"../../../Engine/Content/EngineMaterials/Substrate/Glints2/dict_0002_0189.uasset" 7914
"/Engine/EngineMaterials/Substrate/Glints2/dict_0002_0164" 7915
"/Engine/EngineMaterials/Substrate/Glints2/dict_0002_0172" 7916
"/Engine/EngineMaterials/Substrate/Glints2/dict_0002_0171" 7917
"/Engine/EngineMaterials/Substrate/Glints2/dict_0002_0169" 7918
"/Engine/EngineMaterials/Substrate/Glints2/dict_0002_0159" 7919
"/Engine/EngineMaterials/Substrate/Glints2/dict_0002_0158" 7920
"../../../Engine/Content/EngineMaterials/Substrate/Glints2/dict_0002_0194.uasset" 7921
"../../../Engine/Content/EngineMaterials/Substrate/Glints2/dict_0002_0195.uasset" 7922
"../../../Engine/Content/EngineMaterials/Substrate/Glints2/dict_0002_0198.uasset" 7923
"../../../Engine/Content/EngineMaterials/Substrate/Glints2/dict_0002_0196.uasset" 7924
"../../../Engine/Content/EngineMaterials/Substrate/Glints2/dict_0002_0197.uasset" 7925
"../../../Engine/Content/EngineMaterials/Substrate/Glints2/dict_0002_0200.uasset" 7926
"../../../Engine/Content/EngineMaterials/Substrate/Glints2/dict_0002_0199.uasset" 7927
"../../../Engine/Content/EngineMaterials/Substrate/Glints2/dict_0002_0202.uasset" 7928
"../../../Engine/Content/EngineMaterials/Substrate/Glints2/dict_0002_0201.uasset" 7929
"/Engine/EngineMaterials/Substrate/Glints2/dict_0002_0193" 7930
"/Engine/EngineMaterials/Substrate/Glints2/dict_0002_0192" 7931
"/Engine/EngineMaterials/Substrate/Glints2/dict_0002_0191" 7932
"/Engine/EngineMaterials/Substrate/Glints2/dict_0002_0190" 7933
"/Engine/EngineMaterials/Substrate/Glints2/dict_0002_0189" 7934
"/Engine/EngineMaterials/Substrate/Glints2/dict_0002_0188" 7935
"/Engine/EngineMaterials/Substrate/Glints2/dict_0002_0187" 7936
"/Engine/EngineMaterials/Substrate/Glints2/dict_0002_0186" 7937
"/Engine/EngineMaterials/Substrate/Glints2/dict_0002_0185" 7938
"/Engine/EngineMaterials/Substrate/Glints2/dict_0002_0184" 7939
"/Engine/EngineMaterials/Substrate/Glints2/dict_0002_0183" 7940
"/Engine/EngineMaterials/Substrate/Glints2/dict_0002_0182" 7941
"/Engine/EngineMaterials/Substrate/Glints2/dict_0002_0181" 7942
"/Engine/EngineMaterials/Substrate/Glints2/dict_0002_0180" 7943
"/Engine/EngineMaterials/Substrate/Glints2/dict_0002_0179" 7944
"/Engine/EngineMaterials/Substrate/Glints2/dict_0002_0178" 7945
"/Engine/EngineMaterials/Substrate/Glints2/dict_0002_0177" 7946
"/Engine/EngineMaterials/Substrate/Glints2/dict_0002_0176" 7947
"/Engine/EngineMaterials/Substrate/Glints2/dict_0002_0175" 7948
"/Engine/EngineMaterials/Substrate/Glints2/dict_0002_0174" 7949
"/Engine/EngineMaterials/Substrate/Glints2/dict_0002_0173" 7950
"/Engine/EngineMaterials/Substrate/Glints2/dict_0002_0170" 7951
"/Engine/EngineMaterials/Substrate/Glints2/dict_0002_0195" 7952
"/Engine/EngineMaterials/Substrate/Glints2/dict_0002_0194" 7953
"/Engine/EngineMaterials/Substrate/Glints2/dict_0002_0168" 7954
"../../../Engine/Content/EngineMaterials/Substrate/Glints2/dict_0002_0203.uasset" 7955
"../../../Engine/Content/EngineMaterials/Substrate/Glints2/dict_0002_0205.uasset" 7956
"../../../Engine/Content/EngineMaterials/Substrate/Glints2/dict_0002_0206.uasset" 7957
"../../../Engine/Content/EngineMaterials/Substrate/Glints2/dict_0002_0208.uasset" 7958
"../../../Engine/Content/EngineMaterials/Substrate/Glints2/dict_0002_0207.uasset" 7959
"../../../Engine/Content/EngineMaterials/Substrate/Glints2/dict_0002_0204.uasset" 7960
"../../../Engine/Content/EngineMaterials/Substrate/Glints2/dict_0002_0209.uasset" 7961
"/Engine/EngineMaterials/Substrate/Glints2/dict_0002_0202" 7962
"../../../Engine/Content/EngineMaterials/Substrate/Glints2/dict_0002_0214.uasset" 7963
"../../../Engine/Content/EngineMaterials/Substrate/Glints2/dict_0002_0210.uasset" 7964
"../../../Engine/Content/EngineMaterials/Substrate/Glints2/dict_0002_0215.uasset" 7965
"../../../Engine/Content/EngineMaterials/Substrate/Glints2/dict_0002_0216.uasset" 7966
"../../../Engine/Content/EngineMaterials/Substrate/Glints2/dict_0002_0219.uasset" 7967
"../../../Engine/Content/EngineMaterials/Substrate/Glints2/dict_0002_0212.uasset" 7968
"../../../Engine/Content/EngineMaterials/Substrate/Glints2/dict_0002_0217.uasset" 7969
"../../../Engine/Content/EngineMaterials/Substrate/Glints2/dict_0002_0222.uasset" 7970
"../../../Engine/Content/EngineMaterials/Substrate/Glints2/dict_0002_0224.uasset" 7971
"../../../Engine/Content/EngineMaterials/Substrate/Glints2/dict_0002_0225.uasset" 7972
"../../../Engine/Content/EngineMaterials/Substrate/Glints2/dict_0002_0220.uasset" 7973
"../../../Engine/Content/EngineMaterials/Substrate/Glints2/dict_0002_0226.uasset" 7974
"../../../Engine/Content/EngineMaterials/Substrate/Glints2/dict_0002_0227.uasset" 7975
"../../../Engine/Content/EngineMaterials/Substrate/Glints2/dict_0002_0221.uasset" 7976
"../../../Engine/Content/EngineMaterials/Substrate/Glints2/dict_0002_0211.uasset" 7977
"../../../Engine/Content/EngineMaterials/Substrate/Glints2/dict_0002_0213.uasset" 7978
"../../../Engine/Content/EngineMaterials/Substrate/Glints2/dict_0002_0223.uasset" 7979
"../../../Engine/Content/EngineMaterials/Substrate/Glints2/dict_0002_0218.uasset" 7980
"/Engine/EngineMaterials/Substrate/Glints2/dict_0002_0201" 7981
"/Engine/EngineMaterials/Substrate/Glints2/dict_0002_0200" 7982
"/Engine/EngineMaterials/Substrate/Glints2/dict_0002_0199" 7983
"/Engine/EngineMaterials/Substrate/Glints2/dict_0002_0208" 7984
"/Engine/EngineMaterials/Substrate/Glints2/dict_0002_0198" 7985
"/Engine/EngineMaterials/Substrate/Glints2/dict_0002_0197" 7986
"/Engine/EngineMaterials/Substrate/Glints2/dict_0002_0206" 7987
"/Engine/EngineMaterials/Substrate/Glints2/dict_0002_0196" 7988
"/Engine/EngineMaterials/Substrate/Glints2/dict_0002_0205" 7989
"/Engine/EngineMaterials/Substrate/Glints2/dict_0002_0204" 7990
"/Engine/EngineMaterials/Substrate/Glints2/dict_0002_0203" 7991
"../../../Engine/Content/EngineMaterials/Substrate/Glints2/dict_0002_0230.uasset" 7992
"../../../Engine/Content/EngineMaterials/Substrate/Glints2/dict_0002_0229.uasset" 7993
"../../../Engine/Content/EngineMaterials/Substrate/Glints2/dict_0002_0232.uasset" 7994
"../../../Engine/Content/EngineMaterials/Substrate/Glints2/dict_0002_0234.uasset" 7995
"../../../Engine/Content/EngineMaterials/Substrate/Glints2/dict_0002_0236.uasset" 7996
"../../../Engine/Content/EngineMaterials/Substrate/Glints2/dict_0002_0235.uasset" 7997
"/Engine/EngineMaterials/Substrate/Glints2/dict_0002_0227" 7998
"../../../Engine/Content/EngineMaterials/Substrate/Glints2/dict_0002_0239.uasset" 7999
"../../../Engine/Content/EngineMaterials/Substrate/Glints2/dict_0002_0238.uasset" 8000
"../../../Engine/Content/EngineMaterials/Substrate/Glints2/dict_0002_0233.uasset" 8001
"../../../Engine/Content/EngineMaterials/Substrate/Glints2/dict_0002_0237.uasset" 8002
"../../../Engine/Content/EngineMaterials/Substrate/Glints2/dict_0002_0231.uasset" 8003
"../../../Engine/Content/EngineMaterials/Substrate/Glints2/dict_0002_0228.uasset" 8004
"/Engine/EngineMaterials/Substrate/Glints2/dict_0002_0226" 8005
"/Engine/EngineMaterials/Substrate/Glints2/dict_0002_0225" 8006
"/Engine/EngineMaterials/Substrate/Glints2/dict_0002_0224" 8007
"/Engine/EngineMaterials/Substrate/Glints2/dict_0002_0223" 8008
"/Engine/EngineMaterials/Substrate/Glints2/dict_0002_0222" 8009
"/Engine/EngineMaterials/Substrate/Glints2/dict_0002_0221" 8010
"/Engine/EngineMaterials/Substrate/Glints2/dict_0002_0220" 8011
"/Engine/EngineMaterials/Substrate/Glints2/dict_0002_0219" 8012
"/Engine/EngineMaterials/Substrate/Glints2/dict_0002_0218" 8013
"/Engine/EngineMaterials/Substrate/Glints2/dict_0002_0217" 8014
"/Engine/EngineMaterials/Substrate/Glints2/dict_0002_0216" 8015
"/Engine/EngineMaterials/Substrate/Glints2/dict_0002_0215" 8016
"/Engine/EngineMaterials/Substrate/Glints2/dict_0002_0214" 8017
"/Engine/EngineMaterials/Substrate/Glints2/dict_0002_0213" 8018
"/Engine/EngineMaterials/Substrate/Glints2/dict_0002_0212" 8019
"/Engine/EngineMaterials/Substrate/Glints2/dict_0002_0211" 8020
"/Engine/EngineMaterials/Substrate/Glints2/dict_0002_0210" 8021
"/Engine/EngineMaterials/Substrate/Glints2/dict_0002_0209" 8022
"/Engine/EngineMaterials/Substrate/Glints2/dict_0002_0207" 8023
"/Engine/EngineMaterials/Substrate/Glints2/dict_0002_0230" 8024
"/Engine/EngineMaterials/Substrate/Glints2/dict_0002_0229" 8025
"../../../Engine/Content/EngineMaterials/Substrate/Glints2/dict_0002_0240.uasset" 8026
"../../../Engine/Content/EngineMaterials/Substrate/Glints2/dict_0002_0242.uasset" 8027
"../../../Engine/Content/EngineMaterials/Substrate/Glints2/dict_0002_0245.uasset" 8028
"../../../Engine/Content/EngineMaterials/Substrate/Glints2/dict_0002_0247.uasset" 8029
"../../../Engine/Content/EngineMaterials/Substrate/Glints2/dict_0002_0246.uasset" 8030
"../../../Engine/Content/EngineMaterials/Substrate/Glints2/dict_0002_0248.uasset" 8031
"../../../Engine/Content/EngineMaterials/Substrate/Glints2/dict_0002_0249.uasset" 8032
"../../../Engine/Content/EngineMaterials/Substrate/Glints2/dict_0002_0250.uasset" 8033
"../../../Engine/Content/EngineMaterials/Substrate/Glints2/dict_0002_0251.uasset" 8034
"../../../Engine/Content/EngineMaterials/Substrate/Glints2/dict_0002_0253.uasset" 8035
"../../../Engine/Content/EngineMaterials/Substrate/Glints2/dict_0002_0243.uasset" 8036
"/Engine/EngineMaterials/Substrate/Glints2/dict_0002_0239" 8037
"../../../Engine/Content/EngineMaterials/Substrate/Glints2/dict_0002_0254.uasset" 8038
"../../../Engine/Content/EngineMaterials/Substrate/Glints2/dict_0003_0000.uasset" 8039
"../../../Engine/Content/EngineMaterials/Substrate/Glints2/dict_0002_0255.uasset" 8040
"../../../Engine/Content/EngineMaterials/Substrate/Glints2/dict_0002_0252.uasset" 8041
"../../../Engine/Content/EngineMaterials/Substrate/Glints2/dict_0003_0001.uasset" 8042
"../../../Engine/Content/EngineMaterials/Substrate/Glints2/dict_0002_0241.uasset" 8043
"../../../Engine/Content/EngineMaterials/Substrate/Glints2/dict_0003_0003.uasset" 8044
"../../../Engine/Content/EngineMaterials/Substrate/Glints2/dict_0003_0004.uasset" 8045
"../../../Engine/Content/EngineMaterials/Substrate/Glints2/dict_0003_0002.uasset" 8046
"../../../Engine/Content/EngineMaterials/Substrate/Glints2/dict_0002_0244.uasset" 8047
"../../../Engine/Content/EngineMaterials/Substrate/Glints2/dict_0003_0005.uasset" 8048
"/Engine/EngineMaterials/Substrate/Glints2/dict_0002_0238" 8049
"/Engine/EngineMaterials/Substrate/Glints2/dict_0002_0237" 8050
"/Engine/EngineMaterials/Substrate/Glints2/dict_0002_0236" 8051
"/Engine/EngineMaterials/Substrate/Glints2/dict_0002_0235" 8052
"/Engine/EngineMaterials/Substrate/Glints2/dict_0002_0234" 8053
"/Engine/EngineMaterials/Substrate/Glints2/dict_0002_0233" 8054
"/Engine/EngineMaterials/Substrate/Glints2/dict_0002_0232" 8055
"/Engine/EngineMaterials/Substrate/Glints2/dict_0002_0231" 8056
"/Engine/EngineMaterials/Substrate/Glints2/dict_0002_0240" 8057
"/Engine/EngineMaterials/Substrate/Glints2/dict_0002_0228" 8058
"../../../Engine/Content/EngineMaterials/Substrate/Glints2/dict_0003_0006.uasset" 8059
"../../../Engine/Content/EngineMaterials/Substrate/Glints2/dict_0003_0009.uasset" 8060
"../../../Engine/Content/EngineMaterials/Substrate/Glints2/dict_0003_0011.uasset" 8061
"../../../Engine/Content/EngineMaterials/Substrate/Glints2/dict_0003_0012.uasset" 8062
"../../../Engine/Content/EngineMaterials/Substrate/Glints2/dict_0003_0013.uasset" 8063
"../../../Engine/Content/EngineMaterials/Substrate/Glints2/dict_0003_0014.uasset" 8064
"../../../Engine/Content/EngineMaterials/Substrate/Glints2/dict_0003_0007.uasset" 8065
"../../../Engine/Content/EngineMaterials/Substrate/Glints2/dict_0003_0016.uasset" 8066
"../../../Engine/Content/EngineMaterials/Substrate/Glints2/dict_0003_0010.uasset" 8067
"../../../Engine/Content/EngineMaterials/Substrate/Glints2/dict_0003_0015.uasset" 8068
"/Engine/EngineMaterials/Substrate/Glints2/dict_0003_0005" 8069
"../../../Engine/Content/EngineMaterials/Substrate/Glints2/dict_0003_0008.uasset" 8070
"/Engine/EngineMaterials/Substrate/Glints2/dict_0003_0004" 8071
"/Engine/EngineMaterials/Substrate/Glints2/dict_0003_0003" 8072
"/Engine/EngineMaterials/Substrate/Glints2/dict_0003_0002" 8073
"/Engine/EngineMaterials/Substrate/Glints2/dict_0003_0001" 8074
"/Engine/EngineMaterials/Substrate/Glints2/dict_0003_0000" 8075
"/Engine/EngineMaterials/Substrate/Glints2/dict_0002_0255" 8076
"/Engine/EngineMaterials/Substrate/Glints2/dict_0002_0254" 8077
"/Engine/EngineMaterials/Substrate/Glints2/dict_0002_0253" 8078
"/Engine/EngineMaterials/Substrate/Glints2/dict_0002_0252" 8079
"/Engine/EngineMaterials/Substrate/Glints2/dict_0002_0251" 8080
"/Engine/EngineMaterials/Substrate/Glints2/dict_0002_0250" 8081
"/Engine/EngineMaterials/Substrate/Glints2/dict_0002_0249" 8082
"/Engine/EngineMaterials/Substrate/Glints2/dict_0002_0248" 8083
"/Engine/EngineMaterials/Substrate/Glints2/dict_0002_0247" 8084
"/Engine/EngineMaterials/Substrate/Glints2/dict_0002_0246" 8085
"/Engine/EngineMaterials/Substrate/Glints2/dict_0002_0245" 8086
"/Engine/EngineMaterials/Substrate/Glints2/dict_0002_0244" 8087
"/Engine/EngineMaterials/Substrate/Glints2/dict_0002_0243" 8088
"/Engine/EngineMaterials/Substrate/Glints2/dict_0002_0242" 8089
"/Engine/EngineMaterials/Substrate/Glints2/dict_0003_0011" 8090
"/Engine/EngineMaterials/Substrate/Glints2/dict_0003_0009" 8091
"/Engine/EngineMaterials/Substrate/Glints2/dict_0002_0241" 8092
"/Engine/EngineMaterials/Substrate/Glints2/dict_0003_0006" 8093
"/Engine/EngineMaterials/Substrate/Glints2/dict_0003_0016" 8094
"../../../Engine/Content/EngineMaterials/Substrate/Glints2/dict_0003_0020.uasset" 8095
"../../../Engine/Content/EngineMaterials/Substrate/Glints2/dict_0003_0022.uasset" 8096
"../../../Engine/Content/EngineMaterials/Substrate/Glints2/dict_0003_0023.uasset" 8097
"../../../Engine/Content/EngineMaterials/Substrate/Glints2/dict_0003_0025.uasset" 8098
"../../../Engine/Content/EngineMaterials/Substrate/Glints2/dict_0003_0024.uasset" 8099
"../../../Engine/Content/EngineMaterials/Substrate/Glints2/dict_0003_0026.uasset" 8100
"../../../Engine/Content/EngineMaterials/Substrate/Glints2/dict_0003_0027.uasset" 8101
"../../../Engine/Content/EngineMaterials/Substrate/Glints2/dict_0003_0028.uasset" 8102
"../../../Engine/Content/EngineMaterials/Substrate/Glints2/dict_0003_0029.uasset" 8103
"../../../Engine/Content/EngineMaterials/Substrate/Glints2/dict_0003_0030.uasset" 8104
"../../../Engine/Content/EngineMaterials/Substrate/Glints2/dict_0003_0031.uasset" 8105
"../../../Engine/Content/EngineMaterials/Substrate/Glints2/dict_0003_0032.uasset" 8106
"../../../Engine/Content/EngineMaterials/Substrate/Glints2/dict_0003_0017.uasset" 8107
"/Engine/EngineMaterials/Substrate/Glints2/dict_0003_0015" 8108
"../../../Engine/Content/EngineMaterials/Substrate/Glints2/dict_0003_0033.uasset" 8109
"../../../Engine/Content/EngineMaterials/Substrate/Glints2/dict_0003_0035.uasset" 8110
"../../../Engine/Content/EngineMaterials/Substrate/Glints2/dict_0003_0019.uasset" 8111
"../../../Engine/Content/EngineMaterials/Substrate/Glints2/dict_0003_0021.uasset" 8112
"../../../Engine/Content/EngineMaterials/Substrate/Glints2/dict_0003_0018.uasset" 8113
"../../../Engine/Content/EngineMaterials/Substrate/Glints2/dict_0003_0038.uasset" 8114
"../../../Engine/Content/EngineMaterials/Substrate/Glints2/dict_0003_0037.uasset" 8115
"../../../Engine/Content/EngineMaterials/Substrate/Glints2/dict_0003_0039.uasset" 8116
"../../../Engine/Content/EngineMaterials/Substrate/Glints2/dict_0003_0040.uasset" 8117
"../../../Engine/Content/EngineMaterials/Substrate/Glints2/dict_0003_0034.uasset" 8118
"../../../Engine/Content/EngineMaterials/Substrate/Glints2/dict_0003_0036.uasset" 8119
"/Engine/EngineMaterials/Substrate/Glints2/dict_0003_0014" 8120
"/Engine/EngineMaterials/Substrate/Glints2/dict_0003_0013" 8121
"/Engine/EngineMaterials/Substrate/Glints2/dict_0003_0012" 8122
"/Engine/EngineMaterials/Substrate/Glints2/dict_0003_0010" 8123
"/Engine/EngineMaterials/Substrate/Glints2/dict_0003_0008" 8124
"/Engine/EngineMaterials/Substrate/Glints2/dict_0003_0007" 8125
"../../../Engine/Content/EngineMaterials/Substrate/Glints2/dict_0003_0041.uasset" 8126
"../../../Engine/Content/EngineMaterials/Substrate/Glints2/dict_0003_0043.uasset" 8127
"../../../Engine/Content/EngineMaterials/Substrate/Glints2/dict_0003_0044.uasset" 8128
"../../../Engine/Content/EngineMaterials/Substrate/Glints2/dict_0003_0045.uasset" 8129
"../../../Engine/Content/EngineMaterials/Substrate/Glints2/dict_0003_0046.uasset" 8130
"../../../Engine/Content/EngineMaterials/Substrate/Glints2/dict_0003_0047.uasset" 8131
"../../../Engine/Content/EngineMaterials/Substrate/Glints2/dict_0003_0042.uasset" 8132
"../../../Engine/Content/EngineMaterials/Substrate/Glints2/dict_0003_0048.uasset" 8133
"/Engine/EngineMaterials/Substrate/Glints2/dict_0003_0040" 8134
"/Engine/EngineMaterials/Substrate/Glints2/dict_0003_0039" 8135
"/Engine/EngineMaterials/Substrate/Glints2/dict_0003_0038" 8136
"/Engine/EngineMaterials/Substrate/Glints2/dict_0003_0037" 8137
"/Engine/EngineMaterials/Substrate/Glints2/dict_0003_0036" 8138
"/Engine/EngineMaterials/Substrate/Glints2/dict_0003_0035" 8139
"/Engine/EngineMaterials/Substrate/Glints2/dict_0003_0034" 8140
"/Engine/EngineMaterials/Substrate/Glints2/dict_0003_0033" 8141
"/Engine/EngineMaterials/Substrate/Glints2/dict_0003_0032" 8142
"/Engine/EngineMaterials/Substrate/Glints2/dict_0003_0031" 8143
"/Engine/EngineMaterials/Substrate/Glints2/dict_0003_0030" 8144
"/Engine/EngineMaterials/Substrate/Glints2/dict_0003_0029" 8145
"/Engine/EngineMaterials/Substrate/Glints2/dict_0003_0028" 8146
"/Engine/EngineMaterials/Substrate/Glints2/dict_0003_0027" 8147
"/Engine/EngineMaterials/Substrate/Glints2/dict_0003_0026" 8148
"/Engine/EngineMaterials/Substrate/Glints2/dict_0003_0025" 8149
"/Engine/EngineMaterials/Substrate/Glints2/dict_0003_0024" 8150
"/Engine/EngineMaterials/Substrate/Glints2/dict_0003_0023" 8151
"/Engine/EngineMaterials/Substrate/Glints2/dict_0003_0022" 8152
"/Engine/EngineMaterials/Substrate/Glints2/dict_0003_0044" 8153
"/Engine/EngineMaterials/Substrate/Glints2/dict_0003_0021" 8154
"/Engine/EngineMaterials/Substrate/Glints2/dict_0003_0020" 8155
"/Engine/EngineMaterials/Substrate/Glints2/dict_0003_0043" 8156
"/Engine/EngineMaterials/Substrate/Glints2/dict_0003_0019" 8157
"/Engine/EngineMaterials/Substrate/Glints2/dict_0003_0018" 8158
"/Engine/EngineMaterials/Substrate/Glints2/dict_0003_0041" 8159
"/Engine/EngineMaterials/Substrate/Glints2/dict_0003_0017" 8160
"../../../Engine/Content/EngineMaterials/Substrate/Glints2/dict_0003_0049.uasset" 8161
"../../../Engine/Content/EngineMaterials/Substrate/Glints2/dict_0003_0052.uasset" 8162
"../../../Engine/Content/EngineMaterials/Substrate/Glints2/dict_0003_0051.uasset" 8163
"../../../Engine/Content/EngineMaterials/Substrate/Glints2/dict_0003_0055.uasset" 8164
"../../../Engine/Content/EngineMaterials/Substrate/Glints2/dict_0003_0056.uasset" 8165
"../../../Engine/Content/EngineMaterials/Substrate/Glints2/dict_0003_0057.uasset" 8166
"../../../Engine/Content/EngineMaterials/Substrate/Glints2/dict_0003_0054.uasset" 8167
"../../../Engine/Content/EngineMaterials/Substrate/Glints2/dict_0003_0059.uasset" 8168
"../../../Engine/Content/EngineMaterials/Substrate/Glints2/dict_0003_0058.uasset" 8169
"../../../Engine/Content/EngineMaterials/Substrate/Glints2/dict_0003_0061.uasset" 8170
"../../../Engine/Content/EngineMaterials/Substrate/Glints2/dict_0003_0063.uasset" 8171
"../../../Engine/Content/EngineMaterials/Substrate/Glints2/dict_0003_0064.uasset" 8172
"../../../Engine/Content/EngineMaterials/Substrate/Glints2/dict_0003_0062.uasset" 8173
"../../../Engine/Content/EngineMaterials/Substrate/Glints2/dict_0003_0066.uasset" 8174
"../../../Engine/Content/EngineMaterials/Substrate/Glints2/dict_0003_0065.uasset" 8175
"../../../Engine/Content/EngineMaterials/Substrate/Glints2/dict_0003_0067.uasset" 8176
"/Engine/EngineMaterials/Substrate/Glints2/dict_0003_0048" 8177
"../../../Engine/Content/EngineMaterials/Substrate/Glints2/dict_0003_0069.uasset" 8178
"../../../Engine/Content/EngineMaterials/Substrate/Glints2/dict_0003_0053.uasset" 8179
"../../../Engine/Content/EngineMaterials/Substrate/Glints2/dict_0003_0068.uasset" 8180
"../../../Engine/Content/EngineMaterials/Substrate/Glints2/dict_0003_0072.uasset" 8181
"../../../Engine/Content/EngineMaterials/Substrate/Glints2/dict_0003_0073.uasset" 8182
"../../../Engine/Content/EngineMaterials/Substrate/Glints2/dict_0003_0074.uasset" 8183
"../../../Engine/Content/EngineMaterials/Substrate/Glints2/dict_0003_0071.uasset" 8184
"../../../Engine/Content/EngineMaterials/Substrate/Glints2/dict_0003_0050.uasset" 8185
"../../../Engine/Content/EngineMaterials/Substrate/Glints2/dict_0003_0060.uasset" 8186
"../../../Engine/Content/EngineMaterials/Substrate/Glints2/dict_0003_0070.uasset" 8187
"/Engine/EngineMaterials/Substrate/Glints2/dict_0003_0047" 8188
"../../../Engine/Content/EngineMaterials/Substrate/Glints2/dict_0003_0075.uasset" 8189
"/Engine/EngineMaterials/Substrate/Glints2/dict_0003_0046" 8190
"/Engine/EngineMaterials/Substrate/Glints2/dict_0003_0045" 8191
"/Engine/EngineMaterials/Substrate/Glints2/dict_0003_0056" 8192
"/Engine/EngineMaterials/Substrate/Glints2/dict_0003_0055" 8193
"/Engine/EngineMaterials/Substrate/Glints2/dict_0003_0052" 8194
"/Engine/EngineMaterials/Substrate/Glints2/dict_0003_0042" 8195
"/Engine/EngineMaterials/Substrate/Glints2/dict_0003_0051" 8196
"/Engine/EngineMaterials/Substrate/Glints2/dict_0003_0049" 8197
"../../../Engine/Content/EngineMaterials/Substrate/Glints2/dict_0003_0077.uasset" 8198
"../../../Engine/Content/EngineMaterials/Substrate/Glints2/dict_0003_0079.uasset" 8199
"../../../Engine/Content/EngineMaterials/Substrate/Glints2/dict_0003_0081.uasset" 8200
"../../../Engine/Content/EngineMaterials/Substrate/Glints2/dict_0003_0080.uasset" 8201
"../../../Engine/Content/EngineMaterials/Substrate/Glints2/dict_0003_0082.uasset" 8202
"../../../Engine/Content/EngineMaterials/Substrate/Glints2/dict_0003_0083.uasset" 8203
"../../../Engine/Content/EngineMaterials/Substrate/Glints2/dict_0003_0076.uasset" 8204
"../../../Engine/Content/EngineMaterials/Substrate/Glints2/dict_0003_0085.uasset" 8205
"/Engine/EngineMaterials/Substrate/Glints2/dict_0003_0075" 8206
"../../../Engine/Content/EngineMaterials/Substrate/Glints2/dict_0003_0084.uasset" 8207
"../../../Engine/Content/EngineMaterials/Substrate/Glints2/dict_0003_0078.uasset" 8208
"/Engine/EngineMaterials/Substrate/Glints2/dict_0003_0074" 8209
"/Engine/EngineMaterials/Substrate/Glints2/dict_0003_0073" 8210
"/Engine/EngineMaterials/Substrate/Glints2/dict_0003_0072" 8211
"/Engine/EngineMaterials/Substrate/Glints2/dict_0003_0071" 8212
"/Engine/EngineMaterials/Substrate/Glints2/dict_0003_0070" 8213
"/Engine/EngineMaterials/Substrate/Glints2/dict_0003_0069" 8214
"/Engine/EngineMaterials/Substrate/Glints2/dict_0003_0068" 8215
"/Engine/EngineMaterials/Substrate/Glints2/dict_0003_0067" 8216
"/Engine/EngineMaterials/Substrate/Glints2/dict_0003_0066" 8217
"/Engine/EngineMaterials/Substrate/Glints2/dict_0003_0065" 8218
"/Engine/EngineMaterials/Substrate/Glints2/dict_0003_0064" 8219
"/Engine/EngineMaterials/Substrate/Glints2/dict_0003_0063" 8220
"/Engine/EngineMaterials/Substrate/Glints2/dict_0003_0062" 8221
"/Engine/EngineMaterials/Substrate/Glints2/dict_0003_0061" 8222
"/Engine/EngineMaterials/Substrate/Glints2/dict_0003_0060" 8223
"/Engine/EngineMaterials/Substrate/Glints2/dict_0003_0059" 8224
"/Engine/EngineMaterials/Substrate/Glints2/dict_0003_0058" 8225
"/Engine/EngineMaterials/Substrate/Glints2/dict_0003_0057" 8226
"/Engine/EngineMaterials/Substrate/Glints2/dict_0003_0081" 8227
"/Engine/EngineMaterials/Substrate/Glints2/dict_0003_0080" 8228
"/Engine/EngineMaterials/Substrate/Glints2/dict_0003_0054" 8229
"/Engine/EngineMaterials/Substrate/Glints2/dict_0003_0053" 8230
"/Engine/EngineMaterials/Substrate/Glints2/dict_0003_0079" 8231
"/Engine/EngineMaterials/Substrate/Glints2/dict_0003_0077" 8232
"/Engine/EngineMaterials/Substrate/Glints2/dict_0003_0050" 8233
"../../../Engine/Content/EngineMaterials/Substrate/Glints2/dict_0003_0089.uasset" 8234
"../../../Engine/Content/EngineMaterials/Substrate/Glints2/dict_0003_0091.uasset" 8235
"../../../Engine/Content/EngineMaterials/Substrate/Glints2/dict_0003_0092.uasset" 8236
"../../../Engine/Content/EngineMaterials/Substrate/Glints2/dict_0003_0095.uasset" 8237
"../../../Engine/Content/EngineMaterials/Substrate/Glints2/dict_0003_0087.uasset" 8238
"../../../Engine/Content/EngineMaterials/Substrate/Glints2/dict_0003_0086.uasset" 8239
"../../../Engine/Content/EngineMaterials/Substrate/Glints2/dict_0003_0097.uasset" 8240
"../../../Engine/Content/EngineMaterials/Substrate/Glints2/dict_0003_0098.uasset" 8241
"../../../Engine/Content/EngineMaterials/Substrate/Glints2/dict_0003_0093.uasset" 8242
"../../../Engine/Content/EngineMaterials/Substrate/Glints2/dict_0003_0088.uasset" 8243
"../../../Engine/Content/EngineMaterials/Substrate/Glints2/dict_0003_0100.uasset" 8244
"../../../Engine/Content/EngineMaterials/Substrate/Glints2/dict_0003_0099.uasset" 8245
"../../../Engine/Content/EngineMaterials/Substrate/Glints2/dict_0003_0102.uasset" 8246
"../../../Engine/Content/EngineMaterials/Substrate/Glints2/dict_0003_0103.uasset" 8247
"../../../Engine/Content/EngineMaterials/Substrate/Glints2/dict_0003_0104.uasset" 8248
"../../../Engine/Content/EngineMaterials/Substrate/Glints2/dict_0003_0096.uasset" 8249
"/Engine/EngineMaterials/Substrate/Glints2/dict_0003_0085" 8250
"../../../Engine/Content/EngineMaterials/Substrate/Glints2/dict_0003_0101.uasset" 8251
"../../../Engine/Content/EngineMaterials/Substrate/Glints2/dict_0003_0108.uasset" 8252
"../../../Engine/Content/EngineMaterials/Substrate/Glints2/dict_0003_0094.uasset" 8253
"../../../Engine/Content/EngineMaterials/Substrate/Glints2/dict_0003_0109.uasset" 8254
"../../../Engine/Content/EngineMaterials/Substrate/Glints2/dict_0003_0105.uasset" 8255
"../../../Engine/Content/EngineMaterials/Substrate/Glints2/dict_0003_0107.uasset" 8256
"../../../Engine/Content/EngineMaterials/Substrate/Glints2/dict_0003_0111.uasset" 8257
"../../../Engine/Content/EngineMaterials/Substrate/Glints2/dict_0003_0106.uasset" 8258
"../../../Engine/Content/EngineMaterials/Substrate/Glints2/dict_0003_0090.uasset" 8259
"../../../Engine/Content/EngineMaterials/Substrate/Glints2/dict_0003_0110.uasset" 8260
"/Engine/EngineMaterials/Substrate/Glints2/dict_0003_0084" 8261
"/Engine/EngineMaterials/Substrate/Glints2/dict_0003_0083" 8262
"/Engine/EngineMaterials/Substrate/Glints2/dict_0003_0082" 8263
"/Engine/EngineMaterials/Substrate/Glints2/dict_0003_0095" 8264
"/Engine/EngineMaterials/Substrate/Glints2/dict_0003_0092" 8265
"/Engine/EngineMaterials/Substrate/Glints2/dict_0003_0091" 8266
"/Engine/EngineMaterials/Substrate/Glints2/dict_0003_0089" 8267
"/Engine/EngineMaterials/Substrate/Glints2/dict_0003_0078" 8268
"/Engine/EngineMaterials/Substrate/Glints2/dict_0003_0087" 8269
"/Engine/EngineMaterials/Substrate/Glints2/dict_0003_0086" 8270
"/Engine/EngineMaterials/Substrate/Glints2/dict_0003_0076" 8271
"../../../Engine/Content/EngineMaterials/Substrate/Glints2/dict_0003_0113.uasset" 8272
"../../../Engine/Content/EngineMaterials/Substrate/Glints2/dict_0003_0116.uasset" 8273
"../../../Engine/Content/EngineMaterials/Substrate/Glints2/dict_0003_0112.uasset" 8274
"../../../Engine/Content/EngineMaterials/Substrate/Glints2/dict_0003_0117.uasset" 8275
"../../../Engine/Content/EngineMaterials/Substrate/Glints2/dict_0003_0114.uasset" 8276
"../../../Engine/Content/EngineMaterials/Substrate/Glints2/dict_0003_0119.uasset" 8277
"../../../Engine/Content/EngineMaterials/Substrate/Glints2/dict_0003_0120.uasset" 8278
"../../../Engine/Content/EngineMaterials/Substrate/Glints2/dict_0003_0121.uasset" 8279
"../../../Engine/Content/EngineMaterials/Substrate/Glints2/dict_0003_0123.uasset" 8280
"../../../Engine/Content/EngineMaterials/Substrate/Glints2/dict_0003_0122.uasset" 8281
"../../../Engine/Content/EngineMaterials/Substrate/Glints2/dict_0003_0118.uasset" 8282
"../../../Engine/Content/EngineMaterials/Substrate/Glints2/dict_0003_0115.uasset" 8283
"/Engine/EngineMaterials/Substrate/Glints2/dict_0003_0111" 8284
"/Engine/EngineMaterials/Substrate/Glints2/dict_0003_0110" 8285
"/Engine/EngineMaterials/Substrate/Glints2/dict_0003_0109" 8286
"/Engine/EngineMaterials/Substrate/Glints2/dict_0003_0108" 8287
"/Engine/EngineMaterials/Substrate/Glints2/dict_0003_0107" 8288
"/Engine/EngineMaterials/Substrate/Glints2/dict_0003_0106" 8289
"/Engine/EngineMaterials/Substrate/Glints2/dict_0003_0105" 8290
"/Engine/EngineMaterials/Substrate/Glints2/dict_0003_0104" 8291
"/Engine/EngineMaterials/Substrate/Glints2/dict_0003_0103" 8292
"/Engine/EngineMaterials/Substrate/Glints2/dict_0003_0102" 8293
"/Engine/EngineMaterials/Substrate/Glints2/dict_0003_0101" 8294
"/Engine/EngineMaterials/Substrate/Glints2/dict_0003_0100" 8295
"/Engine/EngineMaterials/Substrate/Glints2/dict_0003_0099" 8296
"/Engine/EngineMaterials/Substrate/Glints2/dict_0003_0098" 8297
"/Engine/EngineMaterials/Substrate/Glints2/dict_0003_0097" 8298
"/Engine/EngineMaterials/Substrate/Glints2/dict_0003_0096" 8299
"/Engine/EngineMaterials/Substrate/Glints2/dict_0003_0119" 8300
"/Engine/EngineMaterials/Substrate/Glints2/dict_0003_0094" 8301
"/Engine/EngineMaterials/Substrate/Glints2/dict_0003_0093" 8302
"/Engine/EngineMaterials/Substrate/Glints2/dict_0003_0117" 8303
"/Engine/EngineMaterials/Substrate/Glints2/dict_0003_0090" 8304
"/Engine/EngineMaterials/Substrate/Glints2/dict_0003_0116" 8305
"/Engine/EngineMaterials/Substrate/Glints2/dict_0003_0088" 8306
"/Engine/EngineMaterials/Substrate/Glints2/dict_0003_0114" 8307
"/Engine/EngineMaterials/Substrate/Glints2/dict_0003_0113" 8308
"/Engine/EngineMaterials/Substrate/Glints2/dict_0003_0112" 8309
"../../../Engine/Content/EngineMaterials/Substrate/Glints2/dict_0003_0124.uasset" 8310
"../../../Engine/Content/EngineMaterials/Substrate/Glints2/dict_0003_0128.uasset" 8311
"../../../Engine/Content/EngineMaterials/Substrate/Glints2/dict_0003_0125.uasset" 8312
"../../../Engine/Content/EngineMaterials/Substrate/Glints2/dict_0003_0130.uasset" 8313
"../../../Engine/Content/EngineMaterials/Substrate/Glints2/dict_0003_0129.uasset" 8314
"../../../Engine/Content/EngineMaterials/Substrate/Glints2/dict_0003_0135.uasset" 8315
"../../../Engine/Content/EngineMaterials/Substrate/Glints2/dict_0003_0133.uasset" 8316
"../../../Engine/Content/EngineMaterials/Substrate/Glints2/dict_0003_0127.uasset" 8317
"../../../Engine/Content/EngineMaterials/Substrate/Glints2/dict_0003_0132.uasset" 8318
"../../../Engine/Content/EngineMaterials/Substrate/Glints2/dict_0003_0140.uasset" 8319
"../../../Engine/Content/EngineMaterials/Substrate/Glints2/dict_0003_0137.uasset" 8320
"../../../Engine/Content/EngineMaterials/Substrate/Glints2/dict_0003_0131.uasset" 8321
"../../../Engine/Content/EngineMaterials/Substrate/Glints2/dict_0003_0136.uasset" 8322
"/Engine/EngineMaterials/Substrate/Glints2/dict_0003_0123" 8323
"../../../Engine/Content/EngineMaterials/Substrate/Glints2/dict_0003_0141.uasset" 8324
"../../../Engine/Content/EngineMaterials/Substrate/Glints2/dict_0003_0143.uasset" 8325
"../../../Engine/Content/EngineMaterials/Substrate/Glints2/dict_0003_0144.uasset" 8326
"../../../Engine/Content/EngineMaterials/Substrate/Glints2/dict_0003_0145.uasset" 8327
"../../../Engine/Content/EngineMaterials/Substrate/Glints2/dict_0003_0146.uasset" 8328
"../../../Engine/Content/EngineMaterials/Substrate/Glints2/dict_0003_0139.uasset" 8329
"../../../Engine/Content/EngineMaterials/Substrate/Glints2/dict_0003_0147.uasset" 8330
"../../../Engine/Content/EngineMaterials/Substrate/Glints2/dict_0003_0149.uasset" 8331
"../../../Engine/Content/EngineMaterials/Substrate/Glints2/dict_0003_0126.uasset" 8332
"../../../Engine/Content/EngineMaterials/Substrate/Glints2/dict_0003_0142.uasset" 8333
"../../../Engine/Content/EngineMaterials/Substrate/Glints2/dict_0003_0138.uasset" 8334
"../../../Engine/Content/EngineMaterials/Substrate/Glints2/dict_0003_0148.uasset" 8335
"../../../Engine/Content/EngineMaterials/Substrate/Glints2/dict_0003_0134.uasset" 8336
"/Engine/EngineMaterials/Substrate/Glints2/dict_0003_0122" 8337
"/Engine/EngineMaterials/Substrate/Glints2/dict_0003_0121" 8338
"/Engine/EngineMaterials/Substrate/Glints2/dict_0003_0120" 8339
"/Engine/EngineMaterials/Substrate/Glints2/dict_0003_0118" 8340
"/Engine/EngineMaterials/Substrate/Glints2/dict_0003_0130" 8341
"/Engine/EngineMaterials/Substrate/Glints2/dict_0003_0129" 8342
"/Engine/EngineMaterials/Substrate/Glints2/dict_0003_0128" 8343
"/Engine/EngineMaterials/Substrate/Glints2/dict_0003_0115" 8344
"/Engine/EngineMaterials/Substrate/Glints2/dict_0003_0125" 8345
"/Engine/EngineMaterials/Substrate/Glints2/dict_0003_0124" 8346
"../../../Engine/Content/EngineMaterials/Substrate/Glints2/dict_0003_0151.uasset" 8347
"../../../Engine/Content/EngineMaterials/Substrate/Glints2/dict_0003_0154.uasset" 8348
"../../../Engine/Content/EngineMaterials/Substrate/Glints2/dict_0003_0153.uasset" 8349
"../../../Engine/Content/EngineMaterials/Substrate/Glints2/dict_0003_0155.uasset" 8350
"../../../Engine/Content/EngineMaterials/Substrate/Glints2/dict_0003_0157.uasset" 8351
"/Engine/EngineMaterials/Substrate/Glints2/dict_0003_0149" 8352
"../../../Engine/Content/EngineMaterials/Substrate/Glints2/dict_0003_0160.uasset" 8353
"../../../Engine/Content/EngineMaterials/Substrate/Glints2/dict_0003_0150.uasset" 8354
"../../../Engine/Content/EngineMaterials/Substrate/Glints2/dict_0003_0158.uasset" 8355
"../../../Engine/Content/EngineMaterials/Substrate/Glints2/dict_0003_0156.uasset" 8356
"../../../Engine/Content/EngineMaterials/Substrate/Glints2/dict_0003_0152.uasset" 8357
"../../../Engine/Content/EngineMaterials/Substrate/Glints2/dict_0003_0159.uasset" 8358
"/Engine/EngineMaterials/Substrate/Glints2/dict_0003_0148" 8359
"/Engine/EngineMaterials/Substrate/Glints2/dict_0003_0147" 8360
"/Engine/EngineMaterials/Substrate/Glints2/dict_0003_0146" 8361
"/Engine/EngineMaterials/Substrate/Glints2/dict_0003_0145" 8362
"/Engine/EngineMaterials/Substrate/Glints2/dict_0003_0144" 8363
"/Engine/EngineMaterials/Substrate/Glints2/dict_0003_0143" 8364
"/Engine/EngineMaterials/Substrate/Glints2/dict_0003_0142" 8365
"/Engine/EngineMaterials/Substrate/Glints2/dict_0003_0141" 8366
"/Engine/EngineMaterials/Substrate/Glints2/dict_0003_0140" 8367
"/Engine/EngineMaterials/Substrate/Glints2/dict_0003_0139" 8368
"/Engine/EngineMaterials/Substrate/Glints2/dict_0003_0138" 8369
"/Engine/EngineMaterials/Substrate/Glints2/dict_0003_0137" 8370
"/Engine/EngineMaterials/Substrate/Glints2/dict_0003_0136" 8371
"/Engine/EngineMaterials/Substrate/Glints2/dict_0003_0135" 8372
"/Engine/EngineMaterials/Substrate/Glints2/dict_0003_0134" 8373
"/Engine/EngineMaterials/Substrate/Glints2/dict_0003_0133" 8374
"/Engine/EngineMaterials/Substrate/Glints2/dict_0003_0132" 8375
"/Engine/EngineMaterials/Substrate/Glints2/dict_0003_0131" 8376
"/Engine/EngineMaterials/Substrate/Glints2/dict_0003_0127" 8377
"/Engine/EngineMaterials/Substrate/Glints2/dict_0003_0126" 8378
"../../../Engine/Content/EngineMaterials/Substrate/Glints2/dict_0003_0161.uasset" 8379
"../../../Engine/Content/EngineMaterials/Substrate/Glints2/dict_0003_0168.uasset" 8380
"../../../Engine/Content/EngineMaterials/Substrate/Glints2/dict_0003_0165.uasset" 8381
"../../../Engine/Content/EngineMaterials/Substrate/Glints2/dict_0003_0166.uasset" 8382
"../../../Engine/Content/EngineMaterials/Substrate/Glints2/dict_0003_0164.uasset" 8383
"../../../Engine/Content/EngineMaterials/Substrate/Glints2/dict_0003_0162.uasset" 8384
"../../../Engine/Content/EngineMaterials/Substrate/Glints2/dict_0003_0167.uasset" 8385
"../../../Engine/Content/EngineMaterials/Substrate/Glints2/dict_0003_0163.uasset" 8386
"../../../Engine/Content/EngineMaterials/Substrate/Glints2/dict_0003_0169.uasset" 8387
"../../../Engine/Content/EngineMaterials/Substrate/Glints2/dict_0003_0175.uasset" 8388
"../../../Engine/Content/EngineMaterials/Substrate/Glints2/dict_0003_0171.uasset" 8389
"../../../Engine/Content/EngineMaterials/Substrate/Glints2/dict_0003_0176.uasset" 8390
"../../../Engine/Content/EngineMaterials/Substrate/Glints2/dict_0003_0172.uasset" 8391
"../../../Engine/Content/EngineMaterials/Substrate/Glints2/dict_0003_0177.uasset" 8392
"../../../Engine/Content/EngineMaterials/Substrate/Glints2/dict_0003_0170.uasset" 8393
"../../../Engine/Content/EngineMaterials/Substrate/Glints2/dict_0003_0178.uasset" 8394
"../../../Engine/Content/EngineMaterials/Substrate/Glints2/dict_0003_0179.uasset" 8395
"../../../Engine/Content/EngineMaterials/Substrate/Glints2/dict_0003_0180.uasset" 8396
"../../../Engine/Content/EngineMaterials/Substrate/Glints2/dict_0003_0174.uasset" 8397
"../../../Engine/Content/EngineMaterials/Substrate/Glints2/dict_0003_0173.uasset" 8398
"/Engine/EngineMaterials/Substrate/Glints2/dict_0003_0160" 8399
"../../../Engine/Content/EngineMaterials/Substrate/Glints2/dict_0003_0181.uasset" 8400
"/Engine/EngineMaterials/Substrate/Glints2/dict_0003_0159" 8401
"/Engine/EngineMaterials/Substrate/Glints2/dict_0003_0158" 8402
"/Engine/EngineMaterials/Substrate/Glints2/dict_0003_0168" 8403
"/Engine/EngineMaterials/Substrate/Glints2/dict_0003_0157" 8404
"/Engine/EngineMaterials/Substrate/Glints2/dict_0003_0166" 8405
"/Engine/EngineMaterials/Substrate/Glints2/dict_0003_0165" 8406
"/Engine/EngineMaterials/Substrate/Glints2/dict_0003_0156" 8407
"/Engine/EngineMaterials/Substrate/Glints2/dict_0003_0155" 8408
"/Engine/EngineMaterials/Substrate/Glints2/dict_0003_0154" 8409
"/Engine/EngineMaterials/Substrate/Glints2/dict_0003_0153" 8410
"/Engine/EngineMaterials/Substrate/Glints2/dict_0003_0152" 8411
"/Engine/EngineMaterials/Substrate/Glints2/dict_0003_0161" 8412
"/Engine/EngineMaterials/Substrate/Glints2/dict_0003_0151" 8413
"/Engine/EngineMaterials/Substrate/Glints2/dict_0003_0150" 8414
"../../../Engine/Content/EngineMaterials/Substrate/Glints2/dict_0003_0182.uasset" 8415
"../../../Engine/Content/EngineMaterials/Substrate/Glints2/dict_0003_0186.uasset" 8416
"../../../Engine/Content/EngineMaterials/Substrate/Glints2/dict_0003_0185.uasset" 8417
"../../../Engine/Content/EngineMaterials/Substrate/Glints2/dict_0003_0187.uasset" 8418
"../../../Engine/Content/EngineMaterials/Substrate/Glints2/dict_0003_0188.uasset" 8419
"../../../Engine/Content/EngineMaterials/Substrate/Glints2/dict_0003_0189.uasset" 8420
"/Engine/EngineMaterials/Substrate/Glints2/dict_0003_0181" 8421
"../../../Engine/Content/EngineMaterials/Substrate/Glints2/dict_0003_0191.uasset" 8422
"../../../Engine/Content/EngineMaterials/Substrate/Glints2/dict_0003_0190.uasset" 8423
"../../../Engine/Content/EngineMaterials/Substrate/Glints2/dict_0003_0192.uasset" 8424
"../../../Engine/Content/EngineMaterials/Substrate/Glints2/dict_0003_0193.uasset" 8425
"../../../Engine/Content/EngineMaterials/Substrate/Glints2/dict_0003_0194.uasset" 8426
"../../../Engine/Content/EngineMaterials/Substrate/Glints2/dict_0003_0195.uasset" 8427
"../../../Engine/Content/EngineMaterials/Substrate/Glints2/dict_0003_0196.uasset" 8428
"../../../Engine/Content/EngineMaterials/Substrate/Glints2/dict_0003_0184.uasset" 8429
"../../../Engine/Content/EngineMaterials/Substrate/Glints2/dict_0003_0183.uasset" 8430
"/Engine/EngineMaterials/Substrate/Glints2/dict_0003_0180" 8431
"/Engine/EngineMaterials/Substrate/Glints2/dict_0003_0179" 8432
"/Engine/EngineMaterials/Substrate/Glints2/dict_0003_0178" 8433
"/Engine/EngineMaterials/Substrate/Glints2/dict_0003_0177" 8434
"/Engine/EngineMaterials/Substrate/Glints2/dict_0003_0176" 8435
"/Engine/EngineMaterials/Substrate/Glints2/dict_0003_0175" 8436
"/Engine/EngineMaterials/Substrate/Glints2/dict_0003_0174" 8437
"/Engine/EngineMaterials/Substrate/Glints2/dict_0003_0173" 8438
"/Engine/EngineMaterials/Substrate/Glints2/dict_0003_0172" 8439
"/Engine/EngineMaterials/Substrate/Glints2/dict_0003_0171" 8440
"/Engine/EngineMaterials/Substrate/Glints2/dict_0003_0170" 8441
"/Engine/EngineMaterials/Substrate/Glints2/dict_0003_0169" 8442
"/Engine/EngineMaterials/Substrate/Glints2/dict_0003_0167" 8443
"/Engine/EngineMaterials/Substrate/Glints2/dict_0003_0164" 8444
"/Engine/EngineMaterials/Substrate/Glints2/dict_0003_0163" 8445
"/Engine/EngineMaterials/Substrate/Glints2/dict_0003_0186" 8446
"/Engine/EngineMaterials/Substrate/Glints2/dict_0003_0162" 8447
"/Engine/EngineMaterials/Substrate/Glints2/dict_0003_0185" 8448
"/Engine/EngineMaterials/Substrate/Glints2/dict_0003_0182" 8449
"../../../Engine/Content/EngineMaterials/Substrate/Glints2/dict_0003_0198.uasset" 8450
"../../../Engine/Content/EngineMaterials/Substrate/Glints2/dict_0003_0200.uasset" 8451
"../../../Engine/Content/EngineMaterials/Substrate/Glints2/dict_0003_0197.uasset" 8452
"../../../Engine/Content/EngineMaterials/Substrate/Glints2/dict_0003_0202.uasset" 8453
"../../../Engine/Content/EngineMaterials/Substrate/Glints2/dict_0003_0203.uasset" 8454
"../../../Engine/Content/EngineMaterials/Substrate/Glints2/dict_0003_0204.uasset" 8455
"../../../Engine/Content/EngineMaterials/Substrate/Glints2/dict_0003_0205.uasset" 8456
"../../../Engine/Content/EngineMaterials/Substrate/Glints2/dict_0003_0207.uasset" 8457
"../../../Engine/Content/EngineMaterials/Substrate/Glints2/dict_0003_0206.uasset" 8458
"../../../Engine/Content/EngineMaterials/Substrate/Glints2/dict_0003_0209.uasset" 8459
"../../../Engine/Content/EngineMaterials/Substrate/Glints2/dict_0003_0210.uasset" 8460
"../../../Engine/Content/EngineMaterials/Substrate/Glints2/dict_0003_0201.uasset" 8461
"../../../Engine/Content/EngineMaterials/Substrate/Glints2/dict_0003_0211.uasset" 8462
"../../../Engine/Content/EngineMaterials/Substrate/Glints2/dict_0003_0208.uasset" 8463
"../../../Engine/Content/EngineMaterials/Substrate/Glints2/dict_0003_0213.uasset" 8464
"../../../Engine/Content/EngineMaterials/Substrate/Glints2/dict_0003_0214.uasset" 8465
"../../../Engine/Content/EngineMaterials/Substrate/Glints2/dict_0003_0212.uasset" 8466
"../../../Engine/Content/EngineMaterials/Substrate/Glints2/dict_0003_0199.uasset" 8467
"../../../Engine/Content/EngineMaterials/Substrate/Glints2/dict_0003_0215.uasset" 8468
"/Engine/EngineMaterials/Substrate/Glints2/dict_0003_0196" 8469
"../../../Engine/Content/EngineMaterials/Substrate/Glints2/dict_0003_0216.uasset" 8470
"/Engine/EngineMaterials/Substrate/Glints2/dict_0003_0195" 8471
"/Engine/EngineMaterials/Substrate/Glints2/dict_0003_0194" 8472
"/Engine/EngineMaterials/Substrate/Glints2/dict_0003_0204" 8473
"/Engine/EngineMaterials/Substrate/Glints2/dict_0003_0193" 8474
"/Engine/EngineMaterials/Substrate/Glints2/dict_0003_0192" 8475
"/Engine/EngineMaterials/Substrate/Glints2/dict_0003_0203" 8476
"/Engine/EngineMaterials/Substrate/Glints2/dict_0003_0191" 8477
"/Engine/EngineMaterials/Substrate/Glints2/dict_0003_0190" 8478
"/Engine/EngineMaterials/Substrate/Glints2/dict_0003_0202" 8479
"/Engine/EngineMaterials/Substrate/Glints2/dict_0003_0189" 8480
"/Engine/EngineMaterials/Substrate/Glints2/dict_0003_0188" 8481
"/Engine/EngineMaterials/Substrate/Glints2/dict_0003_0187" 8482
"/Engine/EngineMaterials/Substrate/Glints2/dict_0003_0200" 8483
"/Engine/EngineMaterials/Substrate/Glints2/dict_0003_0198" 8484
"/Engine/EngineMaterials/Substrate/Glints2/dict_0003_0184" 8485
"/Engine/EngineMaterials/Substrate/Glints2/dict_0003_0183" 8486
"/Engine/EngineMaterials/Substrate/Glints2/dict_0003_0197" 8487
"../../../Engine/Content/EngineMaterials/Substrate/Glints2/dict_0003_0217.uasset" 8488
"../../../Engine/Content/EngineMaterials/Substrate/Glints2/dict_0003_0218.uasset" 8489
"../../../Engine/Content/EngineMaterials/Substrate/Glints2/dict_0003_0222.uasset" 8490
"../../../Engine/Content/EngineMaterials/Substrate/Glints2/dict_0003_0219.uasset" 8491
"../../../Engine/Content/EngineMaterials/Substrate/Glints2/dict_0003_0220.uasset" 8492
"../../../Engine/Content/EngineMaterials/Substrate/Glints2/dict_0003_0221.uasset" 8493
"../../../Engine/Content/EngineMaterials/Substrate/Glints2/dict_0003_0228.uasset" 8494
"../../../Engine/Content/EngineMaterials/Substrate/Glints2/dict_0003_0225.uasset" 8495
"../../../Engine/Content/EngineMaterials/Substrate/Glints2/dict_0003_0229.uasset" 8496
"../../../Engine/Content/EngineMaterials/Substrate/Glints2/dict_0003_0224.uasset" 8497
"../../../Engine/Content/EngineMaterials/Substrate/Glints2/dict_0003_0227.uasset" 8498
"../../../Engine/Content/EngineMaterials/Substrate/Glints2/dict_0003_0231.uasset" 8499
"../../../Engine/Content/EngineMaterials/Substrate/Glints2/dict_0003_0223.uasset" 8500
"../../../Engine/Content/EngineMaterials/Substrate/Glints2/dict_0003_0233.uasset" 8501
"../../../Engine/Content/EngineMaterials/Substrate/Glints2/dict_0003_0230.uasset" 8502
"../../../Engine/Content/EngineMaterials/Substrate/Glints2/dict_0003_0234.uasset" 8503
"../../../Engine/Content/EngineMaterials/Substrate/Glints2/dict_0003_0226.uasset" 8504
"/Engine/EngineMaterials/Substrate/Glints2/dict_0003_0216" 8505
"../../../Engine/Content/EngineMaterials/Substrate/Glints2/dict_0003_0232.uasset" 8506
"/Engine/EngineMaterials/Substrate/Glints2/dict_0003_0215" 8507
"/Engine/EngineMaterials/Substrate/Glints2/dict_0003_0214" 8508
"/Engine/EngineMaterials/Substrate/Glints2/dict_0003_0213" 8509
"/Engine/EngineMaterials/Substrate/Glints2/dict_0003_0212" 8510
"/Engine/EngineMaterials/Substrate/Glints2/dict_0003_0211" 8511
"/Engine/EngineMaterials/Substrate/Glints2/dict_0003_0210" 8512
"/Engine/EngineMaterials/Substrate/Glints2/dict_0003_0209" 8513
"/Engine/EngineMaterials/Substrate/Glints2/dict_0003_0208" 8514
"/Engine/EngineMaterials/Substrate/Glints2/dict_0003_0207" 8515
"/Engine/EngineMaterials/Substrate/Glints2/dict_0003_0206" 8516
"/Engine/EngineMaterials/Substrate/Glints2/dict_0003_0205" 8517
"/Engine/EngineMaterials/Substrate/Glints2/dict_0003_0201" 8518
"/Engine/EngineMaterials/Substrate/Glints2/dict_0003_0222" 8519
"/Engine/EngineMaterials/Substrate/Glints2/dict_0003_0221" 8520
"/Engine/EngineMaterials/Substrate/Glints2/dict_0003_0199" 8521
"/Engine/EngineMaterials/Substrate/Glints2/dict_0003_0220" 8522
"/Engine/EngineMaterials/Substrate/Glints2/dict_0003_0219" 8523
"/Engine/EngineMaterials/Substrate/Glints2/dict_0003_0218" 8524
"/Engine/EngineMaterials/Substrate/Glints2/dict_0003_0217" 8525
"../../../Engine/Content/EngineMaterials/Substrate/Glints2/dict_0003_0237.uasset" 8526
"../../../Engine/Content/EngineMaterials/Substrate/Glints2/dict_0003_0236.uasset" 8527
"../../../Engine/Content/EngineMaterials/Substrate/Glints2/dict_0003_0239.uasset" 8528
"../../../Engine/Content/EngineMaterials/Substrate/Glints2/dict_0003_0240.uasset" 8529
"../../../Engine/Content/EngineMaterials/Substrate/Glints2/dict_0003_0241.uasset" 8530
"/Engine/EngineMaterials/Substrate/Glints2/dict_0003_0234" 8531
"../../../Engine/Content/EngineMaterials/Substrate/Glints2/dict_0003_0242.uasset" 8532
"../../../Engine/Content/EngineMaterials/Substrate/Glints2/dict_0003_0243.uasset" 8533
"../../../Engine/Content/EngineMaterials/Substrate/Glints2/dict_0003_0244.uasset" 8534
"../../../Engine/Content/EngineMaterials/Substrate/Glints2/dict_0003_0245.uasset" 8535
"../../../Engine/Content/EngineMaterials/Substrate/Glints2/dict_0003_0235.uasset" 8536
"../../../Engine/Content/EngineMaterials/Substrate/Glints2/dict_0003_0247.uasset" 8537
"../../../Engine/Content/EngineMaterials/Substrate/Glints2/dict_0003_0248.uasset" 8538
"../../../Engine/Content/EngineMaterials/Substrate/Glints2/dict_0003_0249.uasset" 8539
"../../../Engine/Content/EngineMaterials/Substrate/Glints2/dict_0003_0250.uasset" 8540
"../../../Engine/Content/EngineMaterials/Substrate/Glints2/dict_0003_0251.uasset" 8541
"../../../Engine/Content/EngineMaterials/Substrate/Glints2/dict_0003_0252.uasset" 8542
"../../../Engine/Content/EngineMaterials/Substrate/Glints2/dict_0003_0253.uasset" 8543
"../../../Engine/Content/EngineMaterials/Substrate/Glints2/dict_0003_0254.uasset" 8544
"../../../Engine/Content/EngineMaterials/Substrate/Glints2/dict_0003_0238.uasset" 8545
"/Engine/EngineMaterials/Substrate/Glints2/dict_0003_0233" 8546
"../../../Engine/Content/EngineMaterials/Substrate/Glints2/dict_0003_0246.uasset" 8547
"/Engine/EngineMaterials/Substrate/Glints2/dict_0003_0232" 8548
"/Engine/EngineMaterials/Substrate/Glints2/dict_0003_0231" 8549
"/Engine/EngineMaterials/Substrate/Glints2/dict_0003_0230" 8550
"/Engine/EngineMaterials/Substrate/Glints2/dict_0003_0229" 8551
"/Engine/EngineMaterials/Substrate/Glints2/dict_0003_0228" 8552
"/Engine/EngineMaterials/Substrate/Glints2/dict_0003_0227" 8553
"/Engine/EngineMaterials/Substrate/Glints2/dict_0003_0226" 8554
"/Engine/EngineMaterials/Substrate/Glints2/dict_0003_0225" 8555
"/Engine/EngineMaterials/Substrate/Glints2/dict_0003_0224" 8556
"/Engine/EngineMaterials/Substrate/Glints2/dict_0003_0223" 8557
"/Engine/EngineMaterials/Substrate/Glints2/dict_0003_0239" 8558
"/Engine/EngineMaterials/Substrate/Glints2/dict_0003_0237" 8559
"/Engine/EngineMaterials/Substrate/Glints2/dict_0003_0236" 8560
"../../../Engine/Content/EngineMaterials/Substrate/Glints2/dict_0004_0000.uasset" 8561
"../../../Engine/Content/EngineMaterials/Substrate/Glints2/dict_0004_0002.uasset" 8562
"../../../Engine/Content/EngineMaterials/Substrate/Glints2/dict_0004_0003.uasset" 8563
"../../../Engine/Content/EngineMaterials/Substrate/Glints2/dict_0004_0001.uasset" 8564
"../../../Engine/Content/EngineMaterials/Substrate/Glints2/dict_0004_0004.uasset" 8565
"../../../Engine/Content/EngineMaterials/Substrate/Glints2/dict_0004_0007.uasset" 8566
"../../../Engine/Content/EngineMaterials/Substrate/Glints2/dict_0004_0008.uasset" 8567
"../../../Engine/Content/EngineMaterials/Substrate/Glints2/dict_0004_0010.uasset" 8568
"../../../Engine/Content/EngineMaterials/Substrate/Glints2/dict_0004_0011.uasset" 8569
"../../../Engine/Content/EngineMaterials/Substrate/Glints2/dict_0004_0005.uasset" 8570
"../../../Engine/Content/EngineMaterials/Substrate/Glints2/dict_0004_0012.uasset" 8571
"../../../Engine/Content/EngineMaterials/Substrate/Glints2/dict_0004_0009.uasset" 8572
"../../../Engine/Content/EngineMaterials/Substrate/Glints2/dict_0004_0013.uasset" 8573
"../../../Engine/Content/EngineMaterials/Substrate/Glints2/dict_0004_0006.uasset" 8574
"../../../Engine/Content/EngineMaterials/Substrate/Glints2/dict_0003_0255.uasset" 8575
"/Engine/EngineMaterials/Substrate/Glints2/dict_0003_0254" 8576
"/Engine/EngineMaterials/Substrate/Glints2/dict_0003_0253" 8577
"/Engine/EngineMaterials/Substrate/Glints2/dict_0003_0252" 8578
"/Engine/EngineMaterials/Substrate/Glints2/dict_0003_0251" 8579
"/Engine/EngineMaterials/Substrate/Glints2/dict_0003_0250" 8580
"/Engine/EngineMaterials/Substrate/Glints2/dict_0003_0249" 8581
"/Engine/EngineMaterials/Substrate/Glints2/dict_0003_0248" 8582
"/Engine/EngineMaterials/Substrate/Glints2/dict_0003_0247" 8583
"/Engine/EngineMaterials/Substrate/Glints2/dict_0003_0246" 8584
"/Engine/EngineMaterials/Substrate/Glints2/dict_0003_0245" 8585
"/Engine/EngineMaterials/Substrate/Glints2/dict_0003_0244" 8586
"/Engine/EngineMaterials/Substrate/Glints2/dict_0003_0243" 8587
"/Engine/EngineMaterials/Substrate/Glints2/dict_0003_0242" 8588
"/Engine/EngineMaterials/Substrate/Glints2/dict_0004_0003" 8589
"/Engine/EngineMaterials/Substrate/Glints2/dict_0004_0002" 8590
"/Engine/EngineMaterials/Substrate/Glints2/dict_0003_0241" 8591
"/Engine/EngineMaterials/Substrate/Glints2/dict_0003_0240" 8592
"/Engine/EngineMaterials/Substrate/Glints2/dict_0004_0001" 8593
"/Engine/EngineMaterials/Substrate/Glints2/dict_0003_0238" 8594
"/Engine/EngineMaterials/Substrate/Glints2/dict_0004_0000" 8595
"/Engine/EngineMaterials/Substrate/Glints2/dict_0003_0235" 8596
"../../../Engine/Content/EngineMaterials/Substrate/Glints2/dict_0004_0016.uasset" 8597
"../../../Engine/Content/EngineMaterials/Substrate/Glints2/dict_0004_0014.uasset" 8598
"../../../Engine/Content/EngineMaterials/Substrate/Glints2/dict_0004_0018.uasset" 8599
"../../../Engine/Content/EngineMaterials/Substrate/Glints2/dict_0004_0017.uasset" 8600
"../../../Engine/Content/EngineMaterials/Substrate/Glints2/dict_0004_0020.uasset" 8601
"/Engine/EngineMaterials/Substrate/Glints2/dict_0004_0013" 8602
"../../../Engine/Content/EngineMaterials/Substrate/Glints2/dict_0004_0023.uasset" 8603
"../../../Engine/Content/EngineMaterials/Substrate/Glints2/dict_0004_0026.uasset" 8604
"../../../Engine/Content/EngineMaterials/Substrate/Glints2/dict_0004_0024.uasset" 8605
"../../../Engine/Content/EngineMaterials/Substrate/Glints2/dict_0004_0025.uasset" 8606
"../../../Engine/Content/EngineMaterials/Substrate/Glints2/dict_0004_0019.uasset" 8607
"../../../Engine/Content/EngineMaterials/Substrate/Glints2/dict_0004_0027.uasset" 8608
"../../../Engine/Content/EngineMaterials/Substrate/Glints2/dict_0004_0021.uasset" 8609
"../../../Engine/Content/EngineMaterials/Substrate/Glints2/dict_0004_0032.uasset" 8610
"../../../Engine/Content/EngineMaterials/Substrate/Glints2/dict_0004_0033.uasset" 8611
"../../../Engine/Content/EngineMaterials/Substrate/Glints2/dict_0004_0015.uasset" 8612
"../../../Engine/Content/EngineMaterials/Substrate/Glints2/dict_0004_0034.uasset" 8613
"../../../Engine/Content/EngineMaterials/Substrate/Glints2/dict_0004_0022.uasset" 8614
"../../../Engine/Content/EngineMaterials/Substrate/Glints2/dict_0004_0028.uasset" 8615
"../../../Engine/Content/EngineMaterials/Substrate/Glints2/dict_0004_0029.uasset" 8616
"../../../Engine/Content/EngineMaterials/Substrate/Glints2/dict_0004_0030.uasset" 8617
"../../../Engine/Content/EngineMaterials/Substrate/Glints2/dict_0004_0031.uasset" 8618
"/Engine/EngineMaterials/Substrate/Glints2/dict_0004_0012" 8619
"/Engine/EngineMaterials/Substrate/Glints2/dict_0004_0011" 8620
"/Engine/EngineMaterials/Substrate/Glints2/dict_0004_0010" 8621
"/Engine/EngineMaterials/Substrate/Glints2/dict_0004_0009" 8622
"/Engine/EngineMaterials/Substrate/Glints2/dict_0004_0008" 8623
"/Engine/EngineMaterials/Substrate/Glints2/dict_0004_0007" 8624
"/Engine/EngineMaterials/Substrate/Glints2/dict_0004_0006" 8625
"/Engine/EngineMaterials/Substrate/Glints2/dict_0004_0005" 8626
"/Engine/EngineMaterials/Substrate/Glints2/dict_0004_0004" 8627
"/Engine/EngineMaterials/Substrate/Glints2/dict_0003_0255" 8628
"/Engine/EngineMaterials/Substrate/Glints2/dict_0004_0014" 8629
"../../../Engine/Content/EngineMaterials/Substrate/Glints2/dict_0004_0038.uasset" 8630
"../../../Engine/Content/EngineMaterials/Substrate/Glints2/dict_0004_0041.uasset" 8631
"../../../Engine/Content/EngineMaterials/Substrate/Glints2/dict_0004_0042.uasset" 8632
"../../../Engine/Content/EngineMaterials/Substrate/Glints2/dict_0004_0043.uasset" 8633
"../../../Engine/Content/EngineMaterials/Substrate/Glints2/dict_0004_0037.uasset" 8634
"../../../Engine/Content/EngineMaterials/Substrate/Glints2/dict_0004_0044.uasset" 8635
"../../../Engine/Content/EngineMaterials/Substrate/Glints2/dict_0004_0045.uasset" 8636
"../../../Engine/Content/EngineMaterials/Substrate/Glints2/dict_0004_0040.uasset" 8637
"../../../Engine/Content/EngineMaterials/Substrate/Glints2/dict_0004_0039.uasset" 8638
"../../../Engine/Content/EngineMaterials/Substrate/Glints2/dict_0004_0046.uasset" 8639
"../../../Engine/Content/EngineMaterials/Substrate/Glints2/dict_0004_0036.uasset" 8640
"/Engine/EngineMaterials/Substrate/Glints2/dict_0004_0034" 8641
"../../../Engine/Content/EngineMaterials/Substrate/Glints2/dict_0004_0035.uasset" 8642
"/Engine/EngineMaterials/Substrate/Glints2/dict_0004_0033" 8643
"/Engine/EngineMaterials/Substrate/Glints2/dict_0004_0032" 8644
"/Engine/EngineMaterials/Substrate/Glints2/dict_0004_0031" 8645
"/Engine/EngineMaterials/Substrate/Glints2/dict_0004_0030" 8646
"/Engine/EngineMaterials/Substrate/Glints2/dict_0004_0029" 8647
"/Engine/EngineMaterials/Substrate/Glints2/dict_0004_0028" 8648
"/Engine/EngineMaterials/Substrate/Glints2/dict_0004_0027" 8649
"/Engine/EngineMaterials/Substrate/Glints2/dict_0004_0026" 8650
"/Engine/EngineMaterials/Substrate/Glints2/dict_0004_0025" 8651
"/Engine/EngineMaterials/Substrate/Glints2/dict_0004_0024" 8652
"/Engine/EngineMaterials/Substrate/Glints2/dict_0004_0023" 8653
"/Engine/EngineMaterials/Substrate/Glints2/dict_0004_0041" 8654
"/Engine/EngineMaterials/Substrate/Glints2/dict_0004_0038" 8655
"/Engine/EngineMaterials/Substrate/Glints2/dict_0004_0022" 8656
"/Engine/EngineMaterials/Substrate/Glints2/dict_0004_0021" 8657
"/Engine/EngineMaterials/Substrate/Glints2/dict_0004_0020" 8658
"/Engine/EngineMaterials/Substrate/Glints2/dict_0004_0019" 8659
"/Engine/EngineMaterials/Substrate/Glints2/dict_0004_0018" 8660
"/Engine/EngineMaterials/Substrate/Glints2/dict_0004_0017" 8661
"/Engine/EngineMaterials/Substrate/Glints2/dict_0004_0016" 8662
"/Engine/EngineMaterials/Substrate/Glints2/dict_0004_0015" 8663
"../../../Engine/Content/EngineMaterials/Substrate/Glints2/dict_0004_0047.uasset" 8664
"../../../Engine/Content/EngineMaterials/Substrate/Glints2/dict_0004_0049.uasset" 8665
"../../../Engine/Content/EngineMaterials/Substrate/Glints2/dict_0004_0052.uasset" 8666
"../../../Engine/Content/EngineMaterials/Substrate/Glints2/dict_0004_0053.uasset" 8667
"../../../Engine/Content/EngineMaterials/Substrate/Glints2/dict_0004_0055.uasset" 8668
"../../../Engine/Content/EngineMaterials/Substrate/Glints2/dict_0004_0050.uasset" 8669
"../../../Engine/Content/EngineMaterials/Substrate/Glints2/dict_0004_0054.uasset" 8670
"../../../Engine/Content/EngineMaterials/Substrate/Glints2/dict_0004_0059.uasset" 8671
"../../../Engine/Content/EngineMaterials/Substrate/Glints2/dict_0004_0051.uasset" 8672
"../../../Engine/Content/EngineMaterials/Substrate/Glints2/dict_0004_0060.uasset" 8673
"../../../Engine/Content/EngineMaterials/Substrate/Glints2/dict_0004_0062.uasset" 8674
"../../../Engine/Content/EngineMaterials/Substrate/Glints2/dict_0004_0061.uasset" 8675
"../../../Engine/Content/EngineMaterials/Substrate/Glints2/dict_0004_0056.uasset" 8676
"../../../Engine/Content/EngineMaterials/Substrate/Glints2/dict_0004_0063.uasset" 8677
"../../../Engine/Content/EngineMaterials/Substrate/Glints2/dict_0004_0064.uasset" 8678
"../../../Engine/Content/EngineMaterials/Substrate/Glints2/dict_0004_0065.uasset" 8679
"../../../Engine/Content/EngineMaterials/Substrate/Glints2/dict_0004_0066.uasset" 8680
"../../../Engine/Content/EngineMaterials/Substrate/Glints2/dict_0004_0067.uasset" 8681
"../../../Engine/Content/EngineMaterials/Substrate/Glints2/dict_0004_0068.uasset" 8682
"/Engine/EngineMaterials/Substrate/Glints2/dict_0004_0046" 8683
"../../../Engine/Content/EngineMaterials/Substrate/Glints2/dict_0004_0057.uasset" 8684
"../../../Engine/Content/EngineMaterials/Substrate/Glints2/dict_0004_0058.uasset" 8685
"../../../Engine/Content/EngineMaterials/Substrate/Glints2/dict_0004_0048.uasset" 8686
"/Engine/EngineMaterials/Substrate/Glints2/dict_0004_0045" 8687
"/Engine/EngineMaterials/Substrate/Glints2/dict_0004_0044" 8688
"/Engine/EngineMaterials/Substrate/Glints2/dict_0004_0043" 8689
"/Engine/EngineMaterials/Substrate/Glints2/dict_0004_0042" 8690
"/Engine/EngineMaterials/Substrate/Glints2/dict_0004_0040" 8691
"/Engine/EngineMaterials/Substrate/Glints2/dict_0004_0039" 8692
"/Engine/EngineMaterials/Substrate/Glints2/dict_0004_0055" 8693
"/Engine/EngineMaterials/Substrate/Glints2/dict_0004_0037" 8694
"/Engine/EngineMaterials/Substrate/Glints2/dict_0004_0054" 8695
"/Engine/EngineMaterials/Substrate/Glints2/dict_0004_0053" 8696
"/Engine/EngineMaterials/Substrate/Glints2/dict_0004_0052" 8697
"/Engine/EngineMaterials/Substrate/Glints2/dict_0004_0051" 8698
"/Engine/EngineMaterials/Substrate/Glints2/dict_0004_0050" 8699
"/Engine/EngineMaterials/Substrate/Glints2/dict_0004_0049" 8700
"/Engine/EngineMaterials/Substrate/Glints2/dict_0004_0047" 8701
"/Engine/EngineMaterials/Substrate/Glints2/dict_0004_0036" 8702
"/Engine/EngineMaterials/Substrate/Glints2/dict_0004_0035" 8703
"../../../Engine/Content/EngineMaterials/Substrate/Glints2/dict_0004_0071.uasset" 8704
"../../../Engine/Content/EngineMaterials/Substrate/Glints2/dict_0004_0073.uasset" 8705
"../../../Engine/Content/EngineMaterials/Substrate/Glints2/dict_0004_0074.uasset" 8706
"../../../Engine/Content/EngineMaterials/Substrate/Glints2/dict_0004_0072.uasset" 8707
"../../../Engine/Content/EngineMaterials/Substrate/Glints2/dict_0004_0069.uasset" 8708
"../../../Engine/Content/EngineMaterials/Substrate/Glints2/dict_0004_0078.uasset" 8709
"../../../Engine/Content/EngineMaterials/Substrate/Glints2/dict_0004_0070.uasset" 8710
"../../../Engine/Content/EngineMaterials/Substrate/Glints2/dict_0004_0077.uasset" 8711
"../../../Engine/Content/EngineMaterials/Substrate/Glints2/dict_0004_0075.uasset" 8712
"../../../Engine/Content/EngineMaterials/Substrate/Glints2/dict_0004_0085.uasset" 8713
"../../../Engine/Content/EngineMaterials/Substrate/Glints2/dict_0004_0084.uasset" 8714
"../../../Engine/Content/EngineMaterials/Substrate/Glints2/dict_0004_0086.uasset" 8715
"../../../Engine/Content/EngineMaterials/Substrate/Glints2/dict_0004_0079.uasset" 8716
"../../../Engine/Content/EngineMaterials/Substrate/Glints2/dict_0004_0076.uasset" 8717
"/Engine/EngineMaterials/Substrate/Glints2/dict_0004_0068" 8718
"../../../Engine/Content/EngineMaterials/Substrate/Glints2/dict_0004_0083.uasset" 8719
"../../../Engine/Content/EngineMaterials/Substrate/Glints2/dict_0004_0082.uasset" 8720
"../../../Engine/Content/EngineMaterials/Substrate/Glints2/dict_0004_0081.uasset" 8721
"../../../Engine/Content/EngineMaterials/Substrate/Glints2/dict_0004_0080.uasset" 8722
"/Engine/EngineMaterials/Substrate/Glints2/dict_0004_0067" 8723
"/Engine/EngineMaterials/Substrate/Glints2/dict_0004_0066" 8724
"/Engine/EngineMaterials/Substrate/Glints2/dict_0004_0065" 8725
"/Engine/EngineMaterials/Substrate/Glints2/dict_0004_0064" 8726
"/Engine/EngineMaterials/Substrate/Glints2/dict_0004_0063" 8727
"/Engine/EngineMaterials/Substrate/Glints2/dict_0004_0062" 8728
"/Engine/EngineMaterials/Substrate/Glints2/dict_0004_0061" 8729
"/Engine/EngineMaterials/Substrate/Glints2/dict_0004_0060" 8730
"/Engine/EngineMaterials/Substrate/Glints2/dict_0004_0059" 8731
"/Engine/EngineMaterials/Substrate/Glints2/dict_0004_0058" 8732
"/Engine/EngineMaterials/Substrate/Glints2/dict_0004_0057" 8733
"/Engine/EngineMaterials/Substrate/Glints2/dict_0004_0056" 8734
"/Engine/EngineMaterials/Substrate/Glints2/dict_0004_0073" 8735
"/Engine/EngineMaterials/Substrate/Glints2/dict_0004_0048" 8736
"/Engine/EngineMaterials/Substrate/Glints2/dict_0004_0071" 8737
"../../../Engine/Content/EngineMaterials/Substrate/Glints2/dict_0004_0087.uasset" 8738
"../../../Engine/Content/EngineMaterials/Substrate/Glints2/dict_0004_0088.uasset" 8739
"../../../Engine/Content/EngineMaterials/Substrate/Glints2/dict_0004_0092.uasset" 8740
"../../../Engine/Content/EngineMaterials/Substrate/Glints2/dict_0004_0089.uasset" 8741
"../../../Engine/Content/EngineMaterials/Substrate/Glints2/dict_0004_0093.uasset" 8742
"../../../Engine/Content/EngineMaterials/Substrate/Glints2/dict_0004_0095.uasset" 8743
"../../../Engine/Content/EngineMaterials/Substrate/Glints2/dict_0004_0096.uasset" 8744
"../../../Engine/Content/EngineMaterials/Substrate/Glints2/dict_0004_0090.uasset" 8745
"../../../Engine/Content/EngineMaterials/Substrate/Glints2/dict_0004_0094.uasset" 8746
"../../../Engine/Content/EngineMaterials/Substrate/Glints2/dict_0004_0091.uasset" 8747
"../../../Engine/Content/EngineMaterials/Substrate/Glints2/dict_0004_0098.uasset" 8748
"../../../Engine/Content/EngineMaterials/Substrate/Glints2/dict_0004_0099.uasset" 8749
"../../../Engine/Content/EngineMaterials/Substrate/Glints2/dict_0004_0101.uasset" 8750
"/Engine/EngineMaterials/Substrate/Glints2/dict_0004_0086" 8751
"../../../Engine/Content/EngineMaterials/Substrate/Glints2/dict_0004_0097.uasset" 8752
"../../../Engine/Content/EngineMaterials/Substrate/Glints2/dict_0004_0102.uasset" 8753
"../../../Engine/Content/EngineMaterials/Substrate/Glints2/dict_0004_0100.uasset" 8754
"/Engine/EngineMaterials/Substrate/Glints2/dict_0004_0085" 8755
"/Engine/EngineMaterials/Substrate/Glints2/dict_0004_0084" 8756
"/Engine/EngineMaterials/Substrate/Glints2/dict_0004_0083" 8757
"/Engine/EngineMaterials/Substrate/Glints2/dict_0004_0082" 8758
"/Engine/EngineMaterials/Substrate/Glints2/dict_0004_0081" 8759
"/Engine/EngineMaterials/Substrate/Glints2/dict_0004_0080" 8760
"/Engine/EngineMaterials/Substrate/Glints2/dict_0004_0079" 8761
"/Engine/EngineMaterials/Substrate/Glints2/dict_0004_0078" 8762
"/Engine/EngineMaterials/Substrate/Glints2/dict_0004_0077" 8763
"/Engine/EngineMaterials/Substrate/Glints2/dict_0004_0076" 8764
"/Engine/EngineMaterials/Substrate/Glints2/dict_0004_0075" 8765
"/Engine/EngineMaterials/Substrate/Glints2/dict_0004_0074" 8766
"/Engine/EngineMaterials/Substrate/Glints2/dict_0004_0089" 8767
"/Engine/EngineMaterials/Substrate/Glints2/dict_0004_0072" 8768
"/Engine/EngineMaterials/Substrate/Glints2/dict_0004_0088" 8769
"/Engine/EngineMaterials/Substrate/Glints2/dict_0004_0087" 8770
"/Engine/EngineMaterials/Substrate/Glints2/dict_0004_0070" 8771
"/Engine/EngineMaterials/Substrate/Glints2/dict_0004_0069" 8772
"../../../Engine/Content/EngineMaterials/Substrate/Glints2/dict_0004_0103.uasset" 8773
"../../../Engine/Content/EngineMaterials/Substrate/Glints2/dict_0004_0106.uasset" 8774
"../../../Engine/Content/EngineMaterials/Substrate/Glints2/dict_0004_0108.uasset" 8775
"../../../Engine/Content/EngineMaterials/Substrate/Glints2/dict_0004_0111.uasset" 8776
"../../../Engine/Content/EngineMaterials/Substrate/Glints2/dict_0004_0113.uasset" 8777
"../../../Engine/Content/EngineMaterials/Substrate/Glints2/dict_0004_0110.uasset" 8778
"../../../Engine/Content/EngineMaterials/Substrate/Glints2/dict_0004_0112.uasset" 8779
"../../../Engine/Content/EngineMaterials/Substrate/Glints2/dict_0004_0116.uasset" 8780
"../../../Engine/Content/EngineMaterials/Substrate/Glints2/dict_0004_0115.uasset" 8781
"../../../Engine/Content/EngineMaterials/Substrate/Glints2/dict_0004_0118.uasset" 8782
"../../../Engine/Content/EngineMaterials/Substrate/Glints2/dict_0004_0117.uasset" 8783
"../../../Engine/Content/EngineMaterials/Substrate/Glints2/dict_0004_0119.uasset" 8784
"../../../Engine/Content/EngineMaterials/Substrate/Glints2/dict_0004_0120.uasset" 8785
"../../../Engine/Content/EngineMaterials/Substrate/Glints2/dict_0004_0121.uasset" 8786
"../../../Engine/Content/EngineMaterials/Substrate/Glints2/dict_0004_0107.uasset" 8787
"../../../Engine/Content/EngineMaterials/Substrate/Glints2/dict_0004_0105.uasset" 8788
"../../../Engine/Content/EngineMaterials/Substrate/Glints2/dict_0004_0114.uasset" 8789
"../../../Engine/Content/EngineMaterials/Substrate/Glints2/dict_0004_0104.uasset" 8790
"../../../Engine/Content/EngineMaterials/Substrate/Glints2/dict_0004_0109.uasset" 8791
"/Engine/EngineMaterials/Substrate/Glints2/dict_0004_0102" 8792
"/Engine/EngineMaterials/Substrate/Glints2/dict_0004_0101" 8793
"/Engine/EngineMaterials/Substrate/Glints2/dict_0004_0100" 8794
"/Engine/EngineMaterials/Substrate/Glints2/dict_0004_0099" 8795
"/Engine/EngineMaterials/Substrate/Glints2/dict_0004_0098" 8796
"/Engine/EngineMaterials/Substrate/Glints2/dict_0004_0097" 8797
"/Engine/EngineMaterials/Substrate/Glints2/dict_0004_0096" 8798
"/Engine/EngineMaterials/Substrate/Glints2/dict_0004_0095" 8799
"/Engine/EngineMaterials/Substrate/Glints2/dict_0004_0094" 8800
"/Engine/EngineMaterials/Substrate/Glints2/dict_0004_0093" 8801
"/Engine/EngineMaterials/Substrate/Glints2/dict_0004_0092" 8802
"/Engine/EngineMaterials/Substrate/Glints2/dict_0004_0091" 8803
"/Engine/EngineMaterials/Substrate/Glints2/dict_0004_0118" 8804
"/Engine/EngineMaterials/Substrate/Glints2/dict_0004_0117" 8805
"/Engine/EngineMaterials/Substrate/Glints2/dict_0004_0090" 8806
"/Engine/EngineMaterials/Substrate/Glints2/dict_0004_0116" 8807
"/Engine/EngineMaterials/Substrate/Glints2/dict_0004_0115" 8808
"/Engine/EngineMaterials/Substrate/Glints2/dict_0004_0113" 8809
"/Engine/EngineMaterials/Substrate/Glints2/dict_0004_0112" 8810
"/Engine/EngineMaterials/Substrate/Glints2/dict_0004_0111" 8811
"/Engine/EngineMaterials/Substrate/Glints2/dict_0004_0110" 8812
"/Engine/EngineMaterials/Substrate/Glints2/dict_0004_0108" 8813
"/Engine/EngineMaterials/Substrate/Glints2/dict_0004_0107" 8814
"/Engine/EngineMaterials/Substrate/Glints2/dict_0004_0106" 8815
"/Engine/EngineMaterials/Substrate/Glints2/dict_0004_0103" 8816
"../../../Engine/Content/EngineMaterials/Substrate/Glints2/dict_0004_0122.uasset" 8817
"../../../Engine/Content/EngineMaterials/Substrate/Glints2/dict_0004_0125.uasset" 8818
"../../../Engine/Content/EngineMaterials/Substrate/Glints2/dict_0004_0124.uasset" 8819
"../../../Engine/Content/EngineMaterials/Substrate/Glints2/dict_0004_0127.uasset" 8820
"../../../Engine/Content/EngineMaterials/Substrate/Glints2/dict_0004_0128.uasset" 8821
"../../../Engine/Content/EngineMaterials/Substrate/Glints2/dict_0004_0129.uasset" 8822
"../../../Engine/Content/EngineMaterials/Substrate/Glints2/dict_0004_0130.uasset" 8823
"../../../Engine/Content/EngineMaterials/Substrate/Glints2/dict_0004_0132.uasset" 8824
"../../../Engine/Content/EngineMaterials/Substrate/Glints2/dict_0004_0133.uasset" 8825
"../../../Engine/Content/EngineMaterials/Substrate/Glints2/dict_0004_0135.uasset" 8826
"../../../Engine/Content/EngineMaterials/Substrate/Glints2/dict_0004_0126.uasset" 8827
"../../../Engine/Content/EngineMaterials/Substrate/Glints2/dict_0004_0136.uasset" 8828
"../../../Engine/Content/EngineMaterials/Substrate/Glints2/dict_0004_0137.uasset" 8829
"../../../Engine/Content/EngineMaterials/Substrate/Glints2/dict_0004_0139.uasset" 8830
"../../../Engine/Content/EngineMaterials/Substrate/Glints2/dict_0004_0138.uasset" 8831
"../../../Engine/Content/EngineMaterials/Substrate/Glints2/dict_0004_0141.uasset" 8832
"../../../Engine/Content/EngineMaterials/Substrate/Glints2/dict_0004_0134.uasset" 8833
"/Engine/EngineMaterials/Substrate/Glints2/dict_0004_0121" 8834
"../../../Engine/Content/EngineMaterials/Substrate/Glints2/dict_0004_0131.uasset" 8835
"../../../Engine/Content/EngineMaterials/Substrate/Glints2/dict_0004_0142.uasset" 8836
"../../../Engine/Content/EngineMaterials/Substrate/Glints2/dict_0004_0144.uasset" 8837
"../../../Engine/Content/EngineMaterials/Substrate/Glints2/dict_0004_0143.uasset" 8838
"../../../Engine/Content/EngineMaterials/Substrate/Glints2/dict_0004_0146.uasset" 8839
"../../../Engine/Content/EngineMaterials/Substrate/Glints2/dict_0004_0145.uasset" 8840
"../../../Engine/Content/EngineMaterials/Substrate/Glints2/dict_0004_0123.uasset" 8841
"../../../Engine/Content/EngineMaterials/Substrate/Glints2/dict_0004_0140.uasset" 8842
"/Engine/EngineMaterials/Substrate/Glints2/dict_0004_0120" 8843
"/Engine/EngineMaterials/Substrate/Glints2/dict_0004_0119" 8844
"/Engine/EngineMaterials/Substrate/Glints2/dict_0004_0132" 8845
"/Engine/EngineMaterials/Substrate/Glints2/dict_0004_0130" 8846
"/Engine/EngineMaterials/Substrate/Glints2/dict_0004_0114" 8847
"/Engine/EngineMaterials/Substrate/Glints2/dict_0004_0129" 8848
"/Engine/EngineMaterials/Substrate/Glints2/dict_0004_0128" 8849
"/Engine/EngineMaterials/Substrate/Glints2/dict_0004_0127" 8850
"/Engine/EngineMaterials/Substrate/Glints2/dict_0004_0109" 8851
"/Engine/EngineMaterials/Substrate/Glints2/dict_0004_0125" 8852
"/Engine/EngineMaterials/Substrate/Glints2/dict_0004_0124" 8853
"/Engine/EngineMaterials/Substrate/Glints2/dict_0004_0105" 8854
"/Engine/EngineMaterials/Substrate/Glints2/dict_0004_0104" 8855
"/Engine/EngineMaterials/Substrate/Glints2/dict_0004_0122" 8856
"../../../Engine/Content/EngineMaterials/Substrate/Glints2/dict_0004_0150.uasset" 8857
"../../../Engine/Content/EngineMaterials/Substrate/Glints2/dict_0004_0151.uasset" 8858
"../../../Engine/Content/EngineMaterials/Substrate/Glints2/dict_0004_0152.uasset" 8859
"../../../Engine/Content/EngineMaterials/Substrate/Glints2/dict_0004_0153.uasset" 8860
"../../../Engine/Content/EngineMaterials/Substrate/Glints2/dict_0004_0155.uasset" 8861
"../../../Engine/Content/EngineMaterials/Substrate/Glints2/dict_0004_0157.uasset" 8862
"../../../Engine/Content/EngineMaterials/Substrate/Glints2/dict_0004_0158.uasset" 8863
"../../../Engine/Content/EngineMaterials/Substrate/Glints2/dict_0004_0159.uasset" 8864
"../../../Engine/Content/EngineMaterials/Substrate/Glints2/dict_0004_0160.uasset" 8865
"../../../Engine/Content/EngineMaterials/Substrate/Glints2/dict_0004_0147.uasset" 8866
"../../../Engine/Content/EngineMaterials/Substrate/Glints2/dict_0004_0161.uasset" 8867
"../../../Engine/Content/EngineMaterials/Substrate/Glints2/dict_0004_0154.uasset" 8868
"../../../Engine/Content/EngineMaterials/Substrate/Glints2/dict_0004_0149.uasset" 8869
"/Engine/EngineMaterials/Substrate/Glints2/dict_0004_0146" 8870
"../../../Engine/Content/EngineMaterials/Substrate/Glints2/dict_0004_0148.uasset" 8871
"../../../Engine/Content/EngineMaterials/Substrate/Glints2/dict_0004_0156.uasset" 8872
"/Engine/EngineMaterials/Substrate/Glints2/dict_0004_0145" 8873
"/Engine/EngineMaterials/Substrate/Glints2/dict_0004_0144" 8874
"/Engine/EngineMaterials/Substrate/Glints2/dict_0004_0143" 8875
"/Engine/EngineMaterials/Substrate/Glints2/dict_0004_0142" 8876
"/Engine/EngineMaterials/Substrate/Glints2/dict_0004_0141" 8877
"/Engine/EngineMaterials/Substrate/Glints2/dict_0004_0140" 8878
"/Engine/EngineMaterials/Substrate/Glints2/dict_0004_0139" 8879
"/Engine/EngineMaterials/Substrate/Glints2/dict_0004_0138" 8880
"/Engine/EngineMaterials/Substrate/Glints2/dict_0004_0137" 8881
"/Engine/EngineMaterials/Substrate/Glints2/dict_0004_0136" 8882
"/Engine/EngineMaterials/Substrate/Glints2/dict_0004_0135" 8883
"/Engine/EngineMaterials/Substrate/Glints2/dict_0004_0134" 8884
"/Engine/EngineMaterials/Substrate/Glints2/dict_0004_0133" 8885
"/Engine/EngineMaterials/Substrate/Glints2/dict_0004_0131" 8886
"/Engine/EngineMaterials/Substrate/Glints2/dict_0004_0155" 8887
"/Engine/EngineMaterials/Substrate/Glints2/dict_0004_0126" 8888
"/Engine/EngineMaterials/Substrate/Glints2/dict_0004_0152" 8889
"/Engine/EngineMaterials/Substrate/Glints2/dict_0004_0151" 8890
"/Engine/EngineMaterials/Substrate/Glints2/dict_0004_0150" 8891
"/Engine/EngineMaterials/Substrate/Glints2/dict_0004_0123" 8892
"../../../Engine/Content/EngineMaterials/Substrate/Glints2/dict_0004_0162.uasset" 8893
"../../../Engine/Content/EngineMaterials/Substrate/Glints2/dict_0004_0165.uasset" 8894
"../../../Engine/Content/EngineMaterials/Substrate/Glints2/dict_0004_0168.uasset" 8895
"../../../Engine/Content/EngineMaterials/Substrate/Glints2/dict_0004_0164.uasset" 8896
"../../../Engine/Content/EngineMaterials/Substrate/Glints2/dict_0004_0166.uasset" 8897
"../../../Engine/Content/EngineMaterials/Substrate/Glints2/dict_0004_0169.uasset" 8898
"../../../Engine/Content/EngineMaterials/Substrate/Glints2/dict_0004_0170.uasset" 8899
"../../../Engine/Content/EngineMaterials/Substrate/Glints2/dict_0004_0167.uasset" 8900
"../../../Engine/Content/EngineMaterials/Substrate/Glints2/dict_0004_0171.uasset" 8901
"../../../Engine/Content/EngineMaterials/Substrate/Glints2/dict_0004_0172.uasset" 8902
"../../../Engine/Content/EngineMaterials/Substrate/Glints2/dict_0004_0174.uasset" 8903
"../../../Engine/Content/EngineMaterials/Substrate/Glints2/dict_0004_0176.uasset" 8904
"../../../Engine/Content/EngineMaterials/Substrate/Glints2/dict_0004_0177.uasset" 8905
"../../../Engine/Content/EngineMaterials/Substrate/Glints2/dict_0004_0163.uasset" 8906
"../../../Engine/Content/EngineMaterials/Substrate/Glints2/dict_0004_0181.uasset" 8907
"/Engine/EngineMaterials/Substrate/Glints2/dict_0004_0161" 8908
"../../../Engine/Content/EngineMaterials/Substrate/Glints2/dict_0004_0182.uasset" 8909
"../../../Engine/Content/EngineMaterials/Substrate/Glints2/dict_0004_0180.uasset" 8910
"../../../Engine/Content/EngineMaterials/Substrate/Glints2/dict_0004_0175.uasset" 8911
"../../../Engine/Content/EngineMaterials/Substrate/Glints2/dict_0004_0178.uasset" 8912
"../../../Engine/Content/EngineMaterials/Substrate/Glints2/dict_0004_0179.uasset" 8913
"../../../Engine/Content/EngineMaterials/Substrate/Glints2/dict_0004_0173.uasset" 8914
"/Engine/EngineMaterials/Substrate/Glints2/dict_0004_0160" 8915
"/Engine/EngineMaterials/Substrate/Glints2/dict_0004_0159" 8916
"/Engine/EngineMaterials/Substrate/Glints2/dict_0004_0169" 8917
"/Engine/EngineMaterials/Substrate/Glints2/dict_0004_0158" 8918
"/Engine/EngineMaterials/Substrate/Glints2/dict_0004_0168" 8919
"/Engine/EngineMaterials/Substrate/Glints2/dict_0004_0157" 8920
"/Engine/EngineMaterials/Substrate/Glints2/dict_0004_0156" 8921
"/Engine/EngineMaterials/Substrate/Glints2/dict_0004_0167" 8922
"/Engine/EngineMaterials/Substrate/Glints2/dict_0004_0154" 8923
"/Engine/EngineMaterials/Substrate/Glints2/dict_0004_0153" 8924
"/Engine/EngineMaterials/Substrate/Glints2/dict_0004_0165" 8925
"/Engine/EngineMaterials/Substrate/Glints2/dict_0004_0164" 8926
"/Engine/EngineMaterials/Substrate/Glints2/dict_0004_0162" 8927
"/Engine/EngineMaterials/Substrate/Glints2/dict_0004_0149" 8928
"/Engine/EngineMaterials/Substrate/Glints2/dict_0004_0148" 8929
"/Engine/EngineMaterials/Substrate/Glints2/dict_0004_0147" 8930
"../../../Engine/Content/EngineMaterials/Substrate/Glints2/dict_0004_0185.uasset" 8931
"../../../Engine/Content/EngineMaterials/Substrate/Glints2/dict_0004_0187.uasset" 8932
"../../../Engine/Content/EngineMaterials/Substrate/Glints2/dict_0004_0188.uasset" 8933
"../../../Engine/Content/EngineMaterials/Substrate/Glints2/dict_0004_0189.uasset" 8934
"../../../Engine/Content/EngineMaterials/Substrate/Glints2/dict_0004_0191.uasset" 8935
"../../../Engine/Content/EngineMaterials/Substrate/Glints2/dict_0004_0192.uasset" 8936
"../../../Engine/Content/EngineMaterials/Substrate/Glints2/dict_0004_0193.uasset" 8937
"../../../Engine/Content/EngineMaterials/Substrate/Glints2/dict_0004_0186.uasset" 8938
"../../../Engine/Content/EngineMaterials/Substrate/Glints2/dict_0004_0194.uasset" 8939
"../../../Engine/Content/EngineMaterials/Substrate/Glints2/dict_0004_0197.uasset" 8940
"../../../Engine/Content/EngineMaterials/Substrate/Glints2/dict_0004_0190.uasset" 8941
"../../../Engine/Content/EngineMaterials/Substrate/Glints2/dict_0004_0199.uasset" 8942
"../../../Engine/Content/EngineMaterials/Substrate/Glints2/dict_0004_0195.uasset" 8943
"../../../Engine/Content/EngineMaterials/Substrate/Glints2/dict_0004_0196.uasset" 8944
"../../../Engine/Content/EngineMaterials/Substrate/Glints2/dict_0004_0183.uasset" 8945
"../../../Engine/Content/EngineMaterials/Substrate/Glints2/dict_0004_0184.uasset" 8946
"../../../Engine/Content/EngineMaterials/Substrate/Glints2/dict_0004_0198.uasset" 8947
"/Engine/EngineMaterials/Substrate/Glints2/dict_0004_0182" 8948
"/Engine/EngineMaterials/Substrate/Glints2/dict_0004_0181" 8949
"/Engine/EngineMaterials/Substrate/Glints2/dict_0004_0180" 8950
"/Engine/EngineMaterials/Substrate/Glints2/dict_0004_0179" 8951
"/Engine/EngineMaterials/Substrate/Glints2/dict_0004_0178" 8952
"/Engine/EngineMaterials/Substrate/Glints2/dict_0004_0177" 8953
"/Engine/EngineMaterials/Substrate/Glints2/dict_0004_0176" 8954
"/Engine/EngineMaterials/Substrate/Glints2/dict_0004_0175" 8955
"/Engine/EngineMaterials/Substrate/Glints2/dict_0004_0174" 8956
"/Engine/EngineMaterials/Substrate/Glints2/dict_0004_0173" 8957
"/Engine/EngineMaterials/Substrate/Glints2/dict_0004_0172" 8958
"/Engine/EngineMaterials/Substrate/Glints2/dict_0004_0171" 8959
"/Engine/EngineMaterials/Substrate/Glints2/dict_0004_0170" 8960
"/Engine/EngineMaterials/Substrate/Glints2/dict_0004_0194" 8961
"/Engine/EngineMaterials/Substrate/Glints2/dict_0004_0193" 8962
"/Engine/EngineMaterials/Substrate/Glints2/dict_0004_0192" 8963
"/Engine/EngineMaterials/Substrate/Glints2/dict_0004_0191" 8964
"/Engine/EngineMaterials/Substrate/Glints2/dict_0004_0189" 8965
"/Engine/EngineMaterials/Substrate/Glints2/dict_0004_0166" 8966
"/Engine/EngineMaterials/Substrate/Glints2/dict_0004_0188" 8967
"/Engine/EngineMaterials/Substrate/Glints2/dict_0004_0187" 8968
"/Engine/EngineMaterials/Substrate/Glints2/dict_0004_0163" 8969
"/Engine/EngineMaterials/Substrate/Glints2/dict_0004_0186" 8970
"/Engine/EngineMaterials/Substrate/Glints2/dict_0004_0185" 8971
"../../../Engine/Content/EngineMaterials/Substrate/Glints2/dict_0004_0201.uasset" 8972
"../../../Engine/Content/EngineMaterials/Substrate/Glints2/dict_0004_0204.uasset" 8973
"../../../Engine/Content/EngineMaterials/Substrate/Glints2/dict_0004_0202.uasset" 8974
"../../../Engine/Content/EngineMaterials/Substrate/Glints2/dict_0004_0205.uasset" 8975
"../../../Engine/Content/EngineMaterials/Substrate/Glints2/dict_0004_0207.uasset" 8976
"../../../Engine/Content/EngineMaterials/Substrate/Glints2/dict_0004_0209.uasset" 8977
"../../../Engine/Content/EngineMaterials/Substrate/Glints2/dict_0004_0200.uasset" 8978
"../../../Engine/Content/EngineMaterials/Substrate/Glints2/dict_0004_0210.uasset" 8979
"../../../Engine/Content/EngineMaterials/Substrate/Glints2/dict_0004_0212.uasset" 8980
"../../../Engine/Content/EngineMaterials/Substrate/Glints2/dict_0004_0208.uasset" 8981
"/Engine/EngineMaterials/Substrate/Glints2/dict_0004_0199" 8982
"../../../Engine/Content/EngineMaterials/Substrate/Glints2/dict_0004_0203.uasset" 8983
"../../../Engine/Content/EngineMaterials/Substrate/Glints2/dict_0004_0206.uasset" 8984
"../../../Engine/Content/EngineMaterials/Substrate/Glints2/dict_0004_0215.uasset" 8985
"../../../Engine/Content/EngineMaterials/Substrate/Glints2/dict_0004_0213.uasset" 8986
"../../../Engine/Content/EngineMaterials/Substrate/Glints2/dict_0004_0216.uasset" 8987
"../../../Engine/Content/EngineMaterials/Substrate/Glints2/dict_0004_0217.uasset" 8988
"../../../Engine/Content/EngineMaterials/Substrate/Glints2/dict_0004_0218.uasset" 8989
"../../../Engine/Content/EngineMaterials/Substrate/Glints2/dict_0004_0219.uasset" 8990
"../../../Engine/Content/EngineMaterials/Substrate/Glints2/dict_0004_0214.uasset" 8991
"../../../Engine/Content/EngineMaterials/Substrate/Glints2/dict_0004_0220.uasset" 8992
"../../../Engine/Content/EngineMaterials/Substrate/Glints2/dict_0004_0221.uasset" 8993
"../../../Engine/Content/EngineMaterials/Substrate/Glints2/dict_0004_0222.uasset" 8994
"../../../Engine/Content/EngineMaterials/Substrate/Glints2/dict_0004_0223.uasset" 8995
"../../../Engine/Content/EngineMaterials/Substrate/Glints2/dict_0004_0211.uasset" 8996
"/Engine/EngineMaterials/Substrate/Glints2/dict_0004_0198" 8997
"/Engine/EngineMaterials/Substrate/Glints2/dict_0004_0197" 8998
"/Engine/EngineMaterials/Substrate/Glints2/dict_0004_0196" 8999
"/Engine/EngineMaterials/Substrate/Glints2/dict_0004_0195" 9000
"/Engine/EngineMaterials/Substrate/Glints2/dict_0004_0190" 9001
"/Engine/EngineMaterials/Substrate/Glints2/dict_0004_0204" 9002
"/Engine/EngineMaterials/Substrate/Glints2/dict_0004_0202" 9003
"/Engine/EngineMaterials/Substrate/Glints2/dict_0004_0201" 9004
"/Engine/EngineMaterials/Substrate/Glints2/dict_0004_0184" 9005
"/Engine/EngineMaterials/Substrate/Glints2/dict_0004_0183" 9006
"../../../Engine/Content/EngineMaterials/Substrate/Glints2/dict_0004_0225.uasset" 9007
"../../../Engine/Content/EngineMaterials/Substrate/Glints2/dict_0004_0227.uasset" 9008
"../../../Engine/Content/EngineMaterials/Substrate/Glints2/dict_0004_0226.uasset" 9009
"../../../Engine/Content/EngineMaterials/Substrate/Glints2/dict_0004_0230.uasset" 9010
"../../../Engine/Content/EngineMaterials/Substrate/Glints2/dict_0004_0231.uasset" 9011
"../../../Engine/Content/EngineMaterials/Substrate/Glints2/dict_0004_0232.uasset" 9012
"../../../Engine/Content/EngineMaterials/Substrate/Glints2/dict_0004_0233.uasset" 9013
"../../../Engine/Content/EngineMaterials/Substrate/Glints2/dict_0004_0229.uasset" 9014
"/Engine/EngineMaterials/Substrate/Glints2/dict_0004_0223" 9015
"../../../Engine/Content/EngineMaterials/Substrate/Glints2/dict_0004_0228.uasset" 9016
"../../../Engine/Content/EngineMaterials/Substrate/Glints2/dict_0004_0224.uasset" 9017
"../../../Engine/Content/EngineMaterials/Substrate/Glints2/dict_0004_0234.uasset" 9018
"/Engine/EngineMaterials/Substrate/Glints2/dict_0004_0222" 9019
"/Engine/EngineMaterials/Substrate/Glints2/dict_0004_0221" 9020
"/Engine/EngineMaterials/Substrate/Glints2/dict_0004_0220" 9021
"/Engine/EngineMaterials/Substrate/Glints2/dict_0004_0219" 9022
"/Engine/EngineMaterials/Substrate/Glints2/dict_0004_0218" 9023
"/Engine/EngineMaterials/Substrate/Glints2/dict_0004_0217" 9024
"/Engine/EngineMaterials/Substrate/Glints2/dict_0004_0216" 9025
"/Engine/EngineMaterials/Substrate/Glints2/dict_0004_0215" 9026
"/Engine/EngineMaterials/Substrate/Glints2/dict_0004_0214" 9027
"/Engine/EngineMaterials/Substrate/Glints2/dict_0004_0213" 9028
"/Engine/EngineMaterials/Substrate/Glints2/dict_0004_0212" 9029
"/Engine/EngineMaterials/Substrate/Glints2/dict_0004_0211" 9030
"/Engine/EngineMaterials/Substrate/Glints2/dict_0004_0210" 9031
"/Engine/EngineMaterials/Substrate/Glints2/dict_0004_0209" 9032
"/Engine/EngineMaterials/Substrate/Glints2/dict_0004_0208" 9033
"/Engine/EngineMaterials/Substrate/Glints2/dict_0004_0207" 9034
"/Engine/EngineMaterials/Substrate/Glints2/dict_0004_0206" 9035
"/Engine/EngineMaterials/Substrate/Glints2/dict_0004_0205" 9036
"/Engine/EngineMaterials/Substrate/Glints2/dict_0004_0203" 9037
"/Engine/EngineMaterials/Substrate/Glints2/dict_0004_0226" 9038
"/Engine/EngineMaterials/Substrate/Glints2/dict_0004_0200" 9039
"/Engine/EngineMaterials/Substrate/Glints2/dict_0004_0225" 9040
"../../../Engine/Content/EngineMaterials/Substrate/Glints2/dict_0004_0235.uasset" 9041
"../../../Engine/Content/EngineMaterials/Substrate/Glints2/dict_0004_0237.uasset" 9042
"../../../Engine/Content/EngineMaterials/Substrate/Glints2/dict_0004_0236.uasset" 9043
"../../../Engine/Content/EngineMaterials/Substrate/Glints2/dict_0004_0238.uasset" 9044
"../../../Engine/Content/EngineMaterials/Substrate/Glints2/dict_0004_0246.uasset" 9045
"../../../Engine/Content/EngineMaterials/Substrate/Glints2/dict_0004_0240.uasset" 9046
"../../../Engine/Content/EngineMaterials/Substrate/Glints2/dict_0004_0239.uasset" 9047
"../../../Engine/Content/EngineMaterials/Substrate/Glints2/dict_0004_0241.uasset" 9048
"/Engine/EngineMaterials/Substrate/Glints2/dict_0004_0234" 9049
"../../../Engine/Content/EngineMaterials/Substrate/Glints2/dict_0004_0248.uasset" 9050
"../../../Engine/Content/EngineMaterials/Substrate/Glints2/dict_0004_0245.uasset" 9051
"../../../Engine/Content/EngineMaterials/Substrate/Glints2/dict_0004_0249.uasset" 9052
"../../../Engine/Content/EngineMaterials/Substrate/Glints2/dict_0004_0242.uasset" 9053
"../../../Engine/Content/EngineMaterials/Substrate/Glints2/dict_0004_0252.uasset" 9054
"../../../Engine/Content/EngineMaterials/Substrate/Glints2/dict_0004_0244.uasset" 9055
"../../../Engine/Content/EngineMaterials/Substrate/Glints2/dict_0004_0253.uasset" 9056
"../../../Engine/Content/EngineMaterials/Substrate/Glints2/dict_0004_0254.uasset" 9057
"../../../Engine/Content/EngineMaterials/Substrate/Glints2/dict_0004_0255.uasset" 9058
"../../../Engine/Content/EngineMaterials/Substrate/Glints2/dict_0005_0001.uasset" 9059
"../../../Engine/Content/EngineMaterials/Substrate/Glints2/dict_0004_0247.uasset" 9060
"../../../Engine/Content/EngineMaterials/Substrate/Glints2/dict_0004_0250.uasset" 9061
"../../../Engine/Content/EngineMaterials/Substrate/Glints2/dict_0004_0251.uasset" 9062
"../../../Engine/Content/EngineMaterials/Substrate/Glints2/dict_0005_0000.uasset" 9063
"../../../Engine/Content/EngineMaterials/Substrate/Glints2/dict_0004_0243.uasset" 9064
"/Engine/EngineMaterials/Substrate/Glints2/dict_0004_0233" 9065
"/Engine/EngineMaterials/Substrate/Glints2/dict_0004_0232" 9066
"/Engine/EngineMaterials/Substrate/Glints2/dict_0004_0231" 9067
"/Engine/EngineMaterials/Substrate/Glints2/dict_0004_0230" 9068
"/Engine/EngineMaterials/Substrate/Glints2/dict_0004_0229" 9069
"/Engine/EngineMaterials/Substrate/Glints2/dict_0004_0228" 9070
"/Engine/EngineMaterials/Substrate/Glints2/dict_0004_0227" 9071
"/Engine/EngineMaterials/Substrate/Glints2/dict_0004_0237" 9072
"/Engine/EngineMaterials/Substrate/Glints2/dict_0004_0236" 9073
"/Engine/EngineMaterials/Substrate/Glints2/dict_0004_0235" 9074
"/Engine/EngineMaterials/Substrate/Glints2/dict_0004_0224" 9075
"../../../Engine/Content/EngineMaterials/Substrate/Glints2/dict_0005_0002.uasset" 9076
"../../../Engine/Content/EngineMaterials/Substrate/Glints2/dict_0005_0003.uasset" 9077
"../../../Engine/Content/EngineMaterials/Substrate/Glints2/dict_0005_0004.uasset" 9078
"../../../Engine/Content/EngineMaterials/Substrate/Glints2/dict_0005_0005.uasset" 9079
"../../../Engine/Content/EngineMaterials/Substrate/Glints2/dict_0005_0006.uasset" 9080
"../../../Engine/Content/EngineMaterials/Substrate/Glints2/dict_0005_0007.uasset" 9081
"../../../Engine/Content/EngineMaterials/Substrate/Glints2/dict_0005_0008.uasset" 9082
"../../../Engine/Content/EngineMaterials/Substrate/Glints2/dict_0005_0009.uasset" 9083
"../../../Engine/Content/EngineMaterials/Substrate/Glints2/dict_0005_0010.uasset" 9084
"../../../Engine/Content/EngineMaterials/Substrate/Glints2/dict_0005_0011.uasset" 9085
"../../../Engine/Content/EngineMaterials/Substrate/Glints2/dict_0005_0013.uasset" 9086
"../../../Engine/Content/EngineMaterials/Substrate/Glints2/dict_0005_0012.uasset" 9087
"/Engine/EngineMaterials/Substrate/Glints2/dict_0005_0001" 9088
"/Engine/EngineMaterials/Substrate/Glints2/dict_0005_0000" 9089
"/Engine/EngineMaterials/Substrate/Glints2/dict_0004_0255" 9090
"/Engine/EngineMaterials/Substrate/Glints2/dict_0004_0254" 9091
"/Engine/EngineMaterials/Substrate/Glints2/dict_0004_0253" 9092
"/Engine/EngineMaterials/Substrate/Glints2/dict_0004_0252" 9093
"/Engine/EngineMaterials/Substrate/Glints2/dict_0004_0251" 9094
"/Engine/EngineMaterials/Substrate/Glints2/dict_0004_0250" 9095
"/Engine/EngineMaterials/Substrate/Glints2/dict_0004_0249" 9096
"/Engine/EngineMaterials/Substrate/Glints2/dict_0004_0248" 9097
"/Engine/EngineMaterials/Substrate/Glints2/dict_0004_0247" 9098
"/Engine/EngineMaterials/Substrate/Glints2/dict_0004_0246" 9099
"/Engine/EngineMaterials/Substrate/Glints2/dict_0004_0245" 9100
"/Engine/EngineMaterials/Substrate/Glints2/dict_0005_0010" 9101
"/Engine/EngineMaterials/Substrate/Glints2/dict_0005_0009" 9102
"/Engine/EngineMaterials/Substrate/Glints2/dict_0004_0244" 9103
"/Engine/EngineMaterials/Substrate/Glints2/dict_0004_0243" 9104
"/Engine/EngineMaterials/Substrate/Glints2/dict_0004_0242" 9105
"/Engine/EngineMaterials/Substrate/Glints2/dict_0004_0241" 9106
"/Engine/EngineMaterials/Substrate/Glints2/dict_0005_0008" 9107
"/Engine/EngineMaterials/Substrate/Glints2/dict_0004_0240" 9108
"/Engine/EngineMaterials/Substrate/Glints2/dict_0004_0239" 9109
"/Engine/EngineMaterials/Substrate/Glints2/dict_0005_0007" 9110
"/Engine/EngineMaterials/Substrate/Glints2/dict_0004_0238" 9111
"/Engine/EngineMaterials/Substrate/Glints2/dict_0005_0006" 9112
"/Engine/EngineMaterials/Substrate/Glints2/dict_0005_0005" 9113
"/Engine/EngineMaterials/Substrate/Glints2/dict_0005_0004" 9114
"/Engine/EngineMaterials/Substrate/Glints2/dict_0005_0003" 9115
"/Engine/EngineMaterials/Substrate/Glints2/dict_0005_0002" 9116
"../../../Engine/Content/EngineMaterials/Substrate/Glints2/dict_0005_0014.uasset" 9117
"../../../Engine/Content/EngineMaterials/Substrate/Glints2/dict_0005_0017.uasset" 9118
"../../../Engine/Content/EngineMaterials/Substrate/Glints2/dict_0005_0019.uasset" 9119
"../../../Engine/Content/EngineMaterials/Substrate/Glints2/dict_0005_0015.uasset" 9120
"../../../Engine/Content/EngineMaterials/Substrate/Glints2/dict_0005_0021.uasset" 9121
"../../../Engine/Content/EngineMaterials/Substrate/Glints2/dict_0005_0020.uasset" 9122
"../../../Engine/Content/EngineMaterials/Substrate/Glints2/dict_0005_0023.uasset" 9123
"../../../Engine/Content/EngineMaterials/Substrate/Glints2/dict_0005_0026.uasset" 9124
"../../../Engine/Content/EngineMaterials/Substrate/Glints2/dict_0005_0024.uasset" 9125
"../../../Engine/Content/EngineMaterials/Substrate/Glints2/dict_0005_0027.uasset" 9126
"../../../Engine/Content/EngineMaterials/Substrate/Glints2/dict_0005_0025.uasset" 9127
"../../../Engine/Content/EngineMaterials/Substrate/Glints2/dict_0005_0030.uasset" 9128
"../../../Engine/Content/EngineMaterials/Substrate/Glints2/dict_0005_0028.uasset" 9129
"../../../Engine/Content/EngineMaterials/Substrate/Glints2/dict_0005_0031.uasset" 9130
"../../../Engine/Content/EngineMaterials/Substrate/Glints2/dict_0005_0032.uasset" 9131
"../../../Engine/Content/EngineMaterials/Substrate/Glints2/dict_0005_0033.uasset" 9132
"../../../Engine/Content/EngineMaterials/Substrate/Glints2/dict_0005_0034.uasset" 9133
"../../../Engine/Content/EngineMaterials/Substrate/Glints2/dict_0005_0036.uasset" 9134
"../../../Engine/Content/EngineMaterials/Substrate/Glints2/dict_0005_0035.uasset" 9135
"../../../Engine/Content/EngineMaterials/Substrate/Glints2/dict_0005_0037.uasset" 9136
"../../../Engine/Content/EngineMaterials/Substrate/Glints2/dict_0005_0038.uasset" 9137
"../../../Engine/Content/EngineMaterials/Substrate/Glints2/dict_0005_0016.uasset" 9138
"../../../Engine/Content/EngineMaterials/Substrate/Glints2/dict_0005_0040.uasset" 9139
"../../../Engine/Content/EngineMaterials/Substrate/Glints2/dict_0005_0042.uasset" 9140
"../../../Engine/Content/EngineMaterials/Substrate/Glints2/dict_0005_0041.uasset" 9141
"../../../Engine/Content/EngineMaterials/Substrate/Glints2/dict_0005_0018.uasset" 9142
"../../../Engine/Content/EngineMaterials/Substrate/Glints2/dict_0005_0029.uasset" 9143
"../../../Engine/Content/EngineMaterials/Substrate/Glints2/dict_0005_0022.uasset" 9144
"../../../Engine/Content/EngineMaterials/Substrate/Glints2/dict_0005_0039.uasset" 9145
"/Engine/EngineMaterials/Substrate/Glints2/dict_0005_0013" 9146
"/Engine/EngineMaterials/Substrate/Glints2/dict_0005_0012" 9147
"/Engine/EngineMaterials/Substrate/Glints2/dict_0005_0011" 9148
"/Engine/EngineMaterials/Substrate/Glints2/dict_0005_0027" 9149
"/Engine/EngineMaterials/Substrate/Glints2/dict_0005_0026" 9150
"/Engine/EngineMaterials/Substrate/Glints2/dict_0005_0025" 9151
"/Engine/EngineMaterials/Substrate/Glints2/dict_0005_0024" 9152
"/Engine/EngineMaterials/Substrate/Glints2/dict_0005_0023" 9153
"/Engine/EngineMaterials/Substrate/Glints2/dict_0005_0021" 9154
"/Engine/EngineMaterials/Substrate/Glints2/dict_0005_0020" 9155
"/Engine/EngineMaterials/Substrate/Glints2/dict_0005_0019" 9156
"/Engine/EngineMaterials/Substrate/Glints2/dict_0005_0017" 9157
"/Engine/EngineMaterials/Substrate/Glints2/dict_0005_0016" 9158
"/Engine/EngineMaterials/Substrate/Glints2/dict_0005_0015" 9159
"/Engine/EngineMaterials/Substrate/Glints2/dict_0005_0014" 9160
"../../../Engine/Content/EngineMaterials/Substrate/Glints2/dict_0005_0043.uasset" 9161
"../../../Engine/Content/EngineMaterials/Substrate/Glints2/dict_0005_0044.uasset" 9162
"../../../Engine/Content/EngineMaterials/Substrate/Glints2/dict_0005_0045.uasset" 9163
"../../../Engine/Content/EngineMaterials/Substrate/Glints2/dict_0005_0046.uasset" 9164
"../../../Engine/Content/EngineMaterials/Substrate/Glints2/dict_0005_0048.uasset" 9165
"../../../Engine/Content/EngineMaterials/Substrate/Glints2/dict_0005_0049.uasset" 9166
"../../../Engine/Content/EngineMaterials/Substrate/Glints2/dict_0005_0051.uasset" 9167
"../../../Engine/Content/EngineMaterials/Substrate/Glints2/dict_0005_0052.uasset" 9168
"../../../Engine/Content/EngineMaterials/Substrate/Glints2/dict_0005_0054.uasset" 9169
"../../../Engine/Content/EngineMaterials/Substrate/Glints2/dict_0005_0053.uasset" 9170
"../../../Engine/Content/EngineMaterials/Substrate/Glints2/dict_0005_0047.uasset" 9171
"../../../Engine/Content/EngineMaterials/Substrate/Glints2/dict_0005_0050.uasset" 9172
"/Engine/EngineMaterials/Substrate/Glints2/dict_0005_0042" 9173
"../../../Engine/Content/EngineMaterials/Substrate/Glints2/dict_0005_0056.uasset" 9174
"../../../Engine/Content/EngineMaterials/Substrate/Glints2/dict_0005_0055.uasset" 9175
"../../../Engine/Content/EngineMaterials/Substrate/Glints2/dict_0005_0057.uasset" 9176
"/Engine/EngineMaterials/Substrate/Glints2/dict_0005_0041" 9177
"/Engine/EngineMaterials/Substrate/Glints2/dict_0005_0040" 9178
"/Engine/EngineMaterials/Substrate/Glints2/dict_0005_0039" 9179
"/Engine/EngineMaterials/Substrate/Glints2/dict_0005_0038" 9180
"/Engine/EngineMaterials/Substrate/Glints2/dict_0005_0037" 9181
"/Engine/EngineMaterials/Substrate/Glints2/dict_0005_0036" 9182
"/Engine/EngineMaterials/Substrate/Glints2/dict_0005_0035" 9183
"/Engine/EngineMaterials/Substrate/Glints2/dict_0005_0034" 9184
"/Engine/EngineMaterials/Substrate/Glints2/dict_0005_0033" 9185
"/Engine/EngineMaterials/Substrate/Glints2/dict_0005_0032" 9186
"/Engine/EngineMaterials/Substrate/Glints2/dict_0005_0031" 9187
"/Engine/EngineMaterials/Substrate/Glints2/dict_0005_0030" 9188
"/Engine/EngineMaterials/Substrate/Glints2/dict_0005_0029" 9189
"/Engine/EngineMaterials/Substrate/Glints2/dict_0005_0028" 9190
"/Engine/EngineMaterials/Substrate/Glints2/dict_0005_0022" 9191
"/Engine/EngineMaterials/Substrate/Glints2/dict_0005_0018" 9192
"/Engine/EngineMaterials/Substrate/Glints2/dict_0005_0046" 9193
"/Engine/EngineMaterials/Substrate/Glints2/dict_0005_0045" 9194
"/Engine/EngineMaterials/Substrate/Glints2/dict_0005_0044" 9195
"/Engine/EngineMaterials/Substrate/Glints2/dict_0005_0043" 9196
"../../../Engine/Content/EngineMaterials/Substrate/Glints2/dict_0005_0059.uasset" 9197
"../../../Engine/Content/EngineMaterials/Substrate/Glints2/dict_0005_0062.uasset" 9198
"../../../Engine/Content/EngineMaterials/Substrate/Glints2/dict_0005_0064.uasset" 9199
"../../../Engine/Content/EngineMaterials/Substrate/Glints2/dict_0005_0067.uasset" 9200
"../../../Engine/Content/EngineMaterials/Substrate/Glints2/dict_0005_0058.uasset" 9201
"../../../Engine/Content/EngineMaterials/Substrate/Glints2/dict_0005_0068.uasset" 9202
"../../../Engine/Content/EngineMaterials/Substrate/Glints2/dict_0005_0069.uasset" 9203
"../../../Engine/Content/EngineMaterials/Substrate/Glints2/dict_0005_0063.uasset" 9204
"../../../Engine/Content/EngineMaterials/Substrate/Glints2/dict_0005_0070.uasset" 9205
"../../../Engine/Content/EngineMaterials/Substrate/Glints2/dict_0005_0071.uasset" 9206
"../../../Engine/Content/EngineMaterials/Substrate/Glints2/dict_0005_0066.uasset" 9207
"../../../Engine/Content/EngineMaterials/Substrate/Glints2/dict_0005_0065.uasset" 9208
"../../../Engine/Content/EngineMaterials/Substrate/Glints2/dict_0005_0060.uasset" 9209
"../../../Engine/Content/EngineMaterials/Substrate/Glints2/dict_0005_0075.uasset" 9210
"../../../Engine/Content/EngineMaterials/Substrate/Glints2/dict_0005_0072.uasset" 9211
"../../../Engine/Content/EngineMaterials/Substrate/Glints2/dict_0005_0077.uasset" 9212
"../../../Engine/Content/EngineMaterials/Substrate/Glints2/dict_0005_0061.uasset" 9213
"/Engine/EngineMaterials/Substrate/Glints2/dict_0005_0057" 9214
"../../../Engine/Content/EngineMaterials/Substrate/Glints2/dict_0005_0076.uasset" 9215
"../../../Engine/Content/EngineMaterials/Substrate/Glints2/dict_0005_0073.uasset" 9216
"../../../Engine/Content/EngineMaterials/Substrate/Glints2/dict_0005_0078.uasset" 9217
"../../../Engine/Content/EngineMaterials/Substrate/Glints2/dict_0005_0074.uasset" 9218
"/Engine/EngineMaterials/Substrate/Glints2/dict_0005_0056" 9219
"/Engine/EngineMaterials/Substrate/Glints2/dict_0005_0055" 9220
"/Engine/EngineMaterials/Substrate/Glints2/dict_0005_0054" 9221
"/Engine/EngineMaterials/Substrate/Glints2/dict_0005_0053" 9222
"/Engine/EngineMaterials/Substrate/Glints2/dict_0005_0052" 9223
"/Engine/EngineMaterials/Substrate/Glints2/dict_0005_0051" 9224
"/Engine/EngineMaterials/Substrate/Glints2/dict_0005_0050" 9225
"/Engine/EngineMaterials/Substrate/Glints2/dict_0005_0049" 9226
"/Engine/EngineMaterials/Substrate/Glints2/dict_0005_0048" 9227
"/Engine/EngineMaterials/Substrate/Glints2/dict_0005_0047" 9228
"/Engine/EngineMaterials/Substrate/Glints2/dict_0005_0062" 9229
"/Engine/EngineMaterials/Substrate/Glints2/dict_0005_0059" 9230
"/Engine/EngineMaterials/Substrate/Glints2/dict_0005_0058" 9231
"../../../Engine/Content/EngineMaterials/Substrate/Glints2/dict_0005_0080.uasset" 9232
"../../../Engine/Content/EngineMaterials/Substrate/Glints2/dict_0005_0083.uasset" 9233
"../../../Engine/Content/EngineMaterials/Substrate/Glints2/dict_0005_0084.uasset" 9234
"../../../Engine/Content/EngineMaterials/Substrate/Glints2/dict_0005_0087.uasset" 9235
"../../../Engine/Content/EngineMaterials/Substrate/Glints2/dict_0005_0085.uasset" 9236
"../../../Engine/Content/EngineMaterials/Substrate/Glints2/dict_0005_0088.uasset" 9237
"../../../Engine/Content/EngineMaterials/Substrate/Glints2/dict_0005_0082.uasset" 9238
"../../../Engine/Content/EngineMaterials/Substrate/Glints2/dict_0005_0089.uasset" 9239
"../../../Engine/Content/EngineMaterials/Substrate/Glints2/dict_0005_0092.uasset" 9240
"../../../Engine/Content/EngineMaterials/Substrate/Glints2/dict_0005_0086.uasset" 9241
"../../../Engine/Content/EngineMaterials/Substrate/Glints2/dict_0005_0090.uasset" 9242
"../../../Engine/Content/EngineMaterials/Substrate/Glints2/dict_0005_0091.uasset" 9243
"../../../Engine/Content/EngineMaterials/Substrate/Glints2/dict_0005_0079.uasset" 9244
"/Engine/EngineMaterials/Substrate/Glints2/dict_0005_0078" 9245
"../../../Engine/Content/EngineMaterials/Substrate/Glints2/dict_0005_0081.uasset" 9246
"/Engine/EngineMaterials/Substrate/Glints2/dict_0005_0077" 9247
"/Engine/EngineMaterials/Substrate/Glints2/dict_0005_0076" 9248
"/Engine/EngineMaterials/Substrate/Glints2/dict_0005_0075" 9249
"/Engine/EngineMaterials/Substrate/Glints2/dict_0005_0074" 9250
"/Engine/EngineMaterials/Substrate/Glints2/dict_0005_0073" 9251
"/Engine/EngineMaterials/Substrate/Glints2/dict_0005_0072" 9252
"/Engine/EngineMaterials/Substrate/Glints2/dict_0005_0071" 9253
"/Engine/EngineMaterials/Substrate/Glints2/dict_0005_0070" 9254
"/Engine/EngineMaterials/Substrate/Glints2/dict_0005_0069" 9255
"/Engine/EngineMaterials/Substrate/Glints2/dict_0005_0068" 9256
"/Engine/EngineMaterials/Substrate/Glints2/dict_0005_0067" 9257
"/Engine/EngineMaterials/Substrate/Glints2/dict_0005_0066" 9258
"/Engine/EngineMaterials/Substrate/Glints2/dict_0005_0065" 9259
"/Engine/EngineMaterials/Substrate/Glints2/dict_0005_0064" 9260
"/Engine/EngineMaterials/Substrate/Glints2/dict_0005_0088" 9261
"/Engine/EngineMaterials/Substrate/Glints2/dict_0005_0087" 9262
"/Engine/EngineMaterials/Substrate/Glints2/dict_0005_0085" 9263
"/Engine/EngineMaterials/Substrate/Glints2/dict_0005_0063" 9264
"/Engine/EngineMaterials/Substrate/Glints2/dict_0005_0084" 9265
"/Engine/EngineMaterials/Substrate/Glints2/dict_0005_0083" 9266
"/Engine/EngineMaterials/Substrate/Glints2/dict_0005_0082" 9267
"/Engine/EngineMaterials/Substrate/Glints2/dict_0005_0061" 9268
"/Engine/EngineMaterials/Substrate/Glints2/dict_0005_0060" 9269
"/Engine/EngineMaterials/Substrate/Glints2/dict_0005_0080" 9270
"../../../Engine/Content/EngineMaterials/Substrate/Glints2/dict_0005_0093.uasset" 9271
"../../../Engine/Content/EngineMaterials/Substrate/Glints2/dict_0005_0094.uasset" 9272
"../../../Engine/Content/EngineMaterials/Substrate/Glints2/dict_0005_0095.uasset" 9273
"../../../Engine/Content/EngineMaterials/Substrate/Glints2/dict_0005_0096.uasset" 9274
"../../../Engine/Content/EngineMaterials/Substrate/Glints2/dict_0005_0098.uasset" 9275
"../../../Engine/Content/EngineMaterials/Substrate/Glints2/dict_0005_0097.uasset" 9276
"../../../Engine/Content/EngineMaterials/Substrate/Glints2/dict_0005_0099.uasset" 9277
"../../../Engine/Content/EngineMaterials/Substrate/Glints2/dict_0005_0100.uasset" 9278
"../../../Engine/Content/EngineMaterials/Substrate/Glints2/dict_0005_0101.uasset" 9279
"../../../Engine/Content/EngineMaterials/Substrate/Glints2/dict_0005_0102.uasset" 9280
"../../../Engine/Content/EngineMaterials/Substrate/Glints2/dict_0005_0103.uasset" 9281
"/Engine/EngineMaterials/Substrate/Glints2/dict_0005_0092" 9282
"../../../Engine/Content/EngineMaterials/Substrate/Glints2/dict_0005_0104.uasset" 9283
"../../../Engine/Content/EngineMaterials/Substrate/Glints2/dict_0005_0105.uasset" 9284
"../../../Engine/Content/EngineMaterials/Substrate/Glints2/dict_0005_0108.uasset" 9285
"../../../Engine/Content/EngineMaterials/Substrate/Glints2/dict_0005_0109.uasset" 9286
"../../../Engine/Content/EngineMaterials/Substrate/Glints2/dict_0005_0110.uasset" 9287
"../../../Engine/Content/EngineMaterials/Substrate/Glints2/dict_0005_0111.uasset" 9288
"../../../Engine/Content/EngineMaterials/Substrate/Glints2/dict_0005_0106.uasset" 9289
"../../../Engine/Content/EngineMaterials/Substrate/Glints2/dict_0005_0114.uasset" 9290
"../../../Engine/Content/EngineMaterials/Substrate/Glints2/dict_0005_0112.uasset" 9291
"../../../Engine/Content/EngineMaterials/Substrate/Glints2/dict_0005_0116.uasset" 9292
"../../../Engine/Content/EngineMaterials/Substrate/Glints2/dict_0005_0115.uasset" 9293
"../../../Engine/Content/EngineMaterials/Substrate/Glints2/dict_0005_0107.uasset" 9294
"../../../Engine/Content/EngineMaterials/Substrate/Glints2/dict_0005_0117.uasset" 9295
"../../../Engine/Content/EngineMaterials/Substrate/Glints2/dict_0005_0113.uasset" 9296
"/Engine/EngineMaterials/Substrate/Glints2/dict_0005_0091" 9297
"/Engine/EngineMaterials/Substrate/Glints2/dict_0005_0090" 9298
"/Engine/EngineMaterials/Substrate/Glints2/dict_0005_0089" 9299
"/Engine/EngineMaterials/Substrate/Glints2/dict_0005_0086" 9300
"/Engine/EngineMaterials/Substrate/Glints2/dict_0005_0096" 9301
"/Engine/EngineMaterials/Substrate/Glints2/dict_0005_0081" 9302
"/Engine/EngineMaterials/Substrate/Glints2/dict_0005_0095" 9303
"/Engine/EngineMaterials/Substrate/Glints2/dict_0005_0094" 9304
"/Engine/EngineMaterials/Substrate/Glints2/dict_0005_0079" 9305
"../../../Engine/Content/EngineMaterials/Substrate/Glints2/dict_0005_0118.uasset" 9306
"../../../Engine/Content/EngineMaterials/Substrate/Glints2/dict_0005_0122.uasset" 9307
"../../../Engine/Content/EngineMaterials/Substrate/Glints2/dict_0005_0120.uasset" 9308
"../../../Engine/Content/EngineMaterials/Substrate/Glints2/dict_0005_0123.uasset" 9309
"../../../Engine/Content/EngineMaterials/Substrate/Glints2/dict_0005_0125.uasset" 9310
"../../../Engine/Content/EngineMaterials/Substrate/Glints2/dict_0005_0124.uasset" 9311
"../../../Engine/Content/EngineMaterials/Substrate/Glints2/dict_0005_0127.uasset" 9312
"../../../Engine/Content/EngineMaterials/Substrate/Glints2/dict_0005_0119.uasset" 9313
"../../../Engine/Content/EngineMaterials/Substrate/Glints2/dict_0005_0126.uasset" 9314
"../../../Engine/Content/EngineMaterials/Substrate/Glints2/dict_0005_0121.uasset" 9315
"/Engine/EngineMaterials/Substrate/Glints2/dict_0005_0117" 9316
"/Engine/EngineMaterials/Substrate/Glints2/dict_0005_0116" 9317
"/Engine/EngineMaterials/Substrate/Glints2/dict_0005_0115" 9318
"/Engine/EngineMaterials/Substrate/Glints2/dict_0005_0114" 9319
"/Engine/EngineMaterials/Substrate/Glints2/dict_0005_0113" 9320
"/Engine/EngineMaterials/Substrate/Glints2/dict_0005_0112" 9321
"/Engine/EngineMaterials/Substrate/Glints2/dict_0005_0111" 9322
"/Engine/EngineMaterials/Substrate/Glints2/dict_0005_0110" 9323
"/Engine/EngineMaterials/Substrate/Glints2/dict_0005_0109" 9324
"/Engine/EngineMaterials/Substrate/Glints2/dict_0005_0108" 9325
"/Engine/EngineMaterials/Substrate/Glints2/dict_0005_0107" 9326
"/Engine/EngineMaterials/Substrate/Glints2/dict_0005_0106" 9327
"/Engine/EngineMaterials/Substrate/Glints2/dict_0005_0105" 9328
"/Engine/EngineMaterials/Substrate/Glints2/dict_0005_0104" 9329
"/Engine/EngineMaterials/Substrate/Glints2/dict_0005_0103" 9330
"/Engine/EngineMaterials/Substrate/Glints2/dict_0005_0102" 9331
"/Engine/EngineMaterials/Substrate/Glints2/dict_0005_0101" 9332
"/Engine/EngineMaterials/Substrate/Glints2/dict_0005_0123" 9333
"/Engine/EngineMaterials/Substrate/Glints2/dict_0005_0100" 9334
"/Engine/EngineMaterials/Substrate/Glints2/dict_0005_0099" 9335
"/Engine/EngineMaterials/Substrate/Glints2/dict_0005_0098" 9336
"/Engine/EngineMaterials/Substrate/Glints2/dict_0005_0097" 9337
"/Engine/EngineMaterials/Substrate/Glints2/dict_0005_0122" 9338
"/Engine/EngineMaterials/Substrate/Glints2/dict_0005_0120" 9339
"/Engine/EngineMaterials/Substrate/Glints2/dict_0005_0093" 9340
"/Engine/EngineMaterials/Substrate/Glints2/dict_0005_0118" 9341
"../../../Engine/Content/EngineMaterials/Substrate/Glints2/dict_0005_0128.uasset" 9342
"../../../Engine/Content/EngineMaterials/Substrate/Glints2/dict_0005_0132.uasset" 9343
"../../../Engine/Content/EngineMaterials/Substrate/Glints2/dict_0005_0133.uasset" 9344
"../../../Engine/Content/EngineMaterials/Substrate/Glints2/dict_0005_0129.uasset" 9345
"../../../Engine/Content/EngineMaterials/Substrate/Glints2/dict_0005_0134.uasset" 9346
"../../../Engine/Content/EngineMaterials/Substrate/Glints2/dict_0005_0136.uasset" 9347
"/Engine/EngineMaterials/Substrate/Glints2/dict_0005_0127" 9348
"../../../Engine/Content/EngineMaterials/Substrate/Glints2/dict_0005_0139.uasset" 9349
"../../../Engine/Content/EngineMaterials/Substrate/Glints2/dict_0005_0140.uasset" 9350
"../../../Engine/Content/EngineMaterials/Substrate/Glints2/dict_0005_0141.uasset" 9351
"../../../Engine/Content/EngineMaterials/Substrate/Glints2/dict_0005_0142.uasset" 9352
"../../../Engine/Content/EngineMaterials/Substrate/Glints2/dict_0005_0137.uasset" 9353
"../../../Engine/Content/EngineMaterials/Substrate/Glints2/dict_0005_0144.uasset" 9354
"../../../Engine/Content/EngineMaterials/Substrate/Glints2/dict_0005_0143.uasset" 9355
"../../../Engine/Content/EngineMaterials/Substrate/Glints2/dict_0005_0145.uasset" 9356
"../../../Engine/Content/EngineMaterials/Substrate/Glints2/dict_0005_0147.uasset" 9357
"../../../Engine/Content/EngineMaterials/Substrate/Glints2/dict_0005_0149.uasset" 9358
"../../../Engine/Content/EngineMaterials/Substrate/Glints2/dict_0005_0150.uasset" 9359
"../../../Engine/Content/EngineMaterials/Substrate/Glints2/dict_0005_0148.uasset" 9360
"../../../Engine/Content/EngineMaterials/Substrate/Glints2/dict_0005_0146.uasset" 9361
"../../../Engine/Content/EngineMaterials/Substrate/Glints2/dict_0005_0151.uasset" 9362
"../../../Engine/Content/EngineMaterials/Substrate/Glints2/dict_0005_0152.uasset" 9363
"../../../Engine/Content/EngineMaterials/Substrate/Glints2/dict_0005_0153.uasset" 9364
"../../../Engine/Content/EngineMaterials/Substrate/Glints2/dict_0005_0135.uasset" 9365
"../../../Engine/Content/EngineMaterials/Substrate/Glints2/dict_0005_0131.uasset" 9366
"../../../Engine/Content/EngineMaterials/Substrate/Glints2/dict_0005_0130.uasset" 9367
"../../../Engine/Content/EngineMaterials/Substrate/Glints2/dict_0005_0138.uasset" 9368
"/Engine/EngineMaterials/Substrate/Glints2/dict_0005_0126" 9369
"/Engine/EngineMaterials/Substrate/Glints2/dict_0005_0125" 9370
"/Engine/EngineMaterials/Substrate/Glints2/dict_0005_0124" 9371
"/Engine/EngineMaterials/Substrate/Glints2/dict_0005_0121" 9372
"/Engine/EngineMaterials/Substrate/Glints2/dict_0005_0119" 9373
"../../../Engine/Content/EngineMaterials/Substrate/Glints2/dict_0005_0154.uasset" 9374
"../../../Engine/Content/EngineMaterials/Substrate/Glints2/dict_0005_0155.uasset" 9375
"../../../Engine/Content/EngineMaterials/Substrate/Glints2/dict_0005_0156.uasset" 9376
"../../../Engine/Content/EngineMaterials/Substrate/Glints2/dict_0005_0157.uasset" 9377
"../../../Engine/Content/EngineMaterials/Substrate/Glints2/dict_0005_0158.uasset" 9378
"../../../Engine/Content/EngineMaterials/Substrate/Glints2/dict_0005_0159.uasset" 9379
"/Engine/EngineMaterials/Substrate/Glints2/dict_0005_0153" 9380
"/Engine/EngineMaterials/Substrate/Glints2/dict_0005_0152" 9381
"/Engine/EngineMaterials/Substrate/Glints2/dict_0005_0151" 9382
"/Engine/EngineMaterials/Substrate/Glints2/dict_0005_0150" 9383
"/Engine/EngineMaterials/Substrate/Glints2/dict_0005_0149" 9384
"/Engine/EngineMaterials/Substrate/Glints2/dict_0005_0148" 9385
"/Engine/EngineMaterials/Substrate/Glints2/dict_0005_0147" 9386
"/Engine/EngineMaterials/Substrate/Glints2/dict_0005_0146" 9387
"/Engine/EngineMaterials/Substrate/Glints2/dict_0005_0145" 9388
"/Engine/EngineMaterials/Substrate/Glints2/dict_0005_0144" 9389
"/Engine/EngineMaterials/Substrate/Glints2/dict_0005_0143" 9390
"/Engine/EngineMaterials/Substrate/Glints2/dict_0005_0142" 9391
"/Engine/EngineMaterials/Substrate/Glints2/dict_0005_0141" 9392
"/Engine/EngineMaterials/Substrate/Glints2/dict_0005_0140" 9393
"/Engine/EngineMaterials/Substrate/Glints2/dict_0005_0139" 9394
"/Engine/EngineMaterials/Substrate/Glints2/dict_0005_0156" 9395
"/Engine/EngineMaterials/Substrate/Glints2/dict_0005_0138" 9396
"/Engine/EngineMaterials/Substrate/Glints2/dict_0005_0137" 9397
"/Engine/EngineMaterials/Substrate/Glints2/dict_0005_0136" 9398
"/Engine/EngineMaterials/Substrate/Glints2/dict_0005_0135" 9399
"/Engine/EngineMaterials/Substrate/Glints2/dict_0005_0134" 9400
"/Engine/EngineMaterials/Substrate/Glints2/dict_0005_0133" 9401
"/Engine/EngineMaterials/Substrate/Glints2/dict_0005_0132" 9402
"/Engine/EngineMaterials/Substrate/Glints2/dict_0005_0131" 9403
"/Engine/EngineMaterials/Substrate/Glints2/dict_0005_0155" 9404
"/Engine/EngineMaterials/Substrate/Glints2/dict_0005_0130" 9405
"/Engine/EngineMaterials/Substrate/Glints2/dict_0005_0154" 9406
"/Engine/EngineMaterials/Substrate/Glints2/dict_0005_0129" 9407
"/Engine/EngineMaterials/Substrate/Glints2/dict_0005_0128" 9408
"../../../Engine/Content/EngineMaterials/Substrate/Glints2/dict_0005_0160.uasset" 9409
"../../../Engine/Content/EngineMaterials/Substrate/Glints2/dict_0005_0161.uasset" 9410
"../../../Engine/Content/EngineMaterials/Substrate/Glints2/dict_0005_0162.uasset" 9411
"../../../Engine/Content/EngineMaterials/Substrate/Glints2/dict_0005_0163.uasset" 9412
"../../../Engine/Content/EngineMaterials/Substrate/Glints2/dict_0005_0164.uasset" 9413
"../../../Engine/Content/EngineMaterials/Substrate/Glints2/dict_0005_0165.uasset" 9414
"../../../Engine/Content/EngineMaterials/Substrate/Glints2/dict_0005_0166.uasset" 9415
"../../../Engine/Content/EngineMaterials/Substrate/Glints2/dict_0005_0168.uasset" 9416
"../../../Engine/Content/EngineMaterials/Substrate/Glints2/dict_0005_0171.uasset" 9417
"../../../Engine/Content/EngineMaterials/Substrate/Glints2/dict_0005_0167.uasset" 9418
"/Engine/EngineMaterials/Substrate/Glints2/dict_0005_0159" 9419
"../../../Engine/Content/EngineMaterials/Substrate/Glints2/dict_0005_0175.uasset" 9420
"../../../Engine/Content/EngineMaterials/Substrate/Glints2/dict_0005_0170.uasset" 9421
"../../../Engine/Content/EngineMaterials/Substrate/Glints2/dict_0005_0178.uasset" 9422
"../../../Engine/Content/EngineMaterials/Substrate/Glints2/dict_0005_0172.uasset" 9423
"../../../Engine/Content/EngineMaterials/Substrate/Glints2/dict_0005_0179.uasset" 9424
"../../../Engine/Content/EngineMaterials/Substrate/Glints2/dict_0005_0169.uasset" 9425
"../../../Engine/Content/EngineMaterials/Substrate/Glints2/dict_0005_0181.uasset" 9426
"../../../Engine/Content/EngineMaterials/Substrate/Glints2/dict_0005_0173.uasset" 9427
"../../../Engine/Content/EngineMaterials/Substrate/Glints2/dict_0005_0177.uasset" 9428
"../../../Engine/Content/EngineMaterials/Substrate/Glints2/dict_0005_0180.uasset" 9429
"../../../Engine/Content/EngineMaterials/Substrate/Glints2/dict_0005_0187.uasset" 9430
"../../../Engine/Content/EngineMaterials/Substrate/Glints2/dict_0005_0188.uasset" 9431
"../../../Engine/Content/EngineMaterials/Substrate/Glints2/dict_0005_0182.uasset" 9432
"../../../Engine/Content/EngineMaterials/Substrate/Glints2/dict_0005_0183.uasset" 9433
"../../../Engine/Content/EngineMaterials/Substrate/Glints2/dict_0005_0174.uasset" 9434
"../../../Engine/Content/EngineMaterials/Substrate/Glints2/dict_0005_0176.uasset" 9435
"../../../Engine/Content/EngineMaterials/Substrate/Glints2/dict_0005_0184.uasset" 9436
"../../../Engine/Content/EngineMaterials/Substrate/Glints2/dict_0005_0186.uasset" 9437
"../../../Engine/Content/EngineMaterials/Substrate/Glints2/dict_0005_0185.uasset" 9438
"/Engine/EngineMaterials/Substrate/Glints2/dict_0005_0158" 9439
"/Engine/EngineMaterials/Substrate/Glints2/dict_0005_0157" 9440
"/Engine/EngineMaterials/Substrate/Glints2/dict_0005_0165" 9441
"/Engine/EngineMaterials/Substrate/Glints2/dict_0005_0164" 9442
"/Engine/EngineMaterials/Substrate/Glints2/dict_0005_0163" 9443
"/Engine/EngineMaterials/Substrate/Glints2/dict_0005_0162" 9444
"/Engine/EngineMaterials/Substrate/Glints2/dict_0005_0161" 9445
"/Engine/EngineMaterials/Substrate/Glints2/dict_0005_0160" 9446
"../../../Engine/Content/EngineMaterials/Substrate/Glints2/dict_0005_0189.uasset" 9447
"../../../Engine/Content/EngineMaterials/Substrate/Glints2/dict_0005_0193.uasset" 9448
"../../../Engine/Content/EngineMaterials/Substrate/Glints2/dict_0005_0192.uasset" 9449
"../../../Engine/Content/EngineMaterials/Substrate/Glints2/dict_0005_0190.uasset" 9450
"../../../Engine/Content/EngineMaterials/Substrate/Glints2/dict_0005_0194.uasset" 9451
"../../../Engine/Content/EngineMaterials/Substrate/Glints2/dict_0005_0195.uasset" 9452
"../../../Engine/Content/EngineMaterials/Substrate/Glints2/dict_0005_0196.uasset" 9453
"../../../Engine/Content/EngineMaterials/Substrate/Glints2/dict_0005_0197.uasset" 9454
"../../../Engine/Content/EngineMaterials/Substrate/Glints2/dict_0005_0191.uasset" 9455
"/Engine/EngineMaterials/Substrate/Glints2/dict_0005_0188" 9456
"/Engine/EngineMaterials/Substrate/Glints2/dict_0005_0187" 9457
"/Engine/EngineMaterials/Substrate/Glints2/dict_0005_0186" 9458
"/Engine/EngineMaterials/Substrate/Glints2/dict_0005_0185" 9459
"/Engine/EngineMaterials/Substrate/Glints2/dict_0005_0184" 9460
"/Engine/EngineMaterials/Substrate/Glints2/dict_0005_0183" 9461
"/Engine/EngineMaterials/Substrate/Glints2/dict_0005_0182" 9462
"/Engine/EngineMaterials/Substrate/Glints2/dict_0005_0181" 9463
"/Engine/EngineMaterials/Substrate/Glints2/dict_0005_0180" 9464
"/Engine/EngineMaterials/Substrate/Glints2/dict_0005_0179" 9465
"/Engine/EngineMaterials/Substrate/Glints2/dict_0005_0178" 9466
"/Engine/EngineMaterials/Substrate/Glints2/dict_0005_0177" 9467
"/Engine/EngineMaterials/Substrate/Glints2/dict_0005_0176" 9468
"/Engine/EngineMaterials/Substrate/Glints2/dict_0005_0175" 9469
"/Engine/EngineMaterials/Substrate/Glints2/dict_0005_0174" 9470
"/Engine/EngineMaterials/Substrate/Glints2/dict_0005_0173" 9471
"/Engine/EngineMaterials/Substrate/Glints2/dict_0005_0172" 9472
"/Engine/EngineMaterials/Substrate/Glints2/dict_0005_0171" 9473
"/Engine/EngineMaterials/Substrate/Glints2/dict_0005_0170" 9474
"/Engine/EngineMaterials/Substrate/Glints2/dict_0005_0169" 9475
"/Engine/EngineMaterials/Substrate/Glints2/dict_0005_0168" 9476
"/Engine/EngineMaterials/Substrate/Glints2/dict_0005_0167" 9477
"/Engine/EngineMaterials/Substrate/Glints2/dict_0005_0166" 9478
"/Engine/EngineMaterials/Substrate/Glints2/dict_0005_0194" 9479
"/Engine/EngineMaterials/Substrate/Glints2/dict_0005_0193" 9480
"/Engine/EngineMaterials/Substrate/Glints2/dict_0005_0192" 9481
"/Engine/EngineMaterials/Substrate/Glints2/dict_0005_0191" 9482
"/Engine/EngineMaterials/Substrate/Glints2/dict_0005_0190" 9483
"/Engine/EngineMaterials/Substrate/Glints2/dict_0005_0189" 9484
"../../../Engine/Content/EngineMaterials/Substrate/Glints2/dict_0005_0198.uasset" 9485
"../../../Engine/Content/EngineMaterials/Substrate/Glints2/dict_0005_0202.uasset" 9486
"../../../Engine/Content/EngineMaterials/Substrate/Glints2/dict_0005_0203.uasset" 9487
"../../../Engine/Content/EngineMaterials/Substrate/Glints2/dict_0005_0204.uasset" 9488
"../../../Engine/Content/EngineMaterials/Substrate/Glints2/dict_0005_0205.uasset" 9489
"../../../Engine/Content/EngineMaterials/Substrate/Glints2/dict_0005_0208.uasset" 9490
"../../../Engine/Content/EngineMaterials/Substrate/Glints2/dict_0005_0207.uasset" 9491
"../../../Engine/Content/EngineMaterials/Substrate/Glints2/dict_0005_0206.uasset" 9492
"../../../Engine/Content/EngineMaterials/Substrate/Glints2/dict_0005_0210.uasset" 9493
"../../../Engine/Content/EngineMaterials/Substrate/Glints2/dict_0005_0211.uasset" 9494
"../../../Engine/Content/EngineMaterials/Substrate/Glints2/dict_0005_0214.uasset" 9495
"../../../Engine/Content/EngineMaterials/Substrate/Glints2/dict_0005_0213.uasset" 9496
"../../../Engine/Content/EngineMaterials/Substrate/Glints2/dict_0005_0215.uasset" 9497
"../../../Engine/Content/EngineMaterials/Substrate/Glints2/dict_0005_0219.uasset" 9498
"../../../Engine/Content/EngineMaterials/Substrate/Glints2/dict_0005_0212.uasset" 9499
"../../../Engine/Content/EngineMaterials/Substrate/Glints2/dict_0005_0201.uasset" 9500
"../../../Engine/Content/EngineMaterials/Substrate/Glints2/dict_0005_0217.uasset" 9501
"../../../Engine/Content/EngineMaterials/Substrate/Glints2/dict_0005_0221.uasset" 9502
"../../../Engine/Content/EngineMaterials/Substrate/Glints2/dict_0005_0218.uasset" 9503
"../../../Engine/Content/EngineMaterials/Substrate/Glints2/dict_0005_0199.uasset" 9504
"../../../Engine/Content/EngineMaterials/Substrate/Glints2/dict_0005_0222.uasset" 9505
"../../../Engine/Content/EngineMaterials/Substrate/Glints2/dict_0005_0200.uasset" 9506
"../../../Engine/Content/EngineMaterials/Substrate/Glints2/dict_0005_0225.uasset" 9507
"/Engine/EngineMaterials/Substrate/Glints2/dict_0005_0197" 9508
"../../../Engine/Content/EngineMaterials/Substrate/Glints2/dict_0005_0216.uasset" 9509
"../../../Engine/Content/EngineMaterials/Substrate/Glints2/dict_0005_0226.uasset" 9510
"../../../Engine/Content/EngineMaterials/Substrate/Glints2/dict_0005_0220.uasset" 9511
"../../../Engine/Content/EngineMaterials/Substrate/Glints2/dict_0005_0223.uasset" 9512
"../../../Engine/Content/EngineMaterials/Substrate/Glints2/dict_0005_0224.uasset" 9513
"../../../Engine/Content/EngineMaterials/Substrate/Glints2/dict_0005_0209.uasset" 9514
"/Engine/EngineMaterials/Substrate/Glints2/dict_0005_0196" 9515
"/Engine/EngineMaterials/Substrate/Glints2/dict_0005_0195" 9516
"/Engine/EngineMaterials/Substrate/Glints2/dict_0005_0210" 9517
"/Engine/EngineMaterials/Substrate/Glints2/dict_0005_0208" 9518
"/Engine/EngineMaterials/Substrate/Glints2/dict_0005_0207" 9519
"/Engine/EngineMaterials/Substrate/Glints2/dict_0005_0206" 9520
"/Engine/EngineMaterials/Substrate/Glints2/dict_0005_0205" 9521
"/Engine/EngineMaterials/Substrate/Glints2/dict_0005_0204" 9522
"/Engine/EngineMaterials/Substrate/Glints2/dict_0005_0203" 9523
"/Engine/EngineMaterials/Substrate/Glints2/dict_0005_0202" 9524
"/Engine/EngineMaterials/Substrate/Glints2/dict_0005_0198" 9525
"../../../Engine/Content/EngineMaterials/Substrate/Glints2/dict_0005_0227.uasset" 9526
"../../../Engine/Content/EngineMaterials/Substrate/Glints2/dict_0005_0230.uasset" 9527
"../../../Engine/Content/EngineMaterials/Substrate/Glints2/dict_0005_0228.uasset" 9528
"../../../Engine/Content/EngineMaterials/Substrate/Glints2/dict_0005_0229.uasset" 9529
"../../../Engine/Content/EngineMaterials/Substrate/Glints2/dict_0005_0232.uasset" 9530
"../../../Engine/Content/EngineMaterials/Substrate/Glints2/dict_0005_0231.uasset" 9531
"../../../Engine/Content/EngineMaterials/Substrate/Glints2/dict_0005_0233.uasset" 9532
"../../../Engine/Content/EngineMaterials/Substrate/Glints2/dict_0005_0236.uasset" 9533
"../../../Engine/Content/EngineMaterials/Substrate/Glints2/dict_0005_0237.uasset" 9534
"../../../Engine/Content/EngineMaterials/Substrate/Glints2/dict_0005_0234.uasset" 9535
"../../../Engine/Content/EngineMaterials/Substrate/Glints2/dict_0005_0238.uasset" 9536
"../../../Engine/Content/EngineMaterials/Substrate/Glints2/dict_0005_0235.uasset" 9537
"/Engine/EngineMaterials/Substrate/Glints2/dict_0005_0226" 9538
"/Engine/EngineMaterials/Substrate/Glints2/dict_0005_0225" 9539
"/Engine/EngineMaterials/Substrate/Glints2/dict_0005_0224" 9540
"/Engine/EngineMaterials/Substrate/Glints2/dict_0005_0223" 9541
"/Engine/EngineMaterials/Substrate/Glints2/dict_0005_0222" 9542
"/Engine/EngineMaterials/Substrate/Glints2/dict_0005_0221" 9543
"/Engine/EngineMaterials/Substrate/Glints2/dict_0005_0220" 9544
"/Engine/EngineMaterials/Substrate/Glints2/dict_0005_0219" 9545
"/Engine/EngineMaterials/Substrate/Glints2/dict_0005_0218" 9546
"/Engine/EngineMaterials/Substrate/Glints2/dict_0005_0217" 9547
"/Engine/EngineMaterials/Substrate/Glints2/dict_0005_0216" 9548
"/Engine/EngineMaterials/Substrate/Glints2/dict_0005_0215" 9549
"/Engine/EngineMaterials/Substrate/Glints2/dict_0005_0214" 9550
"/Engine/EngineMaterials/Substrate/Glints2/dict_0005_0213" 9551
"/Engine/EngineMaterials/Substrate/Glints2/dict_0005_0212" 9552
"/Engine/EngineMaterials/Substrate/Glints2/dict_0005_0211" 9553
"/Engine/EngineMaterials/Substrate/Glints2/dict_0005_0209" 9554
"/Engine/EngineMaterials/Substrate/Glints2/dict_0005_0232" 9555
"/Engine/EngineMaterials/Substrate/Glints2/dict_0005_0231" 9556
"/Engine/EngineMaterials/Substrate/Glints2/dict_0005_0230" 9557
"/Engine/EngineMaterials/Substrate/Glints2/dict_0005_0229" 9558
"/Engine/EngineMaterials/Substrate/Glints2/dict_0005_0228" 9559
"/Engine/EngineMaterials/Substrate/Glints2/dict_0005_0201" 9560
"/Engine/EngineMaterials/Substrate/Glints2/dict_0005_0200" 9561
"/Engine/EngineMaterials/Substrate/Glints2/dict_0005_0199" 9562
"/Engine/EngineMaterials/Substrate/Glints2/dict_0005_0227" 9563
"../../../Engine/Content/EngineMaterials/Substrate/Glints2/dict_0005_0242.uasset" 9564
"../../../Engine/Content/EngineMaterials/Substrate/Glints2/dict_0005_0243.uasset" 9565
"../../../Engine/Content/EngineMaterials/Substrate/Glints2/dict_0005_0241.uasset" 9566
"../../../Engine/Content/EngineMaterials/Substrate/Glints2/dict_0005_0246.uasset" 9567
"../../../Engine/Content/EngineMaterials/Substrate/Glints2/dict_0005_0240.uasset" 9568
"../../../Engine/Content/EngineMaterials/Substrate/Glints2/dict_0005_0247.uasset" 9569
"../../../Engine/Content/EngineMaterials/Substrate/Glints2/dict_0005_0248.uasset" 9570
"../../../Engine/Content/EngineMaterials/Substrate/Glints2/dict_0005_0245.uasset" 9571
"../../../Engine/Content/EngineMaterials/Substrate/Glints2/dict_0005_0244.uasset" 9572
"../../../Engine/Content/EngineMaterials/Substrate/Glints2/dict_0005_0239.uasset" 9573
"../../../Engine/Content/EngineMaterials/Substrate/Glints2/dict_0005_0249.uasset" 9574
"../../../Engine/Content/EngineMaterials/Substrate/Glints2/dict_0005_0255.uasset" 9575
"../../../Engine/Content/EngineMaterials/Substrate/Glints2/dict_0005_0253.uasset" 9576
"../../../Engine/Content/EngineMaterials/Substrate/Glints2/dict_0006_0000.uasset" 9577
"/Engine/EngineMaterials/Substrate/Glints2/dict_0005_0238" 9578
"../../../Engine/Content/EngineMaterials/Substrate/Glints2/dict_0006_0001.uasset" 9579
"../../../Engine/Content/EngineMaterials/Substrate/Glints2/dict_0006_0002.uasset" 9580
"../../../Engine/Content/EngineMaterials/Substrate/Glints2/dict_0006_0003.uasset" 9581
"../../../Engine/Content/EngineMaterials/Substrate/Glints2/dict_0006_0004.uasset" 9582
"../../../Engine/Content/EngineMaterials/Substrate/Glints2/dict_0006_0006.uasset" 9583
"../../../Engine/Content/EngineMaterials/Substrate/Glints2/dict_0006_0007.uasset" 9584
"../../../Engine/Content/EngineMaterials/Substrate/Glints2/dict_0005_0251.uasset" 9585
"../../../Engine/Content/EngineMaterials/Substrate/Glints2/dict_0005_0250.uasset" 9586
"../../../Engine/Content/EngineMaterials/Substrate/Glints2/dict_0005_0254.uasset" 9587
"../../../Engine/Content/EngineMaterials/Substrate/Glints2/dict_0005_0252.uasset" 9588
"../../../Engine/Content/EngineMaterials/Substrate/Glints2/dict_0006_0008.uasset" 9589
"../../../Engine/Content/EngineMaterials/Substrate/Glints2/dict_0006_0005.uasset" 9590
"/Engine/EngineMaterials/Substrate/Glints2/dict_0005_0237" 9591
"/Engine/EngineMaterials/Substrate/Glints2/dict_0005_0236" 9592
"/Engine/EngineMaterials/Substrate/Glints2/dict_0005_0235" 9593
"/Engine/EngineMaterials/Substrate/Glints2/dict_0005_0234" 9594
"/Engine/EngineMaterials/Substrate/Glints2/dict_0005_0233" 9595
"/Engine/EngineMaterials/Substrate/Glints2/dict_0005_0247" 9596
"/Engine/EngineMaterials/Substrate/Glints2/dict_0005_0246" 9597
"/Engine/EngineMaterials/Substrate/Glints2/dict_0005_0243" 9598
"/Engine/EngineMaterials/Substrate/Glints2/dict_0005_0242" 9599
"/Engine/EngineMaterials/Substrate/Glints2/dict_0005_0241" 9600
"/Engine/EngineMaterials/Substrate/Glints2/dict_0005_0240" 9601
"../../../Engine/Content/EngineMaterials/Substrate/Glints2/dict_0006_0011.uasset" 9602
"../../../Engine/Content/EngineMaterials/Substrate/Glints2/dict_0006_0012.uasset" 9603
"../../../Engine/Content/EngineMaterials/Substrate/Glints2/dict_0006_0014.uasset" 9604
"../../../Engine/Content/EngineMaterials/Substrate/Glints2/dict_0006_0015.uasset" 9605
"../../../Engine/Content/EngineMaterials/Substrate/Glints2/dict_0006_0009.uasset" 9606
"../../../Engine/Content/EngineMaterials/Substrate/Glints2/dict_0006_0013.uasset" 9607
"../../../Engine/Content/EngineMaterials/Substrate/Glints2/dict_0006_0019.uasset" 9608
"../../../Engine/Content/EngineMaterials/Substrate/Glints2/dict_0006_0020.uasset" 9609
"../../../Engine/Content/EngineMaterials/Substrate/Glints2/dict_0006_0018.uasset" 9610
"/Engine/EngineMaterials/Substrate/Glints2/dict_0006_0008" 9611
"../../../Engine/Content/EngineMaterials/Substrate/Glints2/dict_0006_0010.uasset" 9612
"../../../Engine/Content/EngineMaterials/Substrate/Glints2/dict_0006_0017.uasset" 9613
"../../../Engine/Content/EngineMaterials/Substrate/Glints2/dict_0006_0016.uasset" 9614
"/Engine/EngineMaterials/Substrate/Glints2/dict_0006_0007" 9615
"/Engine/EngineMaterials/Substrate/Glints2/dict_0006_0006" 9616
"/Engine/EngineMaterials/Substrate/Glints2/dict_0006_0005" 9617
"/Engine/EngineMaterials/Substrate/Glints2/dict_0006_0004" 9618
"/Engine/EngineMaterials/Substrate/Glints2/dict_0006_0003" 9619
"/Engine/EngineMaterials/Substrate/Glints2/dict_0006_0002" 9620
"/Engine/EngineMaterials/Substrate/Glints2/dict_0006_0001" 9621
"/Engine/EngineMaterials/Substrate/Glints2/dict_0006_0000" 9622
"/Engine/EngineMaterials/Substrate/Glints2/dict_0005_0255" 9623
"/Engine/EngineMaterials/Substrate/Glints2/dict_0005_0254" 9624
"/Engine/EngineMaterials/Substrate/Glints2/dict_0005_0253" 9625
"/Engine/EngineMaterials/Substrate/Glints2/dict_0005_0252" 9626
"/Engine/EngineMaterials/Substrate/Glints2/dict_0005_0251" 9627
"/Engine/EngineMaterials/Substrate/Glints2/dict_0005_0250" 9628
"/Engine/EngineMaterials/Substrate/Glints2/dict_0005_0249" 9629
"/Engine/EngineMaterials/Substrate/Glints2/dict_0005_0248" 9630
"/Engine/EngineMaterials/Substrate/Glints2/dict_0006_0014" 9631
"/Engine/EngineMaterials/Substrate/Glints2/dict_0005_0245" 9632
"/Engine/EngineMaterials/Substrate/Glints2/dict_0005_0244" 9633
"/Engine/EngineMaterials/Substrate/Glints2/dict_0006_0011" 9634
"/Engine/EngineMaterials/Substrate/Glints2/dict_0005_0239" 9635
"../../../Engine/Content/EngineMaterials/Substrate/Glints2/dict_0006_0022.uasset" 9636
"../../../Engine/Content/EngineMaterials/Substrate/Glints2/dict_0006_0021.uasset" 9637
"../../../Engine/Content/EngineMaterials/Substrate/Glints2/dict_0006_0024.uasset" 9638
"../../../Engine/Content/EngineMaterials/Substrate/Glints2/dict_0006_0025.uasset" 9639
"../../../Engine/Content/EngineMaterials/Substrate/Glints2/dict_0006_0027.uasset" 9640
"../../../Engine/Content/EngineMaterials/Substrate/Glints2/dict_0006_0029.uasset" 9641
"../../../Engine/Content/EngineMaterials/Substrate/Glints2/dict_0006_0031.uasset" 9642
"../../../Engine/Content/EngineMaterials/Substrate/Glints2/dict_0006_0032.uasset" 9643
"/Engine/EngineMaterials/Substrate/Glints2/dict_0006_0020" 9644
"../../../Engine/Content/EngineMaterials/Substrate/Glints2/dict_0006_0033.uasset" 9645
"../../../Engine/Content/EngineMaterials/Substrate/Glints2/dict_0006_0034.uasset" 9646
"../../../Engine/Content/EngineMaterials/Substrate/Glints2/dict_0006_0023.uasset" 9647
"../../../Engine/Content/EngineMaterials/Substrate/Glints2/dict_0006_0036.uasset" 9648
"../../../Engine/Content/EngineMaterials/Substrate/Glints2/dict_0006_0039.uasset" 9649
"../../../Engine/Content/EngineMaterials/Substrate/Glints2/dict_0006_0038.uasset" 9650
"../../../Engine/Content/EngineMaterials/Substrate/Glints2/dict_0006_0040.uasset" 9651
"../../../Engine/Content/EngineMaterials/Substrate/Glints2/dict_0006_0026.uasset" 9652
"../../../Engine/Content/EngineMaterials/Substrate/Glints2/dict_0006_0035.uasset" 9653
"../../../Engine/Content/EngineMaterials/Substrate/Glints2/dict_0006_0041.uasset" 9654
"../../../Engine/Content/EngineMaterials/Substrate/Glints2/dict_0006_0037.uasset" 9655
"../../../Engine/Content/EngineMaterials/Substrate/Glints2/dict_0006_0042.uasset" 9656
"../../../Engine/Content/EngineMaterials/Substrate/Glints2/dict_0006_0028.uasset" 9657
"../../../Engine/Content/EngineMaterials/Substrate/Glints2/dict_0006_0030.uasset" 9658
"/Engine/EngineMaterials/Substrate/Glints2/dict_0006_0019" 9659
"/Engine/EngineMaterials/Substrate/Glints2/dict_0006_0018" 9660
"/Engine/EngineMaterials/Substrate/Glints2/dict_0006_0017" 9661
"/Engine/EngineMaterials/Substrate/Glints2/dict_0006_0016" 9662
"/Engine/EngineMaterials/Substrate/Glints2/dict_0006_0015" 9663
"/Engine/EngineMaterials/Substrate/Glints2/dict_0006_0013" 9664
"/Engine/EngineMaterials/Substrate/Glints2/dict_0006_0012" 9665
"/Engine/EngineMaterials/Substrate/Glints2/dict_0006_0022" 9666
"/Engine/EngineMaterials/Substrate/Glints2/dict_0006_0010" 9667
"/Engine/EngineMaterials/Substrate/Glints2/dict_0006_0009" 9668
"/Engine/EngineMaterials/Substrate/Glints2/dict_0006_0021" 9669
"../../../Engine/Content/EngineMaterials/Substrate/Glints2/dict_0006_0044.uasset" 9670
"../../../Engine/Content/EngineMaterials/Substrate/Glints2/dict_0006_0047.uasset" 9671
"../../../Engine/Content/EngineMaterials/Substrate/Glints2/dict_0006_0045.uasset" 9672
"../../../Engine/Content/EngineMaterials/Substrate/Glints2/dict_0006_0048.uasset" 9673
"../../../Engine/Content/EngineMaterials/Substrate/Glints2/dict_0006_0043.uasset" 9674
"../../../Engine/Content/EngineMaterials/Substrate/Glints2/dict_0006_0049.uasset" 9675
"../../../Engine/Content/EngineMaterials/Substrate/Glints2/dict_0006_0052.uasset" 9676
"../../../Engine/Content/EngineMaterials/Substrate/Glints2/dict_0006_0053.uasset" 9677
"../../../Engine/Content/EngineMaterials/Substrate/Glints2/dict_0006_0050.uasset" 9678
"../../../Engine/Content/EngineMaterials/Substrate/Glints2/dict_0006_0054.uasset" 9679
"../../../Engine/Content/EngineMaterials/Substrate/Glints2/dict_0006_0051.uasset" 9680
"../../../Engine/Content/EngineMaterials/Substrate/Glints2/dict_0006_0046.uasset" 9681
"/Engine/EngineMaterials/Substrate/Glints2/dict_0006_0042" 9682
"/Engine/EngineMaterials/Substrate/Glints2/dict_0006_0041" 9683
"/Engine/EngineMaterials/Substrate/Glints2/dict_0006_0040" 9684
"/Engine/EngineMaterials/Substrate/Glints2/dict_0006_0039" 9685
"/Engine/EngineMaterials/Substrate/Glints2/dict_0006_0038" 9686
"/Engine/EngineMaterials/Substrate/Glints2/dict_0006_0037" 9687
"/Engine/EngineMaterials/Substrate/Glints2/dict_0006_0036" 9688
"/Engine/EngineMaterials/Substrate/Glints2/dict_0006_0035" 9689
"/Engine/EngineMaterials/Substrate/Glints2/dict_0006_0034" 9690
"/Engine/EngineMaterials/Substrate/Glints2/dict_0006_0033" 9691
"/Engine/EngineMaterials/Substrate/Glints2/dict_0006_0053" 9692
"/Engine/EngineMaterials/Substrate/Glints2/dict_0006_0052" 9693
"/Engine/EngineMaterials/Substrate/Glints2/dict_0006_0032" 9694
"/Engine/EngineMaterials/Substrate/Glints2/dict_0006_0031" 9695
"/Engine/EngineMaterials/Substrate/Glints2/dict_0006_0030" 9696
"/Engine/EngineMaterials/Substrate/Glints2/dict_0006_0029" 9697
"/Engine/EngineMaterials/Substrate/Glints2/dict_0006_0028" 9698
"/Engine/EngineMaterials/Substrate/Glints2/dict_0006_0027" 9699
"/Engine/EngineMaterials/Substrate/Glints2/dict_0006_0051" 9700
"/Engine/EngineMaterials/Substrate/Glints2/dict_0006_0026" 9701
"/Engine/EngineMaterials/Substrate/Glints2/dict_0006_0050" 9702
"/Engine/EngineMaterials/Substrate/Glints2/dict_0006_0049" 9703
"/Engine/EngineMaterials/Substrate/Glints2/dict_0006_0025" 9704
"/Engine/EngineMaterials/Substrate/Glints2/dict_0006_0048" 9705
"/Engine/EngineMaterials/Substrate/Glints2/dict_0006_0024" 9706
"/Engine/EngineMaterials/Substrate/Glints2/dict_0006_0023" 9707
"/Engine/EngineMaterials/Substrate/Glints2/dict_0006_0047" 9708
"/Engine/EngineMaterials/Substrate/Glints2/dict_0006_0046" 9709
"/Engine/EngineMaterials/Substrate/Glints2/dict_0006_0045" 9710
"/Engine/EngineMaterials/Substrate/Glints2/dict_0006_0044" 9711
"/Engine/EngineMaterials/Substrate/Glints2/dict_0006_0043" 9712
"../../../Engine/Content/EngineMaterials/Substrate/Glints2/dict_0006_0055.uasset" 9713
"../../../Engine/Content/EngineMaterials/Substrate/Glints2/dict_0006_0058.uasset" 9714
"../../../Engine/Content/EngineMaterials/Substrate/Glints2/dict_0006_0060.uasset" 9715
"../../../Engine/Content/EngineMaterials/Substrate/Glints2/dict_0006_0061.uasset" 9716
"../../../Engine/Content/EngineMaterials/Substrate/Glints2/dict_0006_0056.uasset" 9717
"../../../Engine/Content/EngineMaterials/Substrate/Glints2/dict_0006_0062.uasset" 9718
"../../../Engine/Content/EngineMaterials/Substrate/Glints2/dict_0006_0064.uasset" 9719
"../../../Engine/Content/EngineMaterials/Substrate/Glints2/dict_0006_0063.uasset" 9720
"../../../Engine/Content/EngineMaterials/Substrate/Glints2/dict_0006_0065.uasset" 9721
"../../../Engine/Content/EngineMaterials/Substrate/Glints2/dict_0006_0057.uasset" 9722
"../../../Engine/Content/EngineMaterials/Substrate/Glints2/dict_0006_0066.uasset" 9723
"../../../Engine/Content/EngineMaterials/Substrate/Glints2/dict_0006_0067.uasset" 9724
"/Engine/EngineMaterials/Substrate/Glints2/dict_0006_0054" 9725
"../../../Engine/Content/EngineMaterials/Substrate/Glints2/dict_0006_0069.uasset" 9726
"../../../Engine/Content/EngineMaterials/Substrate/Glints2/dict_0006_0071.uasset" 9727
"../../../Engine/Content/EngineMaterials/Substrate/Glints2/dict_0006_0072.uasset" 9728
"../../../Engine/Content/EngineMaterials/Substrate/Glints2/dict_0006_0070.uasset" 9729
"../../../Engine/Content/EngineMaterials/Substrate/Glints2/dict_0006_0073.uasset" 9730
"../../../Engine/Content/EngineMaterials/Substrate/Glints2/dict_0006_0074.uasset" 9731
"../../../Engine/Content/EngineMaterials/Substrate/Glints2/dict_0006_0076.uasset" 9732
"../../../Engine/Content/EngineMaterials/Substrate/Glints2/dict_0006_0075.uasset" 9733
"../../../Engine/Content/EngineMaterials/Substrate/Glints2/dict_0006_0078.uasset" 9734
"../../../Engine/Content/EngineMaterials/Substrate/Glints2/dict_0006_0077.uasset" 9735
"../../../Engine/Content/EngineMaterials/Substrate/Glints2/dict_0006_0068.uasset" 9736
"../../../Engine/Content/EngineMaterials/Substrate/Glints2/dict_0006_0080.uasset" 9737
"../../../Engine/Content/EngineMaterials/Substrate/Glints2/dict_0006_0081.uasset" 9738
"../../../Engine/Content/EngineMaterials/Substrate/Glints2/dict_0006_0082.uasset" 9739
"../../../Engine/Content/EngineMaterials/Substrate/Glints2/dict_0006_0083.uasset" 9740
"../../../Engine/Content/EngineMaterials/Substrate/Glints2/dict_0006_0079.uasset" 9741
"../../../Engine/Content/EngineMaterials/Substrate/Glints2/dict_0006_0085.uasset" 9742
"../../../Engine/Content/EngineMaterials/Substrate/Glints2/dict_0006_0084.uasset" 9743
"../../../Engine/Content/EngineMaterials/Substrate/Glints2/dict_0006_0059.uasset" 9744
"/Engine/EngineMaterials/Substrate/Glints2/dict_0006_0060" 9745
"/Engine/EngineMaterials/Substrate/Glints2/dict_0006_0058" 9746
"/Engine/EngineMaterials/Substrate/Glints2/dict_0006_0055" 9747
"../../../Engine/Content/EngineMaterials/Substrate/Glints2/dict_0006_0087.uasset" 9748
"../../../Engine/Content/EngineMaterials/Substrate/Glints2/dict_0006_0088.uasset" 9749
"../../../Engine/Content/EngineMaterials/Substrate/Glints2/dict_0006_0089.uasset" 9750
"/Engine/EngineMaterials/Substrate/Glints2/dict_0006_0085" 9751
"../../../Engine/Content/EngineMaterials/Substrate/Glints2/dict_0006_0086.uasset" 9752
"/Engine/EngineMaterials/Substrate/Glints2/dict_0006_0084" 9753
"/Engine/EngineMaterials/Substrate/Glints2/dict_0006_0083" 9754
"/Engine/EngineMaterials/Substrate/Glints2/dict_0006_0082" 9755
"/Engine/EngineMaterials/Substrate/Glints2/dict_0006_0081" 9756
"/Engine/EngineMaterials/Substrate/Glints2/dict_0006_0080" 9757
"/Engine/EngineMaterials/Substrate/Glints2/dict_0006_0079" 9758
"/Engine/EngineMaterials/Substrate/Glints2/dict_0006_0078" 9759
"/Engine/EngineMaterials/Substrate/Glints2/dict_0006_0077" 9760
"/Engine/EngineMaterials/Substrate/Glints2/dict_0006_0076" 9761
"/Engine/EngineMaterials/Substrate/Glints2/dict_0006_0075" 9762
"/Engine/EngineMaterials/Substrate/Glints2/dict_0006_0074" 9763
"/Engine/EngineMaterials/Substrate/Glints2/dict_0006_0073" 9764
"/Engine/EngineMaterials/Substrate/Glints2/dict_0006_0072" 9765
"/Engine/EngineMaterials/Substrate/Glints2/dict_0006_0071" 9766
"/Engine/EngineMaterials/Substrate/Glints2/dict_0006_0070" 9767
"/Engine/EngineMaterials/Substrate/Glints2/dict_0006_0069" 9768
"/Engine/EngineMaterials/Substrate/Glints2/dict_0006_0068" 9769
"/Engine/EngineMaterials/Substrate/Glints2/dict_0006_0067" 9770
"/Engine/EngineMaterials/Substrate/Glints2/dict_0006_0066" 9771
"/Engine/EngineMaterials/Substrate/Glints2/dict_0006_0065" 9772
"/Engine/EngineMaterials/Substrate/Glints2/dict_0006_0064" 9773
"/Engine/EngineMaterials/Substrate/Glints2/dict_0006_0063" 9774
"/Engine/EngineMaterials/Substrate/Glints2/dict_0006_0062" 9775
"/Engine/EngineMaterials/Substrate/Glints2/dict_0006_0061" 9776
"/Engine/EngineMaterials/Substrate/Glints2/dict_0006_0059" 9777
"/Engine/EngineMaterials/Substrate/Glints2/dict_0006_0087" 9778
"/Engine/EngineMaterials/Substrate/Glints2/dict_0006_0057" 9779
"/Engine/EngineMaterials/Substrate/Glints2/dict_0006_0056" 9780
"../../../Engine/Content/EngineMaterials/Substrate/Glints2/dict_0006_0090.uasset" 9781
"../../../Engine/Content/EngineMaterials/Substrate/Glints2/dict_0006_0091.uasset" 9782
"../../../Engine/Content/EngineMaterials/Substrate/Glints2/dict_0006_0096.uasset" 9783
"../../../Engine/Content/EngineMaterials/Substrate/Glints2/dict_0006_0097.uasset" 9784
"../../../Engine/Content/EngineMaterials/Substrate/Glints2/dict_0006_0093.uasset" 9785
"../../../Engine/Content/EngineMaterials/Substrate/Glints2/dict_0006_0094.uasset" 9786
"../../../Engine/Content/EngineMaterials/Substrate/Glints2/dict_0006_0101.uasset" 9787
"../../../Engine/Content/EngineMaterials/Substrate/Glints2/dict_0006_0102.uasset" 9788
"../../../Engine/Content/EngineMaterials/Substrate/Glints2/dict_0006_0103.uasset" 9789
"../../../Engine/Content/EngineMaterials/Substrate/Glints2/dict_0006_0104.uasset" 9790
"../../../Engine/Content/EngineMaterials/Substrate/Glints2/dict_0006_0105.uasset" 9791
"../../../Engine/Content/EngineMaterials/Substrate/Glints2/dict_0006_0095.uasset" 9792
"../../../Engine/Content/EngineMaterials/Substrate/Glints2/dict_0006_0100.uasset" 9793
"../../../Engine/Content/EngineMaterials/Substrate/Glints2/dict_0006_0108.uasset" 9794
"/Engine/EngineMaterials/Substrate/Glints2/dict_0006_0089" 9795
"../../../Engine/Content/EngineMaterials/Substrate/Glints2/dict_0006_0109.uasset" 9796
"../../../Engine/Content/EngineMaterials/Substrate/Glints2/dict_0006_0107.uasset" 9797
"../../../Engine/Content/EngineMaterials/Substrate/Glints2/dict_0006_0098.uasset" 9798
"../../../Engine/Content/EngineMaterials/Substrate/Glints2/dict_0006_0111.uasset" 9799
"../../../Engine/Content/EngineMaterials/Substrate/Glints2/dict_0006_0099.uasset" 9800
"../../../Engine/Content/EngineMaterials/Substrate/Glints2/dict_0006_0114.uasset" 9801
"../../../Engine/Content/EngineMaterials/Substrate/Glints2/dict_0006_0115.uasset" 9802
"../../../Engine/Content/EngineMaterials/Substrate/Glints2/dict_0006_0118.uasset" 9803
"../../../Engine/Content/EngineMaterials/Substrate/Glints2/dict_0006_0113.uasset" 9804
"../../../Engine/Content/EngineMaterials/Substrate/Glints2/dict_0006_0116.uasset" 9805
"../../../Engine/Content/EngineMaterials/Substrate/Glints2/dict_0006_0112.uasset" 9806
"../../../Engine/Content/EngineMaterials/Substrate/Glints2/dict_0006_0092.uasset" 9807
"../../../Engine/Content/EngineMaterials/Substrate/Glints2/dict_0006_0110.uasset" 9808
"../../../Engine/Content/EngineMaterials/Substrate/Glints2/dict_0006_0117.uasset" 9809
"../../../Engine/Content/EngineMaterials/Substrate/Glints2/dict_0006_0106.uasset" 9810
"/Engine/EngineMaterials/Substrate/Glints2/dict_0006_0097" 9811
"/Engine/EngineMaterials/Substrate/Glints2/dict_0006_0096" 9812
"/Engine/EngineMaterials/Substrate/Glints2/dict_0006_0094" 9813
"/Engine/EngineMaterials/Substrate/Glints2/dict_0006_0088" 9814
"/Engine/EngineMaterials/Substrate/Glints2/dict_0006_0093" 9815
"/Engine/EngineMaterials/Substrate/Glints2/dict_0006_0091" 9816
"/Engine/EngineMaterials/Substrate/Glints2/dict_0006_0090" 9817
"/Engine/EngineMaterials/Substrate/Glints2/dict_0006_0086" 9818
"../../../Engine/Content/EngineMaterials/Substrate/Glints2/dict_0006_0119.uasset" 9819
"../../../Engine/Content/EngineMaterials/Substrate/Glints2/dict_0006_0124.uasset" 9820
"../../../Engine/Content/EngineMaterials/Substrate/Glints2/dict_0006_0123.uasset" 9821
"../../../Engine/Content/EngineMaterials/Substrate/Glints2/dict_0006_0121.uasset" 9822
"../../../Engine/Content/EngineMaterials/Substrate/Glints2/dict_0006_0127.uasset" 9823
"../../../Engine/Content/EngineMaterials/Substrate/Glints2/dict_0006_0126.uasset" 9824
"../../../Engine/Content/EngineMaterials/Substrate/Glints2/dict_0006_0125.uasset" 9825
"../../../Engine/Content/EngineMaterials/Substrate/Glints2/dict_0006_0122.uasset" 9826
"../../../Engine/Content/EngineMaterials/Substrate/Glints2/dict_0006_0120.uasset" 9827
"/Engine/EngineMaterials/Substrate/Glints2/dict_0006_0118" 9828
"/Engine/EngineMaterials/Substrate/Glints2/dict_0006_0117" 9829
"/Engine/EngineMaterials/Substrate/Glints2/dict_0006_0116" 9830
"/Engine/EngineMaterials/Substrate/Glints2/dict_0006_0115" 9831
"/Engine/EngineMaterials/Substrate/Glints2/dict_0006_0114" 9832
"/Engine/EngineMaterials/Substrate/Glints2/dict_0006_0113" 9833
"/Engine/EngineMaterials/Substrate/Glints2/dict_0006_0112" 9834
"/Engine/EngineMaterials/Substrate/Glints2/dict_0006_0111" 9835
"/Engine/EngineMaterials/Substrate/Glints2/dict_0006_0110" 9836
"/Engine/EngineMaterials/Substrate/Glints2/dict_0006_0109" 9837
"/Engine/EngineMaterials/Substrate/Glints2/dict_0006_0108" 9838
"/Engine/EngineMaterials/Substrate/Glints2/dict_0006_0107" 9839
"/Engine/EngineMaterials/Substrate/Glints2/dict_0006_0106" 9840
"/Engine/EngineMaterials/Substrate/Glints2/dict_0006_0105" 9841
"/Engine/EngineMaterials/Substrate/Glints2/dict_0006_0104" 9842
"/Engine/EngineMaterials/Substrate/Glints2/dict_0006_0103" 9843
"/Engine/EngineMaterials/Substrate/Glints2/dict_0006_0102" 9844
"/Engine/EngineMaterials/Substrate/Glints2/dict_0006_0101" 9845
"/Engine/EngineMaterials/Substrate/Glints2/dict_0006_0100" 9846
"/Engine/EngineMaterials/Substrate/Glints2/dict_0006_0099" 9847
"/Engine/EngineMaterials/Substrate/Glints2/dict_0006_0098" 9848
"/Engine/EngineMaterials/Substrate/Glints2/dict_0006_0095" 9849
"/Engine/EngineMaterials/Substrate/Glints2/dict_0006_0124" 9850
"/Engine/EngineMaterials/Substrate/Glints2/dict_0006_0123" 9851
"/Engine/EngineMaterials/Substrate/Glints2/dict_0006_0092" 9852
"/Engine/EngineMaterials/Substrate/Glints2/dict_0006_0121" 9853
"/Engine/EngineMaterials/Substrate/Glints2/dict_0006_0119" 9854
"../../../Engine/Content/EngineMaterials/Substrate/Glints2/dict_0006_0129.uasset" 9855
"../../../Engine/Content/EngineMaterials/Substrate/Glints2/dict_0006_0130.uasset" 9856
"../../../Engine/Content/EngineMaterials/Substrate/Glints2/dict_0006_0135.uasset" 9857
"../../../Engine/Content/EngineMaterials/Substrate/Glints2/dict_0006_0136.uasset" 9858
"../../../Engine/Content/EngineMaterials/Substrate/Glints2/dict_0006_0138.uasset" 9859
"../../../Engine/Content/EngineMaterials/Substrate/Glints2/dict_0006_0140.uasset" 9860
"../../../Engine/Content/EngineMaterials/Substrate/Glints2/dict_0006_0141.uasset" 9861
"../../../Engine/Content/EngineMaterials/Substrate/Glints2/dict_0006_0142.uasset" 9862
"/Engine/EngineMaterials/Substrate/Glints2/dict_0006_0127" 9863
"../../../Engine/Content/EngineMaterials/Substrate/Glints2/dict_0006_0137.uasset" 9864
"../../../Engine/Content/EngineMaterials/Substrate/Glints2/dict_0006_0143.uasset" 9865
"../../../Engine/Content/EngineMaterials/Substrate/Glints2/dict_0006_0145.uasset" 9866
"../../../Engine/Content/EngineMaterials/Substrate/Glints2/dict_0006_0146.uasset" 9867
"../../../Engine/Content/EngineMaterials/Substrate/Glints2/dict_0006_0147.uasset" 9868
"../../../Engine/Content/EngineMaterials/Substrate/Glints2/dict_0006_0148.uasset" 9869
"../../../Engine/Content/EngineMaterials/Substrate/Glints2/dict_0006_0149.uasset" 9870
"../../../Engine/Content/EngineMaterials/Substrate/Glints2/dict_0006_0150.uasset" 9871
"../../../Engine/Content/EngineMaterials/Substrate/Glints2/dict_0006_0151.uasset" 9872
"../../../Engine/Content/EngineMaterials/Substrate/Glints2/dict_0006_0152.uasset" 9873
"../../../Engine/Content/EngineMaterials/Substrate/Glints2/dict_0006_0153.uasset" 9874
"../../../Engine/Content/EngineMaterials/Substrate/Glints2/dict_0006_0154.uasset" 9875
"../../../Engine/Content/EngineMaterials/Substrate/Glints2/dict_0006_0128.uasset" 9876
"../../../Engine/Content/EngineMaterials/Substrate/Glints2/dict_0006_0144.uasset" 9877
"../../../Engine/Content/EngineMaterials/Substrate/Glints2/dict_0006_0139.uasset" 9878
"../../../Engine/Content/EngineMaterials/Substrate/Glints2/dict_0006_0131.uasset" 9879
"../../../Engine/Content/EngineMaterials/Substrate/Glints2/dict_0006_0133.uasset" 9880
"../../../Engine/Content/EngineMaterials/Substrate/Glints2/dict_0006_0132.uasset" 9881
"../../../Engine/Content/EngineMaterials/Substrate/Glints2/dict_0006_0134.uasset" 9882
"/Engine/EngineMaterials/Substrate/Glints2/dict_0006_0126" 9883
"/Engine/EngineMaterials/Substrate/Glints2/dict_0006_0125" 9884
"/Engine/EngineMaterials/Substrate/Glints2/dict_0006_0122" 9885
"/Engine/EngineMaterials/Substrate/Glints2/dict_0006_0130" 9886
"/Engine/EngineMaterials/Substrate/Glints2/dict_0006_0129" 9887
"/Engine/EngineMaterials/Substrate/Glints2/dict_0006_0120" 9888
"../../../Engine/Content/EngineMaterials/Substrate/Glints2/dict_0006_0155.uasset" 9889
"../../../Engine/Content/EngineMaterials/Substrate/Glints2/dict_0006_0157.uasset" 9890
"../../../Engine/Content/EngineMaterials/Substrate/Glints2/dict_0006_0156.uasset" 9891
"../../../Engine/Content/EngineMaterials/Substrate/Glints2/dict_0006_0160.uasset" 9892
"../../../Engine/Content/EngineMaterials/Substrate/Glints2/dict_0006_0159.uasset" 9893
"../../../Engine/Content/EngineMaterials/Substrate/Glints2/dict_0006_0161.uasset" 9894
"../../../Engine/Content/EngineMaterials/Substrate/Glints2/dict_0006_0158.uasset" 9895
"/Engine/EngineMaterials/Substrate/Glints2/dict_0006_0154" 9896
"/Engine/EngineMaterials/Substrate/Glints2/dict_0006_0153" 9897
"/Engine/EngineMaterials/Substrate/Glints2/dict_0006_0152" 9898
"/Engine/EngineMaterials/Substrate/Glints2/dict_0006_0151" 9899
"/Engine/EngineMaterials/Substrate/Glints2/dict_0006_0150" 9900
"/Engine/EngineMaterials/Substrate/Glints2/dict_0006_0149" 9901
"/Engine/EngineMaterials/Substrate/Glints2/dict_0006_0148" 9902
"/Engine/EngineMaterials/Substrate/Glints2/dict_0006_0147" 9903
"/Engine/EngineMaterials/Substrate/Glints2/dict_0006_0146" 9904
"/Engine/EngineMaterials/Substrate/Glints2/dict_0006_0145" 9905
"/Engine/EngineMaterials/Substrate/Glints2/dict_0006_0144" 9906
"/Engine/EngineMaterials/Substrate/Glints2/dict_0006_0143" 9907
"/Engine/EngineMaterials/Substrate/Glints2/dict_0006_0142" 9908
"/Engine/EngineMaterials/Substrate/Glints2/dict_0006_0141" 9909
"/Engine/EngineMaterials/Substrate/Glints2/dict_0006_0140" 9910
"/Engine/EngineMaterials/Substrate/Glints2/dict_0006_0139" 9911
"/Engine/EngineMaterials/Substrate/Glints2/dict_0006_0138" 9912
"/Engine/EngineMaterials/Substrate/Glints2/dict_0006_0137" 9913
"/Engine/EngineMaterials/Substrate/Glints2/dict_0006_0136" 9914
"/Engine/EngineMaterials/Substrate/Glints2/dict_0006_0135" 9915
"/Engine/EngineMaterials/Substrate/Glints2/dict_0006_0134" 9916
"/Engine/EngineMaterials/Substrate/Glints2/dict_0006_0160" 9917
"/Engine/EngineMaterials/Substrate/Glints2/dict_0006_0159" 9918
"/Engine/EngineMaterials/Substrate/Glints2/dict_0006_0133" 9919
"/Engine/EngineMaterials/Substrate/Glints2/dict_0006_0132" 9920
"/Engine/EngineMaterials/Substrate/Glints2/dict_0006_0131" 9921
"/Engine/EngineMaterials/Substrate/Glints2/dict_0006_0158" 9922
"/Engine/EngineMaterials/Substrate/Glints2/dict_0006_0157" 9923
"/Engine/EngineMaterials/Substrate/Glints2/dict_0006_0156" 9924
"/Engine/EngineMaterials/Substrate/Glints2/dict_0006_0155" 9925
"/Engine/EngineMaterials/Substrate/Glints2/dict_0006_0128" 9926
"../../../Engine/Content/EngineMaterials/Substrate/Glints2/dict_0006_0162.uasset" 9927
"../../../Engine/Content/EngineMaterials/Substrate/Glints2/dict_0006_0163.uasset" 9928
"../../../Engine/Content/EngineMaterials/Substrate/Glints2/dict_0006_0166.uasset" 9929
"../../../Engine/Content/EngineMaterials/Substrate/Glints2/dict_0006_0167.uasset" 9930
"../../../Engine/Content/EngineMaterials/Substrate/Glints2/dict_0006_0168.uasset" 9931
"../../../Engine/Content/EngineMaterials/Substrate/Glints2/dict_0006_0169.uasset" 9932
"../../../Engine/Content/EngineMaterials/Substrate/Glints2/dict_0006_0170.uasset" 9933
"../../../Engine/Content/EngineMaterials/Substrate/Glints2/dict_0006_0172.uasset" 9934
"../../../Engine/Content/EngineMaterials/Substrate/Glints2/dict_0006_0164.uasset" 9935
"../../../Engine/Content/EngineMaterials/Substrate/Glints2/dict_0006_0173.uasset" 9936
"../../../Engine/Content/EngineMaterials/Substrate/Glints2/dict_0006_0174.uasset" 9937
"../../../Engine/Content/EngineMaterials/Substrate/Glints2/dict_0006_0176.uasset" 9938
"../../../Engine/Content/EngineMaterials/Substrate/Glints2/dict_0006_0178.uasset" 9939
"../../../Engine/Content/EngineMaterials/Substrate/Glints2/dict_0006_0177.uasset" 9940
"../../../Engine/Content/EngineMaterials/Substrate/Glints2/dict_0006_0180.uasset" 9941
"../../../Engine/Content/EngineMaterials/Substrate/Glints2/dict_0006_0179.uasset" 9942
"../../../Engine/Content/EngineMaterials/Substrate/Glints2/dict_0006_0181.uasset" 9943
"../../../Engine/Content/EngineMaterials/Substrate/Glints2/dict_0006_0182.uasset" 9944
"/Engine/EngineMaterials/Substrate/Glints2/dict_0006_0161" 9945
"../../../Engine/Content/EngineMaterials/Substrate/Glints2/dict_0006_0183.uasset" 9946
"../../../Engine/Content/EngineMaterials/Substrate/Glints2/dict_0006_0184.uasset" 9947
"../../../Engine/Content/EngineMaterials/Substrate/Glints2/dict_0006_0185.uasset" 9948
"../../../Engine/Content/EngineMaterials/Substrate/Glints2/dict_0006_0187.uasset" 9949
"../../../Engine/Content/EngineMaterials/Substrate/Glints2/dict_0006_0186.uasset" 9950
"../../../Engine/Content/EngineMaterials/Substrate/Glints2/dict_0006_0188.uasset" 9951
"../../../Engine/Content/EngineMaterials/Substrate/Glints2/dict_0006_0189.uasset" 9952
"../../../Engine/Content/EngineMaterials/Substrate/Glints2/dict_0006_0191.uasset" 9953
"../../../Engine/Content/EngineMaterials/Substrate/Glints2/dict_0006_0190.uasset" 9954
"../../../Engine/Content/EngineMaterials/Substrate/Glints2/dict_0006_0175.uasset" 9955
"../../../Engine/Content/EngineMaterials/Substrate/Glints2/dict_0006_0192.uasset" 9956
"../../../Engine/Content/EngineMaterials/Substrate/Glints2/dict_0006_0165.uasset" 9957
"../../../Engine/Content/EngineMaterials/Substrate/Glints2/dict_0006_0171.uasset" 9958
"/Engine/EngineMaterials/Substrate/Glints2/dict_0006_0172" 9959
"/Engine/EngineMaterials/Substrate/Glints2/dict_0006_0170" 9960
"/Engine/EngineMaterials/Substrate/Glints2/dict_0006_0169" 9961
"/Engine/EngineMaterials/Substrate/Glints2/dict_0006_0168" 9962
"/Engine/EngineMaterials/Substrate/Glints2/dict_0006_0167" 9963
"/Engine/EngineMaterials/Substrate/Glints2/dict_0006_0166" 9964
"/Engine/EngineMaterials/Substrate/Glints2/dict_0006_0164" 9965
"/Engine/EngineMaterials/Substrate/Glints2/dict_0006_0163" 9966
"/Engine/EngineMaterials/Substrate/Glints2/dict_0006_0162" 9967
"../../../Engine/Content/EngineMaterials/Substrate/Glints2/dict_0006_0195.uasset" 9968
"../../../Engine/Content/EngineMaterials/Substrate/Glints2/dict_0006_0198.uasset" 9969
"../../../Engine/Content/EngineMaterials/Substrate/Glints2/dict_0006_0199.uasset" 9970
"../../../Engine/Content/EngineMaterials/Substrate/Glints2/dict_0006_0201.uasset" 9971
"../../../Engine/Content/EngineMaterials/Substrate/Glints2/dict_0006_0200.uasset" 9972
"../../../Engine/Content/EngineMaterials/Substrate/Glints2/dict_0006_0202.uasset" 9973
"../../../Engine/Content/EngineMaterials/Substrate/Glints2/dict_0006_0196.uasset" 9974
"../../../Engine/Content/EngineMaterials/Substrate/Glints2/dict_0006_0193.uasset" 9975
"../../../Engine/Content/EngineMaterials/Substrate/Glints2/dict_0006_0197.uasset" 9976
"../../../Engine/Content/EngineMaterials/Substrate/Glints2/dict_0006_0194.uasset" 9977
"/Engine/EngineMaterials/Substrate/Glints2/dict_0006_0192" 9978
"/Engine/EngineMaterials/Substrate/Glints2/dict_0006_0191" 9979
"/Engine/EngineMaterials/Substrate/Glints2/dict_0006_0190" 9980
"/Engine/EngineMaterials/Substrate/Glints2/dict_0006_0189" 9981
"/Engine/EngineMaterials/Substrate/Glints2/dict_0006_0188" 9982
"/Engine/EngineMaterials/Substrate/Glints2/dict_0006_0187" 9983
"/Engine/EngineMaterials/Substrate/Glints2/dict_0006_0186" 9984
"/Engine/EngineMaterials/Substrate/Glints2/dict_0006_0185" 9985
"/Engine/EngineMaterials/Substrate/Glints2/dict_0006_0184" 9986
"/Engine/EngineMaterials/Substrate/Glints2/dict_0006_0183" 9987
"/Engine/EngineMaterials/Substrate/Glints2/dict_0006_0182" 9988
"/Engine/EngineMaterials/Substrate/Glints2/dict_0006_0181" 9989
"/Engine/EngineMaterials/Substrate/Glints2/dict_0006_0180" 9990
"/Engine/EngineMaterials/Substrate/Glints2/dict_0006_0179" 9991
"/Engine/EngineMaterials/Substrate/Glints2/dict_0006_0178" 9992
"/Engine/EngineMaterials/Substrate/Glints2/dict_0006_0177" 9993
"/Engine/EngineMaterials/Substrate/Glints2/dict_0006_0176" 9994
"/Engine/EngineMaterials/Substrate/Glints2/dict_0006_0175" 9995
"/Engine/EngineMaterials/Substrate/Glints2/dict_0006_0174" 9996
"/Engine/EngineMaterials/Substrate/Glints2/dict_0006_0173" 9997
"/Engine/EngineMaterials/Substrate/Glints2/dict_0006_0201" 9998
"/Engine/EngineMaterials/Substrate/Glints2/dict_0006_0171" 9999
"/Engine/EngineMaterials/Substrate/Glints2/dict_0006_0200" 10000
"/Engine/EngineMaterials/Substrate/Glints2/dict_0006_0199" 10001
"/Engine/EngineMaterials/Substrate/Glints2/dict_0006_0198" 10002
"/Engine/EngineMaterials/Substrate/Glints2/dict_0006_0197" 10003
"/Engine/EngineMaterials/Substrate/Glints2/dict_0006_0196" 10004
"/Engine/EngineMaterials/Substrate/Glints2/dict_0006_0165" 10005
"/Engine/EngineMaterials/Substrate/Glints2/dict_0006_0195" 10006
"/Engine/EngineMaterials/Substrate/Glints2/dict_0006_0194" 10007
"/Engine/EngineMaterials/Substrate/Glints2/dict_0006_0193" 10008
"../../../Engine/Content/EngineMaterials/Substrate/Glints2/dict_0006_0203.uasset" 10009
"../../../Engine/Content/EngineMaterials/Substrate/Glints2/dict_0006_0206.uasset" 10010
"../../../Engine/Content/EngineMaterials/Substrate/Glints2/dict_0006_0204.uasset" 10011
"../../../Engine/Content/EngineMaterials/Substrate/Glints2/dict_0006_0210.uasset" 10012
"../../../Engine/Content/EngineMaterials/Substrate/Glints2/dict_0006_0211.uasset" 10013
"../../../Engine/Content/EngineMaterials/Substrate/Glints2/dict_0006_0207.uasset" 10014
"../../../Engine/Content/EngineMaterials/Substrate/Glints2/dict_0006_0209.uasset" 10015
"../../../Engine/Content/EngineMaterials/Substrate/Glints2/dict_0006_0214.uasset" 10016
"../../../Engine/Content/EngineMaterials/Substrate/Glints2/dict_0006_0217.uasset" 10017
"../../../Engine/Content/EngineMaterials/Substrate/Glints2/dict_0006_0208.uasset" 10018
"../../../Engine/Content/EngineMaterials/Substrate/Glints2/dict_0006_0218.uasset" 10019
"../../../Engine/Content/EngineMaterials/Substrate/Glints2/dict_0006_0219.uasset" 10020
"../../../Engine/Content/EngineMaterials/Substrate/Glints2/dict_0006_0223.uasset" 10021
"../../../Engine/Content/EngineMaterials/Substrate/Glints2/dict_0006_0224.uasset" 10022
"../../../Engine/Content/EngineMaterials/Substrate/Glints2/dict_0006_0225.uasset" 10023
"../../../Engine/Content/EngineMaterials/Substrate/Glints2/dict_0006_0226.uasset" 10024
"../../../Engine/Content/EngineMaterials/Substrate/Glints2/dict_0006_0221.uasset" 10025
"../../../Engine/Content/EngineMaterials/Substrate/Glints2/dict_0006_0222.uasset" 10026
"../../../Engine/Content/EngineMaterials/Substrate/Glints2/dict_0006_0227.uasset" 10027
"../../../Engine/Content/EngineMaterials/Substrate/Glints2/dict_0006_0228.uasset" 10028
"../../../Engine/Content/EngineMaterials/Substrate/Glints2/dict_0006_0229.uasset" 10029
"../../../Engine/Content/EngineMaterials/Substrate/Glints2/dict_0006_0230.uasset" 10030
"../../../Engine/Content/EngineMaterials/Substrate/Glints2/dict_0006_0231.uasset" 10031
"../../../Engine/Content/EngineMaterials/Substrate/Glints2/dict_0006_0212.uasset" 10032
"../../../Engine/Content/EngineMaterials/Substrate/Glints2/dict_0006_0232.uasset" 10033
"../../../Engine/Content/EngineMaterials/Substrate/Glints2/dict_0006_0233.uasset" 10034
"/Engine/EngineMaterials/Substrate/Glints2/dict_0006_0202" 10035
"../../../Engine/Content/EngineMaterials/Substrate/Glints2/dict_0006_0216.uasset" 10036
"../../../Engine/Content/EngineMaterials/Substrate/Glints2/dict_0006_0213.uasset" 10037
"../../../Engine/Content/EngineMaterials/Substrate/Glints2/dict_0006_0215.uasset" 10038
"../../../Engine/Content/EngineMaterials/Substrate/Glints2/dict_0006_0205.uasset" 10039
"../../../Engine/Content/EngineMaterials/Substrate/Glints2/dict_0006_0220.uasset" 10040
"/Engine/EngineMaterials/Substrate/Glints2/dict_0006_0211" 10041
"/Engine/EngineMaterials/Substrate/Glints2/dict_0006_0210" 10042
"/Engine/EngineMaterials/Substrate/Glints2/dict_0006_0207" 10043
"/Engine/EngineMaterials/Substrate/Glints2/dict_0006_0206" 10044
"/Engine/EngineMaterials/Substrate/Glints2/dict_0006_0204" 10045
"/Engine/EngineMaterials/Substrate/Glints2/dict_0006_0203" 10046
"../../../Engine/Content/EngineMaterials/Substrate/Glints2/dict_0006_0234.uasset" 10047
"../../../Engine/Content/EngineMaterials/Substrate/Glints2/dict_0006_0235.uasset" 10048
"../../../Engine/Content/EngineMaterials/Substrate/Glints2/dict_0006_0236.uasset" 10049
"../../../Engine/Content/EngineMaterials/Substrate/Glints2/dict_0006_0237.uasset" 10050
"/Engine/EngineMaterials/Substrate/Glints2/dict_0006_0233" 10051
"../../../Engine/Content/EngineMaterials/Substrate/Glints2/dict_0006_0239.uasset" 10052
"../../../Engine/Content/EngineMaterials/Substrate/Glints2/dict_0006_0240.uasset" 10053
"../../../Engine/Content/EngineMaterials/Substrate/Glints2/dict_0006_0238.uasset" 10054
"/Engine/EngineMaterials/Substrate/Glints2/dict_0006_0232" 10055
"/Engine/EngineMaterials/Substrate/Glints2/dict_0006_0231" 10056
"/Engine/EngineMaterials/Substrate/Glints2/dict_0006_0230" 10057
"/Engine/EngineMaterials/Substrate/Glints2/dict_0006_0229" 10058
"/Engine/EngineMaterials/Substrate/Glints2/dict_0006_0228" 10059
"/Engine/EngineMaterials/Substrate/Glints2/dict_0006_0227" 10060
"/Engine/EngineMaterials/Substrate/Glints2/dict_0006_0226" 10061
"/Engine/EngineMaterials/Substrate/Glints2/dict_0006_0225" 10062
"/Engine/EngineMaterials/Substrate/Glints2/dict_0006_0224" 10063
"/Engine/EngineMaterials/Substrate/Glints2/dict_0006_0223" 10064
"/Engine/EngineMaterials/Substrate/Glints2/dict_0006_0222" 10065
"/Engine/EngineMaterials/Substrate/Glints2/dict_0006_0221" 10066
"/Engine/EngineMaterials/Substrate/Glints2/dict_0006_0220" 10067
"/Engine/EngineMaterials/Substrate/Glints2/dict_0006_0219" 10068
"/Engine/EngineMaterials/Substrate/Glints2/dict_0006_0218" 10069
"/Engine/EngineMaterials/Substrate/Glints2/dict_0006_0217" 10070
"/Engine/EngineMaterials/Substrate/Glints2/dict_0006_0216" 10071
"/Engine/EngineMaterials/Substrate/Glints2/dict_0006_0215" 10072
"/Engine/EngineMaterials/Substrate/Glints2/dict_0006_0214" 10073
"/Engine/EngineMaterials/Substrate/Glints2/dict_0006_0213" 10074
"/Engine/EngineMaterials/Substrate/Glints2/dict_0006_0212" 10075
"/Engine/EngineMaterials/Substrate/Glints2/dict_0006_0209" 10076
"/Engine/EngineMaterials/Substrate/Glints2/dict_0006_0208" 10077
"/Engine/EngineMaterials/Substrate/Glints2/dict_0006_0205" 10078
"../../../Engine/Content/EngineMaterials/Substrate/Glints2/dict_0006_0241.uasset" 10079
"../../../Engine/Content/EngineMaterials/Substrate/Glints2/dict_0006_0244.uasset" 10080
"../../../Engine/Content/EngineMaterials/Substrate/Glints2/dict_0006_0245.uasset" 10081
"../../../Engine/Content/EngineMaterials/Substrate/Glints2/dict_0006_0248.uasset" 10082
"../../../Engine/Content/EngineMaterials/Substrate/Glints2/dict_0006_0246.uasset" 10083
"../../../Engine/Content/EngineMaterials/Substrate/Glints2/dict_0006_0250.uasset" 10084
"../../../Engine/Content/EngineMaterials/Substrate/Glints2/dict_0006_0249.uasset" 10085
"../../../Engine/Content/EngineMaterials/Substrate/Glints2/dict_0006_0251.uasset" 10086
"../../../Engine/Content/EngineMaterials/Substrate/Glints2/dict_0006_0252.uasset" 10087
"../../../Engine/Content/EngineMaterials/Substrate/Glints2/dict_0006_0253.uasset" 10088
"../../../Engine/Content/EngineMaterials/Substrate/Glints2/dict_0006_0254.uasset" 10089
"../../../Engine/Content/EngineMaterials/Substrate/Glints2/dict_0006_0255.uasset" 10090
"../../../Engine/Content/EngineMaterials/Substrate/Glints2/dict_0007_0001.uasset" 10091
"../../../Engine/Content/EngineMaterials/Substrate/Glints2/dict_0007_0000.uasset" 10092
"/Engine/EngineMaterials/Substrate/Glints2/dict_0006_0240" 10093
"../../../Engine/Content/EngineMaterials/Substrate/Glints2/dict_0007_0005.uasset" 10094
"../../../Engine/Content/EngineMaterials/Substrate/Glints2/dict_0007_0002.uasset" 10095
"../../../Engine/Content/EngineMaterials/Substrate/Glints2/dict_0006_0243.uasset" 10096
"../../../Engine/Content/EngineMaterials/Substrate/Glints2/dict_0007_0009.uasset" 10097
"../../../Engine/Content/EngineMaterials/Substrate/Glints2/dict_0006_0247.uasset" 10098
"../../../Engine/Content/EngineMaterials/Substrate/Glints2/dict_0007_0004.uasset" 10099
"../../../Engine/Content/EngineMaterials/Substrate/Glints2/dict_0007_0006.uasset" 10100
"../../../Engine/Content/EngineMaterials/Substrate/Glints2/dict_0006_0242.uasset" 10101
"../../../Engine/Content/EngineMaterials/Substrate/Glints2/dict_0007_0007.uasset" 10102
"../../../Engine/Content/EngineMaterials/Substrate/Glints2/dict_0007_0008.uasset" 10103
"../../../Engine/Content/EngineMaterials/Substrate/Glints2/dict_0007_0003.uasset" 10104
"/Engine/EngineMaterials/Substrate/Glints2/dict_0006_0250" 10105
"/Engine/EngineMaterials/Substrate/Glints2/dict_0006_0249" 10106
"/Engine/EngineMaterials/Substrate/Glints2/dict_0006_0248" 10107
"/Engine/EngineMaterials/Substrate/Glints2/dict_0006_0246" 10108
"/Engine/EngineMaterials/Substrate/Glints2/dict_0006_0245" 10109
"/Engine/EngineMaterials/Substrate/Glints2/dict_0006_0244" 10110
"/Engine/EngineMaterials/Substrate/Glints2/dict_0006_0239" 10111
"/Engine/EngineMaterials/Substrate/Glints2/dict_0006_0238" 10112
"/Engine/EngineMaterials/Substrate/Glints2/dict_0006_0237" 10113
"/Engine/EngineMaterials/Substrate/Glints2/dict_0006_0236" 10114
"/Engine/EngineMaterials/Substrate/Glints2/dict_0006_0241" 10115
"/Engine/EngineMaterials/Substrate/Glints2/dict_0006_0235" 10116
"/Engine/EngineMaterials/Substrate/Glints2/dict_0006_0234" 10117
"../../../Engine/Content/EngineMaterials/Substrate/Glints2/dict_0007_0011.uasset" 10118
"../../../Engine/Content/EngineMaterials/Substrate/Glints2/dict_0007_0010.uasset" 10119
"../../../Engine/Content/EngineMaterials/Substrate/Glints2/dict_0007_0012.uasset" 10120
"../../../Engine/Content/EngineMaterials/Substrate/Glints2/dict_0007_0014.uasset" 10121
"../../../Engine/Content/EngineMaterials/Substrate/Glints2/dict_0007_0015.uasset" 10122
"../../../Engine/Content/EngineMaterials/Substrate/Glints2/dict_0007_0017.uasset" 10123
"../../../Engine/Content/EngineMaterials/Substrate/Glints2/dict_0007_0019.uasset" 10124
"../../../Engine/Content/EngineMaterials/Substrate/Glints2/dict_0007_0020.uasset" 10125
"../../../Engine/Content/EngineMaterials/Substrate/Glints2/dict_0007_0021.uasset" 10126
"../../../Engine/Content/EngineMaterials/Substrate/Glints2/dict_0007_0022.uasset" 10127
"/Engine/EngineMaterials/Substrate/Glints2/dict_0007_0009" 10128
"../../../Engine/Content/EngineMaterials/Substrate/Glints2/dict_0007_0013.uasset" 10129
"../../../Engine/Content/EngineMaterials/Substrate/Glints2/dict_0007_0023.uasset" 10130
"../../../Engine/Content/EngineMaterials/Substrate/Glints2/dict_0007_0016.uasset" 10131
"../../../Engine/Content/EngineMaterials/Substrate/Glints2/dict_0007_0018.uasset" 10132
"/Engine/EngineMaterials/Substrate/Glints2/dict_0007_0008" 10133
"/Engine/EngineMaterials/Substrate/Glints2/dict_0007_0007" 10134
"/Engine/EngineMaterials/Substrate/Glints2/dict_0007_0006" 10135
"/Engine/EngineMaterials/Substrate/Glints2/dict_0007_0005" 10136
"/Engine/EngineMaterials/Substrate/Glints2/dict_0007_0004" 10137
"/Engine/EngineMaterials/Substrate/Glints2/dict_0007_0003" 10138
"/Engine/EngineMaterials/Substrate/Glints2/dict_0007_0002" 10139
"/Engine/EngineMaterials/Substrate/Glints2/dict_0007_0001" 10140
"/Engine/EngineMaterials/Substrate/Glints2/dict_0007_0000" 10141
"/Engine/EngineMaterials/Substrate/Glints2/dict_0006_0255" 10142
"/Engine/EngineMaterials/Substrate/Glints2/dict_0006_0254" 10143
"/Engine/EngineMaterials/Substrate/Glints2/dict_0006_0253" 10144
"/Engine/EngineMaterials/Substrate/Glints2/dict_0006_0252" 10145
"/Engine/EngineMaterials/Substrate/Glints2/dict_0006_0251" 10146
"/Engine/EngineMaterials/Substrate/Glints2/dict_0006_0247" 10147
"/Engine/EngineMaterials/Substrate/Glints2/dict_0006_0243" 10148
"/Engine/EngineMaterials/Substrate/Glints2/dict_0006_0242" 10149
"/Engine/EngineMaterials/Substrate/Glints2/dict_0007_0012" 10150
"/Engine/EngineMaterials/Substrate/Glints2/dict_0007_0011" 10151
"/Engine/EngineMaterials/Substrate/Glints2/dict_0007_0010" 10152
"../../../Engine/Content/EngineMaterials/Substrate/Glints2/dict_0007_0026.uasset" 10153
"../../../Engine/Content/EngineMaterials/Substrate/Glints2/dict_0007_0028.uasset" 10154
"../../../Engine/Content/EngineMaterials/Substrate/Glints2/dict_0007_0025.uasset" 10155
"../../../Engine/Content/EngineMaterials/Substrate/Glints2/dict_0007_0029.uasset" 10156
"../../../Engine/Content/EngineMaterials/Substrate/Glints2/dict_0007_0031.uasset" 10157
"../../../Engine/Content/EngineMaterials/Substrate/Glints2/dict_0007_0030.uasset" 10158
"../../../Engine/Content/EngineMaterials/Substrate/Glints2/dict_0007_0032.uasset" 10159
"../../../Engine/Content/EngineMaterials/Substrate/Glints2/dict_0007_0033.uasset" 10160
"../../../Engine/Content/EngineMaterials/Substrate/Glints2/dict_0007_0038.uasset" 10161
"../../../Engine/Content/EngineMaterials/Substrate/Glints2/dict_0007_0036.uasset" 10162
"../../../Engine/Content/EngineMaterials/Substrate/Glints2/dict_0007_0040.uasset" 10163
"../../../Engine/Content/EngineMaterials/Substrate/Glints2/dict_0007_0027.uasset" 10164
"../../../Engine/Content/EngineMaterials/Substrate/Glints2/dict_0007_0034.uasset" 10165
"../../../Engine/Content/EngineMaterials/Substrate/Glints2/dict_0007_0041.uasset" 10166
"../../../Engine/Content/EngineMaterials/Substrate/Glints2/dict_0007_0042.uasset" 10167
"../../../Engine/Content/EngineMaterials/Substrate/Glints2/dict_0007_0035.uasset" 10168
"../../../Engine/Content/EngineMaterials/Substrate/Glints2/dict_0007_0043.uasset" 10169
"/Engine/EngineMaterials/Substrate/Glints2/dict_0007_0023" 10170
"../../../Engine/Content/EngineMaterials/Substrate/Glints2/dict_0007_0044.uasset" 10171
"../../../Engine/Content/EngineMaterials/Substrate/Glints2/dict_0007_0024.uasset" 10172
"../../../Engine/Content/EngineMaterials/Substrate/Glints2/dict_0007_0037.uasset" 10173
"../../../Engine/Content/EngineMaterials/Substrate/Glints2/dict_0007_0039.uasset" 10174
"/Engine/EngineMaterials/Substrate/Glints2/dict_0007_0032" 10175
"/Engine/EngineMaterials/Substrate/Glints2/dict_0007_0031" 10176
"/Engine/EngineMaterials/Substrate/Glints2/dict_0007_0030" 10177
"/Engine/EngineMaterials/Substrate/Glints2/dict_0007_0022" 10178
"/Engine/EngineMaterials/Substrate/Glints2/dict_0007_0021" 10179
"/Engine/EngineMaterials/Substrate/Glints2/dict_0007_0020" 10180
"/Engine/EngineMaterials/Substrate/Glints2/dict_0007_0029" 10181
"/Engine/EngineMaterials/Substrate/Glints2/dict_0007_0019" 10182
"/Engine/EngineMaterials/Substrate/Glints2/dict_0007_0018" 10183
"/Engine/EngineMaterials/Substrate/Glints2/dict_0007_0017" 10184
"/Engine/EngineMaterials/Substrate/Glints2/dict_0007_0016" 10185
"/Engine/EngineMaterials/Substrate/Glints2/dict_0007_0015" 10186
"/Engine/EngineMaterials/Substrate/Glints2/dict_0007_0028" 10187
"/Engine/EngineMaterials/Substrate/Glints2/dict_0007_0014" 10188
"/Engine/EngineMaterials/Substrate/Glints2/dict_0007_0013" 10189
"/Engine/EngineMaterials/Substrate/Glints2/dict_0007_0026" 10190
"/Engine/EngineMaterials/Substrate/Glints2/dict_0007_0025" 10191
"../../../Engine/Content/EngineMaterials/Substrate/Glints2/dict_0007_0045.uasset" 10192
"../../../Engine/Content/EngineMaterials/Substrate/Glints2/dict_0007_0049.uasset" 10193
"../../../Engine/Content/EngineMaterials/Substrate/Glints2/dict_0007_0048.uasset" 10194
"../../../Engine/Content/EngineMaterials/Substrate/Glints2/dict_0007_0050.uasset" 10195
"../../../Engine/Content/EngineMaterials/Substrate/Glints2/dict_0007_0051.uasset" 10196
"../../../Engine/Content/EngineMaterials/Substrate/Glints2/dict_0007_0053.uasset" 10197
"../../../Engine/Content/EngineMaterials/Substrate/Glints2/dict_0007_0052.uasset" 10198
"../../../Engine/Content/EngineMaterials/Substrate/Glints2/dict_0007_0056.uasset" 10199
"../../../Engine/Content/EngineMaterials/Substrate/Glints2/dict_0007_0057.uasset" 10200
"../../../Engine/Content/EngineMaterials/Substrate/Glints2/dict_0007_0058.uasset" 10201
"../../../Engine/Content/EngineMaterials/Substrate/Glints2/dict_0007_0059.uasset" 10202
"../../../Engine/Content/EngineMaterials/Substrate/Glints2/dict_0007_0047.uasset" 10203
"../../../Engine/Content/EngineMaterials/Substrate/Glints2/dict_0007_0060.uasset" 10204
"../../../Engine/Content/EngineMaterials/Substrate/Glints2/dict_0007_0055.uasset" 10205
"../../../Engine/Content/EngineMaterials/Substrate/Glints2/dict_0007_0054.uasset" 10206
"/Engine/EngineMaterials/Substrate/Glints2/dict_0007_0044" 10207
"../../../Engine/Content/EngineMaterials/Substrate/Glints2/dict_0007_0062.uasset" 10208
"../../../Engine/Content/EngineMaterials/Substrate/Glints2/dict_0007_0046.uasset" 10209
"../../../Engine/Content/EngineMaterials/Substrate/Glints2/dict_0007_0061.uasset" 10210
"/Engine/EngineMaterials/Substrate/Glints2/dict_0007_0043" 10211
"/Engine/EngineMaterials/Substrate/Glints2/dict_0007_0042" 10212
"/Engine/EngineMaterials/Substrate/Glints2/dict_0007_0041" 10213
"/Engine/EngineMaterials/Substrate/Glints2/dict_0007_0040" 10214
"/Engine/EngineMaterials/Substrate/Glints2/dict_0007_0039" 10215
"/Engine/EngineMaterials/Substrate/Glints2/dict_0007_0038" 10216
"/Engine/EngineMaterials/Substrate/Glints2/dict_0007_0037" 10217
"/Engine/EngineMaterials/Substrate/Glints2/dict_0007_0036" 10218
"/Engine/EngineMaterials/Substrate/Glints2/dict_0007_0035" 10219
"/Engine/EngineMaterials/Substrate/Glints2/dict_0007_0034" 10220
"/Engine/EngineMaterials/Substrate/Glints2/dict_0007_0033" 10221
"/Engine/EngineMaterials/Substrate/Glints2/dict_0007_0051" 10222
"/Engine/EngineMaterials/Substrate/Glints2/dict_0007_0050" 10223
"/Engine/EngineMaterials/Substrate/Glints2/dict_0007_0049" 10224
"/Engine/EngineMaterials/Substrate/Glints2/dict_0007_0027" 10225
"/Engine/EngineMaterials/Substrate/Glints2/dict_0007_0048" 10226
"/Engine/EngineMaterials/Substrate/Glints2/dict_0007_0045" 10227
"/Engine/EngineMaterials/Substrate/Glints2/dict_0007_0024" 10228
"../../../Engine/Content/EngineMaterials/Substrate/Glints2/dict_0007_0067.uasset" 10229
"../../../Engine/Content/EngineMaterials/Substrate/Glints2/dict_0007_0063.uasset" 10230
"../../../Engine/Content/EngineMaterials/Substrate/Glints2/dict_0007_0064.uasset" 10231
"../../../Engine/Content/EngineMaterials/Substrate/Glints2/dict_0007_0068.uasset" 10232
"../../../Engine/Content/EngineMaterials/Substrate/Glints2/dict_0007_0069.uasset" 10233
"../../../Engine/Content/EngineMaterials/Substrate/Glints2/dict_0007_0070.uasset" 10234
"../../../Engine/Content/EngineMaterials/Substrate/Glints2/dict_0007_0071.uasset" 10235
"../../../Engine/Content/EngineMaterials/Substrate/Glints2/dict_0007_0074.uasset" 10236
"../../../Engine/Content/EngineMaterials/Substrate/Glints2/dict_0007_0073.uasset" 10237
"../../../Engine/Content/EngineMaterials/Substrate/Glints2/dict_0007_0072.uasset" 10238
"../../../Engine/Content/EngineMaterials/Substrate/Glints2/dict_0007_0075.uasset" 10239
"../../../Engine/Content/EngineMaterials/Substrate/Glints2/dict_0007_0077.uasset" 10240
"../../../Engine/Content/EngineMaterials/Substrate/Glints2/dict_0007_0076.uasset" 10241
"../../../Engine/Content/EngineMaterials/Substrate/Glints2/dict_0007_0079.uasset" 10242
"/Engine/EngineMaterials/Substrate/Glints2/dict_0007_0062" 10243
"../../../Engine/Content/EngineMaterials/Substrate/Glints2/dict_0007_0080.uasset" 10244
"../../../Engine/Content/EngineMaterials/Substrate/Glints2/dict_0007_0078.uasset" 10245
"../../../Engine/Content/EngineMaterials/Substrate/Glints2/dict_0007_0066.uasset" 10246
"../../../Engine/Content/EngineMaterials/Substrate/Glints2/dict_0007_0081.uasset" 10247
"../../../Engine/Content/EngineMaterials/Substrate/Glints2/dict_0007_0065.uasset" 10248
"/Engine/EngineMaterials/Substrate/Glints2/dict_0007_0061" 10249
"/Engine/EngineMaterials/Substrate/Glints2/dict_0007_0060" 10250
"/Engine/EngineMaterials/Substrate/Glints2/dict_0007_0059" 10251
"/Engine/EngineMaterials/Substrate/Glints2/dict_0007_0058" 10252
"/Engine/EngineMaterials/Substrate/Glints2/dict_0007_0057" 10253
"/Engine/EngineMaterials/Substrate/Glints2/dict_0007_0056" 10254
"/Engine/EngineMaterials/Substrate/Glints2/dict_0007_0055" 10255
"/Engine/EngineMaterials/Substrate/Glints2/dict_0007_0054" 10256
"/Engine/EngineMaterials/Substrate/Glints2/dict_0007_0053" 10257
"/Engine/EngineMaterials/Substrate/Glints2/dict_0007_0052" 10258
"/Engine/EngineMaterials/Substrate/Glints2/dict_0007_0069" 10259
"/Engine/EngineMaterials/Substrate/Glints2/dict_0007_0068" 10260
"/Engine/EngineMaterials/Substrate/Glints2/dict_0007_0067" 10261
"/Engine/EngineMaterials/Substrate/Glints2/dict_0007_0047" 10262
"/Engine/EngineMaterials/Substrate/Glints2/dict_0007_0046" 10263
"/Engine/EngineMaterials/Substrate/Glints2/dict_0007_0064" 10264
"/Engine/EngineMaterials/Substrate/Glints2/dict_0007_0063" 10265
"../../../Engine/Content/EngineMaterials/Substrate/Glints2/dict_0007_0082.uasset" 10266
"../../../Engine/Content/EngineMaterials/Substrate/Glints2/dict_0007_0084.uasset" 10267
"../../../Engine/Content/EngineMaterials/Substrate/Glints2/dict_0007_0085.uasset" 10268
"../../../Engine/Content/EngineMaterials/Substrate/Glints2/dict_0007_0083.uasset" 10269
"../../../Engine/Content/EngineMaterials/Substrate/Glints2/dict_0007_0086.uasset" 10270
"../../../Engine/Content/EngineMaterials/Substrate/Glints2/dict_0007_0091.uasset" 10271
"../../../Engine/Content/EngineMaterials/Substrate/Glints2/dict_0007_0089.uasset" 10272
"../../../Engine/Content/EngineMaterials/Substrate/Glints2/dict_0007_0087.uasset" 10273
"../../../Engine/Content/EngineMaterials/Substrate/Glints2/dict_0007_0092.uasset" 10274
"../../../Engine/Content/EngineMaterials/Substrate/Glints2/dict_0007_0093.uasset" 10275
"../../../Engine/Content/EngineMaterials/Substrate/Glints2/dict_0007_0094.uasset" 10276
"../../../Engine/Content/EngineMaterials/Substrate/Glints2/dict_0007_0095.uasset" 10277
"../../../Engine/Content/EngineMaterials/Substrate/Glints2/dict_0007_0096.uasset" 10278
"../../../Engine/Content/EngineMaterials/Substrate/Glints2/dict_0007_0097.uasset" 10279
"/Engine/EngineMaterials/Substrate/Glints2/dict_0007_0081" 10280
"../../../Engine/Content/EngineMaterials/Substrate/Glints2/dict_0007_0099.uasset" 10281
"../../../Engine/Content/EngineMaterials/Substrate/Glints2/dict_0007_0090.uasset" 10282
"../../../Engine/Content/EngineMaterials/Substrate/Glints2/dict_0007_0098.uasset" 10283
"../../../Engine/Content/EngineMaterials/Substrate/Glints2/dict_0007_0088.uasset" 10284
"/Engine/EngineMaterials/Substrate/Glints2/dict_0007_0080" 10285
"/Engine/EngineMaterials/Substrate/Glints2/dict_0007_0079" 10286
"/Engine/EngineMaterials/Substrate/Glints2/dict_0007_0078" 10287
"/Engine/EngineMaterials/Substrate/Glints2/dict_0007_0077" 10288
"/Engine/EngineMaterials/Substrate/Glints2/dict_0007_0076" 10289
"/Engine/EngineMaterials/Substrate/Glints2/dict_0007_0075" 10290
"/Engine/EngineMaterials/Substrate/Glints2/dict_0007_0074" 10291
"/Engine/EngineMaterials/Substrate/Glints2/dict_0007_0073" 10292
"/Engine/EngineMaterials/Substrate/Glints2/dict_0007_0072" 10293
"/Engine/EngineMaterials/Substrate/Glints2/dict_0007_0071" 10294
"/Engine/EngineMaterials/Substrate/Glints2/dict_0007_0070" 10295
"/Engine/EngineMaterials/Substrate/Glints2/dict_0007_0066" 10296
"/Engine/EngineMaterials/Substrate/Glints2/dict_0007_0065" 10297
"/Engine/EngineMaterials/Substrate/Glints2/dict_0007_0085" 10298
"/Engine/EngineMaterials/Substrate/Glints2/dict_0007_0084" 10299
"/Engine/EngineMaterials/Substrate/Glints2/dict_0007_0083" 10300
"/Engine/EngineMaterials/Substrate/Glints2/dict_0007_0082" 10301
"../../../Engine/Content/EngineMaterials/Substrate/Glints2/dict_0007_0103.uasset" 10302
"../../../Engine/Content/EngineMaterials/Substrate/Glints2/dict_0007_0102.uasset" 10303
"../../../Engine/Content/EngineMaterials/Substrate/Glints2/dict_0007_0104.uasset" 10304
"../../../Engine/Content/EngineMaterials/Substrate/Glints2/dict_0007_0107.uasset" 10305
"../../../Engine/Content/EngineMaterials/Substrate/Glints2/dict_0007_0106.uasset" 10306
"../../../Engine/Content/EngineMaterials/Substrate/Glints2/dict_0007_0108.uasset" 10307
"../../../Engine/Content/EngineMaterials/Substrate/Glints2/dict_0007_0114.uasset" 10308
"/Engine/EngineMaterials/Substrate/Glints2/dict_0007_0099" 10309
"../../../Engine/Content/EngineMaterials/Substrate/Glints2/dict_0007_0109.uasset" 10310
"../../../Engine/Content/EngineMaterials/Substrate/Glints2/dict_0007_0100.uasset" 10311
"../../../Engine/Content/EngineMaterials/Substrate/Glints2/dict_0007_0110.uasset" 10312
"../../../Engine/Content/EngineMaterials/Substrate/Glints2/dict_0007_0115.uasset" 10313
"../../../Engine/Content/EngineMaterials/Substrate/Glints2/dict_0007_0101.uasset" 10314
"../../../Engine/Content/EngineMaterials/Substrate/Glints2/dict_0007_0117.uasset" 10315
"../../../Engine/Content/EngineMaterials/Substrate/Glints2/dict_0007_0111.uasset" 10316
"../../../Engine/Content/EngineMaterials/Substrate/Glints2/dict_0007_0112.uasset" 10317
"../../../Engine/Content/EngineMaterials/Substrate/Glints2/dict_0007_0113.uasset" 10318
"../../../Engine/Content/EngineMaterials/Substrate/Glints2/dict_0007_0105.uasset" 10319
"../../../Engine/Content/EngineMaterials/Substrate/Glints2/dict_0007_0116.uasset" 10320
"/Engine/EngineMaterials/Substrate/Glints2/dict_0007_0098" 10321
"/Engine/EngineMaterials/Substrate/Glints2/dict_0007_0097" 10322
"/Engine/EngineMaterials/Substrate/Glints2/dict_0007_0096" 10323
"/Engine/EngineMaterials/Substrate/Glints2/dict_0007_0095" 10324
"/Engine/EngineMaterials/Substrate/Glints2/dict_0007_0094" 10325
"/Engine/EngineMaterials/Substrate/Glints2/dict_0007_0093" 10326
"/Engine/EngineMaterials/Substrate/Glints2/dict_0007_0092" 10327
"/Engine/EngineMaterials/Substrate/Glints2/dict_0007_0091" 10328
"/Engine/EngineMaterials/Substrate/Glints2/dict_0007_0090" 10329
"/Engine/EngineMaterials/Substrate/Glints2/dict_0007_0089" 10330
"/Engine/EngineMaterials/Substrate/Glints2/dict_0007_0088" 10331
"/Engine/EngineMaterials/Substrate/Glints2/dict_0007_0087" 10332
"/Engine/EngineMaterials/Substrate/Glints2/dict_0007_0086" 10333
"/Engine/EngineMaterials/Substrate/Glints2/dict_0007_0104" 10334
"/Engine/EngineMaterials/Substrate/Glints2/dict_0007_0103" 10335
"/Engine/EngineMaterials/Substrate/Glints2/dict_0007_0102" 10336
"../../../Engine/Content/EngineMaterials/Substrate/Glints2/dict_0007_0118.uasset" 10337
"../../../Engine/Content/EngineMaterials/Substrate/Glints2/dict_0007_0120.uasset" 10338
"../../../Engine/Content/EngineMaterials/Substrate/Glints2/dict_0007_0122.uasset" 10339
"../../../Engine/Content/EngineMaterials/Substrate/Glints2/dict_0007_0121.uasset" 10340
"../../../Engine/Content/EngineMaterials/Substrate/Glints2/dict_0007_0124.uasset" 10341
"../../../Engine/Content/EngineMaterials/Substrate/Glints2/dict_0007_0125.uasset" 10342
"../../../Engine/Content/EngineMaterials/Substrate/Glints2/dict_0007_0126.uasset" 10343
"../../../Engine/Content/EngineMaterials/Substrate/Glints2/dict_0007_0128.uasset" 10344
"../../../Engine/Content/EngineMaterials/Substrate/Glints2/dict_0007_0123.uasset" 10345
"../../../Engine/Content/EngineMaterials/Substrate/Glints2/dict_0007_0129.uasset" 10346
"../../../Engine/Content/EngineMaterials/Substrate/Glints2/dict_0007_0131.uasset" 10347
"../../../Engine/Content/EngineMaterials/Substrate/Glints2/dict_0007_0130.uasset" 10348
"../../../Engine/Content/EngineMaterials/Substrate/Glints2/dict_0007_0132.uasset" 10349
"../../../Engine/Content/EngineMaterials/Substrate/Glints2/dict_0007_0134.uasset" 10350
"../../../Engine/Content/EngineMaterials/Substrate/Glints2/dict_0007_0133.uasset" 10351
"/Engine/EngineMaterials/Substrate/Glints2/dict_0007_0117" 10352
"../../../Engine/Content/EngineMaterials/Substrate/Glints2/dict_0007_0127.uasset" 10353
"../../../Engine/Content/EngineMaterials/Substrate/Glints2/dict_0007_0119.uasset" 10354
"/Engine/EngineMaterials/Substrate/Glints2/dict_0007_0116" 10355
"/Engine/EngineMaterials/Substrate/Glints2/dict_0007_0115" 10356
"/Engine/EngineMaterials/Substrate/Glints2/dict_0007_0114" 10357
"/Engine/EngineMaterials/Substrate/Glints2/dict_0007_0113" 10358
"/Engine/EngineMaterials/Substrate/Glints2/dict_0007_0112" 10359
"/Engine/EngineMaterials/Substrate/Glints2/dict_0007_0111" 10360
"/Engine/EngineMaterials/Substrate/Glints2/dict_0007_0110" 10361
"/Engine/EngineMaterials/Substrate/Glints2/dict_0007_0109" 10362
"/Engine/EngineMaterials/Substrate/Glints2/dict_0007_0108" 10363
"/Engine/EngineMaterials/Substrate/Glints2/dict_0007_0107" 10364
"/Engine/EngineMaterials/Substrate/Glints2/dict_0007_0106" 10365
"/Engine/EngineMaterials/Substrate/Glints2/dict_0007_0125" 10366
"/Engine/EngineMaterials/Substrate/Glints2/dict_0007_0124" 10367
"/Engine/EngineMaterials/Substrate/Glints2/dict_0007_0122" 10368
"/Engine/EngineMaterials/Substrate/Glints2/dict_0007_0121" 10369
"/Engine/EngineMaterials/Substrate/Glints2/dict_0007_0105" 10370
"/Engine/EngineMaterials/Substrate/Glints2/dict_0007_0120" 10371
"/Engine/EngineMaterials/Substrate/Glints2/dict_0007_0118" 10372
"/Engine/EngineMaterials/Substrate/Glints2/dict_0007_0101" 10373
"/Engine/EngineMaterials/Substrate/Glints2/dict_0007_0100" 10374
"../../../Engine/Content/EngineMaterials/Substrate/Glints2/dict_0007_0135.uasset" 10375
"../../../Engine/Content/EngineMaterials/Substrate/Glints2/dict_0007_0136.uasset" 10376
"../../../Engine/Content/EngineMaterials/Substrate/Glints2/dict_0007_0138.uasset" 10377
"../../../Engine/Content/EngineMaterials/Substrate/Glints2/dict_0007_0137.uasset" 10378
"../../../Engine/Content/EngineMaterials/Substrate/Glints2/dict_0007_0140.uasset" 10379
"../../../Engine/Content/EngineMaterials/Substrate/Glints2/dict_0007_0141.uasset" 10380
"../../../Engine/Content/EngineMaterials/Substrate/Glints2/dict_0007_0143.uasset" 10381
"../../../Engine/Content/EngineMaterials/Substrate/Glints2/dict_0007_0142.uasset" 10382
"../../../Engine/Content/EngineMaterials/Substrate/Glints2/dict_0007_0144.uasset" 10383
"../../../Engine/Content/EngineMaterials/Substrate/Glints2/dict_0007_0145.uasset" 10384
"../../../Engine/Content/EngineMaterials/Substrate/Glints2/dict_0007_0146.uasset" 10385
"../../../Engine/Content/EngineMaterials/Substrate/Glints2/dict_0007_0147.uasset" 10386
"../../../Engine/Content/EngineMaterials/Substrate/Glints2/dict_0007_0148.uasset" 10387
"../../../Engine/Content/EngineMaterials/Substrate/Glints2/dict_0007_0149.uasset" 10388
"../../../Engine/Content/EngineMaterials/Substrate/Glints2/dict_0007_0151.uasset" 10389
"../../../Engine/Content/EngineMaterials/Substrate/Glints2/dict_0007_0152.uasset" 10390
"../../../Engine/Content/EngineMaterials/Substrate/Glints2/dict_0007_0150.uasset" 10391
"../../../Engine/Content/EngineMaterials/Substrate/Glints2/dict_0007_0153.uasset" 10392
"../../../Engine/Content/EngineMaterials/Substrate/Glints2/dict_0007_0154.uasset" 10393
"../../../Engine/Content/EngineMaterials/Substrate/Glints2/dict_0007_0155.uasset" 10394
"/Engine/EngineMaterials/Substrate/Glints2/dict_0007_0134" 10395
"../../../Engine/Content/EngineMaterials/Substrate/Glints2/dict_0007_0139.uasset" 10396
"/Engine/EngineMaterials/Substrate/Glints2/dict_0007_0133" 10397
"/Engine/EngineMaterials/Substrate/Glints2/dict_0007_0132" 10398
"/Engine/EngineMaterials/Substrate/Glints2/dict_0007_0131" 10399
"/Engine/EngineMaterials/Substrate/Glints2/dict_0007_0130" 10400
"/Engine/EngineMaterials/Substrate/Glints2/dict_0007_0129" 10401
"/Engine/EngineMaterials/Substrate/Glints2/dict_0007_0128" 10402
"/Engine/EngineMaterials/Substrate/Glints2/dict_0007_0127" 10403
"/Engine/EngineMaterials/Substrate/Glints2/dict_0007_0126" 10404
"/Engine/EngineMaterials/Substrate/Glints2/dict_0007_0143" 10405
"/Engine/EngineMaterials/Substrate/Glints2/dict_0007_0142" 10406
"/Engine/EngineMaterials/Substrate/Glints2/dict_0007_0123" 10407
"/Engine/EngineMaterials/Substrate/Glints2/dict_0007_0141" 10408
"/Engine/EngineMaterials/Substrate/Glints2/dict_0007_0140" 10409
"/Engine/EngineMaterials/Substrate/Glints2/dict_0007_0138" 10410
"/Engine/EngineMaterials/Substrate/Glints2/dict_0007_0119" 10411
"/Engine/EngineMaterials/Substrate/Glints2/dict_0007_0137" 10412
"/Engine/EngineMaterials/Substrate/Glints2/dict_0007_0136" 10413
"/Engine/EngineMaterials/Substrate/Glints2/dict_0007_0135" 10414
"../../../Engine/Content/EngineMaterials/Substrate/Glints2/dict_0007_0156.uasset" 10415
"../../../Engine/Content/EngineMaterials/Substrate/Glints2/dict_0007_0163.uasset" 10416
"../../../Engine/Content/EngineMaterials/Substrate/Glints2/dict_0007_0159.uasset" 10417
"../../../Engine/Content/EngineMaterials/Substrate/Glints2/dict_0007_0164.uasset" 10418
"../../../Engine/Content/EngineMaterials/Substrate/Glints2/dict_0007_0158.uasset" 10419
"../../../Engine/Content/EngineMaterials/Substrate/Glints2/dict_0007_0161.uasset" 10420
"../../../Engine/Content/EngineMaterials/Substrate/Glints2/dict_0007_0167.uasset" 10421
"../../../Engine/Content/EngineMaterials/Substrate/Glints2/dict_0007_0166.uasset" 10422
"../../../Engine/Content/EngineMaterials/Substrate/Glints2/dict_0007_0157.uasset" 10423
"../../../Engine/Content/EngineMaterials/Substrate/Glints2/dict_0007_0169.uasset" 10424
"../../../Engine/Content/EngineMaterials/Substrate/Glints2/dict_0007_0168.uasset" 10425
"../../../Engine/Content/EngineMaterials/Substrate/Glints2/dict_0007_0170.uasset" 10426
"../../../Engine/Content/EngineMaterials/Substrate/Glints2/dict_0007_0171.uasset" 10427
"../../../Engine/Content/EngineMaterials/Substrate/Glints2/dict_0007_0172.uasset" 10428
"../../../Engine/Content/EngineMaterials/Substrate/Glints2/dict_0007_0165.uasset" 10429
"../../../Engine/Content/EngineMaterials/Substrate/Glints2/dict_0007_0174.uasset" 10430
"/Engine/EngineMaterials/Substrate/Glints2/dict_0007_0155" 10431
"../../../Engine/Content/EngineMaterials/Substrate/Glints2/dict_0007_0162.uasset" 10432
"../../../Engine/Content/EngineMaterials/Substrate/Glints2/dict_0007_0160.uasset" 10433
"../../../Engine/Content/EngineMaterials/Substrate/Glints2/dict_0007_0173.uasset" 10434
"/Engine/EngineMaterials/Substrate/Glints2/dict_0007_0154" 10435
"/Engine/EngineMaterials/Substrate/Glints2/dict_0007_0153" 10436
"/Engine/EngineMaterials/Substrate/Glints2/dict_0007_0152" 10437
"/Engine/EngineMaterials/Substrate/Glints2/dict_0007_0151" 10438
"/Engine/EngineMaterials/Substrate/Glints2/dict_0007_0150" 10439
"/Engine/EngineMaterials/Substrate/Glints2/dict_0007_0149" 10440
"/Engine/EngineMaterials/Substrate/Glints2/dict_0007_0148" 10441
"/Engine/EngineMaterials/Substrate/Glints2/dict_0007_0147" 10442
"/Engine/EngineMaterials/Substrate/Glints2/dict_0007_0146" 10443
"/Engine/EngineMaterials/Substrate/Glints2/dict_0007_0145" 10444
"/Engine/EngineMaterials/Substrate/Glints2/dict_0007_0144" 10445
"/Engine/EngineMaterials/Substrate/Glints2/dict_0007_0164" 10446
"/Engine/EngineMaterials/Substrate/Glints2/dict_0007_0163" 10447
"/Engine/EngineMaterials/Substrate/Glints2/dict_0007_0161" 10448
"/Engine/EngineMaterials/Substrate/Glints2/dict_0007_0139" 10449
"/Engine/EngineMaterials/Substrate/Glints2/dict_0007_0159" 10450
"/Engine/EngineMaterials/Substrate/Glints2/dict_0007_0158" 10451
"/Engine/EngineMaterials/Substrate/Glints2/dict_0007_0156" 10452
"../../../Engine/Content/EngineMaterials/Substrate/Glints2/dict_0007_0176.uasset" 10453
"../../../Engine/Content/EngineMaterials/Substrate/Glints2/dict_0007_0175.uasset" 10454
"../../../Engine/Content/EngineMaterials/Substrate/Glints2/dict_0007_0180.uasset" 10455
"../../../Engine/Content/EngineMaterials/Substrate/Glints2/dict_0007_0178.uasset" 10456
"../../../Engine/Content/EngineMaterials/Substrate/Glints2/dict_0007_0181.uasset" 10457
"../../../Engine/Content/EngineMaterials/Substrate/Glints2/dict_0007_0182.uasset" 10458
"../../../Engine/Content/EngineMaterials/Substrate/Glints2/dict_0007_0183.uasset" 10459
"../../../Engine/Content/EngineMaterials/Substrate/Glints2/dict_0007_0184.uasset" 10460
"/Engine/EngineMaterials/Substrate/Glints2/dict_0007_0174" 10461
"../../../Engine/Content/EngineMaterials/Substrate/Glints2/dict_0007_0179.uasset" 10462
"../../../Engine/Content/EngineMaterials/Substrate/Glints2/dict_0007_0189.uasset" 10463
"../../../Engine/Content/EngineMaterials/Substrate/Glints2/dict_0007_0190.uasset" 10464
"../../../Engine/Content/EngineMaterials/Substrate/Glints2/dict_0007_0185.uasset" 10465
"../../../Engine/Content/EngineMaterials/Substrate/Glints2/dict_0007_0188.uasset" 10466
"../../../Engine/Content/EngineMaterials/Substrate/Glints2/dict_0007_0191.uasset" 10467
"../../../Engine/Content/EngineMaterials/Substrate/Glints2/dict_0007_0177.uasset" 10468
"../../../Engine/Content/EngineMaterials/Substrate/Glints2/dict_0007_0192.uasset" 10469
"../../../Engine/Content/EngineMaterials/Substrate/Glints2/dict_0007_0186.uasset" 10470
"../../../Engine/Content/EngineMaterials/Substrate/Glints2/dict_0007_0187.uasset" 10471
"../../../Engine/Content/EngineMaterials/Substrate/Glints2/dict_0007_0193.uasset" 10472
"/Engine/EngineMaterials/Substrate/Glints2/dict_0007_0173" 10473
"/Engine/EngineMaterials/Substrate/Glints2/dict_0007_0172" 10474
"/Engine/EngineMaterials/Substrate/Glints2/dict_0007_0171" 10475
"/Engine/EngineMaterials/Substrate/Glints2/dict_0007_0170" 10476
"/Engine/EngineMaterials/Substrate/Glints2/dict_0007_0169" 10477
"/Engine/EngineMaterials/Substrate/Glints2/dict_0007_0168" 10478
"/Engine/EngineMaterials/Substrate/Glints2/dict_0007_0167" 10479
"/Engine/EngineMaterials/Substrate/Glints2/dict_0007_0166" 10480
"/Engine/EngineMaterials/Substrate/Glints2/dict_0007_0165" 10481
"/Engine/EngineMaterials/Substrate/Glints2/dict_0007_0162" 10482
"/Engine/EngineMaterials/Substrate/Glints2/dict_0007_0160" 10483
"/Engine/EngineMaterials/Substrate/Glints2/dict_0007_0176" 10484
"/Engine/EngineMaterials/Substrate/Glints2/dict_0007_0157" 10485
"/Engine/EngineMaterials/Substrate/Glints2/dict_0007_0175" 10486
"../../../Engine/Content/EngineMaterials/Substrate/Glints2/dict_0007_0195.uasset" 10487
"../../../Engine/Content/EngineMaterials/Substrate/Glints2/dict_0007_0197.uasset" 10488
"../../../Engine/Content/EngineMaterials/Substrate/Glints2/dict_0007_0199.uasset" 10489
"../../../Engine/Content/EngineMaterials/Substrate/Glints2/dict_0007_0201.uasset" 10490
"../../../Engine/Content/EngineMaterials/Substrate/Glints2/dict_0007_0198.uasset" 10491
"../../../Engine/Content/EngineMaterials/Substrate/Glints2/dict_0007_0202.uasset" 10492
"../../../Engine/Content/EngineMaterials/Substrate/Glints2/dict_0007_0203.uasset" 10493
"../../../Engine/Content/EngineMaterials/Substrate/Glints2/dict_0007_0204.uasset" 10494
"../../../Engine/Content/EngineMaterials/Substrate/Glints2/dict_0007_0205.uasset" 10495
"../../../Engine/Content/EngineMaterials/Substrate/Glints2/dict_0007_0206.uasset" 10496
"/Engine/EngineMaterials/Substrate/Glints2/dict_0007_0193" 10497
"../../../Engine/Content/EngineMaterials/Substrate/Glints2/dict_0007_0208.uasset" 10498
"../../../Engine/Content/EngineMaterials/Substrate/Glints2/dict_0007_0200.uasset" 10499
"../../../Engine/Content/EngineMaterials/Substrate/Glints2/dict_0007_0194.uasset" 10500
"../../../Engine/Content/EngineMaterials/Substrate/Glints2/dict_0007_0196.uasset" 10501
"../../../Engine/Content/EngineMaterials/Substrate/Glints2/dict_0007_0207.uasset" 10502
"/Engine/EngineMaterials/Substrate/Glints2/dict_0007_0192" 10503
"/Engine/EngineMaterials/Substrate/Glints2/dict_0007_0191" 10504
"/Engine/EngineMaterials/Substrate/Glints2/dict_0007_0190" 10505
"/Engine/EngineMaterials/Substrate/Glints2/dict_0007_0189" 10506
"/Engine/EngineMaterials/Substrate/Glints2/dict_0007_0188" 10507
"/Engine/EngineMaterials/Substrate/Glints2/dict_0007_0187" 10508
"/Engine/EngineMaterials/Substrate/Glints2/dict_0007_0186" 10509
"/Engine/EngineMaterials/Substrate/Glints2/dict_0007_0185" 10510
"/Engine/EngineMaterials/Substrate/Glints2/dict_0007_0184" 10511
"/Engine/EngineMaterials/Substrate/Glints2/dict_0007_0183" 10512
"/Engine/EngineMaterials/Substrate/Glints2/dict_0007_0182" 10513
"/Engine/EngineMaterials/Substrate/Glints2/dict_0007_0181" 10514
"/Engine/EngineMaterials/Substrate/Glints2/dict_0007_0180" 10515
"/Engine/EngineMaterials/Substrate/Glints2/dict_0007_0179" 10516
"/Engine/EngineMaterials/Substrate/Glints2/dict_0007_0178" 10517
"/Engine/EngineMaterials/Substrate/Glints2/dict_0007_0197" 10518
"/Engine/EngineMaterials/Substrate/Glints2/dict_0007_0177" 10519
"/Engine/EngineMaterials/Substrate/Glints2/dict_0007_0195" 10520
"../../../Engine/Content/EngineMaterials/Substrate/Glints2/dict_0007_0209.uasset" 10521
"../../../Engine/Content/EngineMaterials/Substrate/Glints2/dict_0007_0213.uasset" 10522
"../../../Engine/Content/EngineMaterials/Substrate/Glints2/dict_0007_0219.uasset" 10523
"../../../Engine/Content/EngineMaterials/Substrate/Glints2/dict_0007_0212.uasset" 10524
"../../../Engine/Content/EngineMaterials/Substrate/Glints2/dict_0007_0210.uasset" 10525
"../../../Engine/Content/EngineMaterials/Substrate/Glints2/dict_0007_0214.uasset" 10526
"../../../Engine/Content/EngineMaterials/Substrate/Glints2/dict_0007_0220.uasset" 10527
"/Engine/EngineMaterials/Substrate/Glints2/dict_0007_0208" 10528
"../../../Engine/Content/EngineMaterials/Substrate/Glints2/dict_0007_0215.uasset" 10529
"../../../Engine/Content/EngineMaterials/Substrate/Glints2/dict_0007_0222.uasset" 10530
"../../../Engine/Content/EngineMaterials/Substrate/Glints2/dict_0007_0217.uasset" 10531
"../../../Engine/Content/EngineMaterials/Substrate/Glints2/dict_0007_0224.uasset" 10532
"../../../Engine/Content/EngineMaterials/Substrate/Glints2/dict_0007_0223.uasset" 10533
"../../../Engine/Content/EngineMaterials/Substrate/Glints2/dict_0007_0225.uasset" 10534
"../../../Engine/Content/EngineMaterials/Substrate/Glints2/dict_0007_0227.uasset" 10535
"../../../Engine/Content/EngineMaterials/Substrate/Glints2/dict_0007_0226.uasset" 10536
"../../../Engine/Content/EngineMaterials/Substrate/Glints2/dict_0007_0218.uasset" 10537
"../../../Engine/Content/EngineMaterials/Substrate/Glints2/dict_0007_0216.uasset" 10538
"../../../Engine/Content/EngineMaterials/Substrate/Glints2/dict_0007_0221.uasset" 10539
"../../../Engine/Content/EngineMaterials/Substrate/Glints2/dict_0007_0211.uasset" 10540
"/Engine/EngineMaterials/Substrate/Glints2/dict_0007_0207" 10541
"/Engine/EngineMaterials/Substrate/Glints2/dict_0007_0206" 10542
"/Engine/EngineMaterials/Substrate/Glints2/dict_0007_0205" 10543
"/Engine/EngineMaterials/Substrate/Glints2/dict_0007_0204" 10544
"/Engine/EngineMaterials/Substrate/Glints2/dict_0007_0203" 10545
"/Engine/EngineMaterials/Substrate/Glints2/dict_0007_0202" 10546
"/Engine/EngineMaterials/Substrate/Glints2/dict_0007_0201" 10547
"/Engine/EngineMaterials/Substrate/Glints2/dict_0007_0200" 10548
"/Engine/EngineMaterials/Substrate/Glints2/dict_0007_0199" 10549
"/Engine/EngineMaterials/Substrate/Glints2/dict_0007_0198" 10550
"/Engine/EngineMaterials/Substrate/Glints2/dict_0007_0196" 10551
"/Engine/EngineMaterials/Substrate/Glints2/dict_0007_0209" 10552
"/Engine/EngineMaterials/Substrate/Glints2/dict_0007_0194" 10553
"../../../Engine/Content/EngineMaterials/Substrate/Glints2/dict_0007_0228.uasset" 10554
"../../../Engine/Content/EngineMaterials/Substrate/Glints2/dict_0007_0229.uasset" 10555
"../../../Engine/Content/EngineMaterials/Substrate/Glints2/dict_0007_0231.uasset" 10556
"../../../Engine/Content/EngineMaterials/Substrate/Glints2/dict_0007_0233.uasset" 10557
"../../../Engine/Content/EngineMaterials/Substrate/Glints2/dict_0007_0232.uasset" 10558
"../../../Engine/Content/EngineMaterials/Substrate/Glints2/dict_0007_0237.uasset" 10559
"../../../Engine/Content/EngineMaterials/Substrate/Glints2/dict_0007_0236.uasset" 10560
"../../../Engine/Content/EngineMaterials/Substrate/Glints2/dict_0007_0238.uasset" 10561
"../../../Engine/Content/EngineMaterials/Substrate/Glints2/dict_0007_0239.uasset" 10562
"../../../Engine/Content/EngineMaterials/Substrate/Glints2/dict_0007_0234.uasset" 10563
"../../../Engine/Content/EngineMaterials/Substrate/Glints2/dict_0007_0241.uasset" 10564
"../../../Engine/Content/EngineMaterials/Substrate/Glints2/dict_0007_0240.uasset" 10565
"../../../Engine/Content/EngineMaterials/Substrate/Glints2/dict_0007_0235.uasset" 10566
"../../../Engine/Content/EngineMaterials/Substrate/Glints2/dict_0007_0230.uasset" 10567
"/Engine/EngineMaterials/Substrate/Glints2/dict_0007_0227" 10568
"/Engine/EngineMaterials/Substrate/Glints2/dict_0007_0226" 10569
"/Engine/EngineMaterials/Substrate/Glints2/dict_0007_0225" 10570
"/Engine/EngineMaterials/Substrate/Glints2/dict_0007_0224" 10571
"/Engine/EngineMaterials/Substrate/Glints2/dict_0007_0223" 10572
"/Engine/EngineMaterials/Substrate/Glints2/dict_0007_0222" 10573
"/Engine/EngineMaterials/Substrate/Glints2/dict_0007_0221" 10574
"/Engine/EngineMaterials/Substrate/Glints2/dict_0007_0220" 10575
"/Engine/EngineMaterials/Substrate/Glints2/dict_0007_0219" 10576
"/Engine/EngineMaterials/Substrate/Glints2/dict_0007_0218" 10577
"/Engine/EngineMaterials/Substrate/Glints2/dict_0007_0217" 10578
"/Engine/EngineMaterials/Substrate/Glints2/dict_0007_0216" 10579
"/Engine/EngineMaterials/Substrate/Glints2/dict_0007_0237" 10580
"/Engine/EngineMaterials/Substrate/Glints2/dict_0007_0233" 10581
"/Engine/EngineMaterials/Substrate/Glints2/dict_0007_0232" 10582
"/Engine/EngineMaterials/Substrate/Glints2/dict_0007_0215" 10583
"/Engine/EngineMaterials/Substrate/Glints2/dict_0007_0214" 10584
"/Engine/EngineMaterials/Substrate/Glints2/dict_0007_0231" 10585
"/Engine/EngineMaterials/Substrate/Glints2/dict_0007_0213" 10586
"/Engine/EngineMaterials/Substrate/Glints2/dict_0007_0212" 10587
"/Engine/EngineMaterials/Substrate/Glints2/dict_0007_0211" 10588
"/Engine/EngineMaterials/Substrate/Glints2/dict_0007_0210" 10589
"/Engine/EngineMaterials/Substrate/Glints2/dict_0007_0229" 10590
"/Engine/EngineMaterials/Substrate/Glints2/dict_0007_0228" 10591
"../../../Engine/Content/EngineMaterials/Substrate/Glints2/dict_0007_0243.uasset" 10592
"../../../Engine/Content/EngineMaterials/Substrate/Glints2/dict_0007_0245.uasset" 10593
"../../../Engine/Content/EngineMaterials/Substrate/Glints2/dict_0007_0246.uasset" 10594
"../../../Engine/Content/EngineMaterials/Substrate/Glints2/dict_0007_0247.uasset" 10595
"../../../Engine/Content/EngineMaterials/Substrate/Glints2/dict_0007_0249.uasset" 10596
"../../../Engine/Content/EngineMaterials/Substrate/Glints2/dict_0007_0250.uasset" 10597
"../../../Engine/Content/EngineMaterials/Substrate/Glints2/dict_0007_0248.uasset" 10598
"../../../Engine/Content/EngineMaterials/Substrate/Glints2/dict_0007_0252.uasset" 10599
"../../../Engine/Content/EngineMaterials/Substrate/Glints2/dict_0007_0253.uasset" 10600
"../../../Engine/Content/EngineMaterials/Substrate/Glints2/dict_0007_0254.uasset" 10601
"../../../Engine/Content/EngineMaterials/Substrate/Glints2/dict_0007_0255.uasset" 10602
"../../../Engine/Content/EngineMaterials/Substrate/Volume/SubstrateSimpleVolumeLUT3D.uasset" 10603
"../../../Engine/Content/EngineMaterials/Substrate/Volume/SubstrateSimpleVolumeLUT2D.uasset" 10604
"../../../Engine/Content/EngineMaterials/Substrate/Glints2/AGlintTex2dArray2.uasset" 10605
"../../../Engine/Content/EngineMaterials/Substrate/Volume/SubstrateSimpleVolumeEnvLUT2D.uasset" 10606
"../../../Engine/Content/EngineMaterials/Substrate/Volume/SubstrateSimpleVolumeEnvLUT3D.uasset" 10607
"../../../Engine/Content/EngineMaterials/DefaultCalibrationColor.uasset" 10608
"../../../Engine/Content/EngineMaterials/DefaultCalibrationGrayscale.uasset" 10609
"/Engine/EngineMaterials/Substrate/Glints2/dict_0007_0241" 10610
"../../../Engine/Content/Functions/MaterialLayerFunctions/MatLayerBlend_OverrideOpacity.uasset" 10611
"../../../Engine/Content/EngineMaterials/Substrate/Glints2/dict_0007_0242.uasset" 10612
"../../../Engine/Content/EngineMaterials/Substrate/Glints2/dict_0007_0244.uasset" 10613
"../../../Engine/Content/EngineMaterials/Substrate/Glints2/dict_0007_0251.uasset" 10614
"../../../Engine/Content/EngineMaterials/PPM_DefaultCalibrationGrayscale.uasset" 10615
"../../../Engine/Content/EngineMaterials/PPM_DefaultCalibrationColor.uasset" 10616
"/Engine/EngineMaterials/Substrate/Glints2/dict_0007_0240" 10617
"/Engine/EngineMaterials/Substrate/Glints2/dict_0007_0239" 10618
"/Engine/EngineMaterials/Substrate/Glints2/dict_0007_0238" 10619
"/Engine/EngineMaterials/Substrate/Glints2/dict_0007_0236" 10620
"/Engine/EngineMaterials/Substrate/Glints2/dict_0007_0235" 10621
"/Engine/EngineMaterials/Substrate/Glints2/dict_0007_0234" 10622
"/Engine/EngineMaterials/Substrate/Glints2/dict_0007_0249" 10623
"/Engine/EngineMaterials/Substrate/Glints2/dict_0007_0247" 10624
"/Engine/EngineMaterials/Substrate/Glints2/dict_0007_0246" 10625
"/Engine/EngineMaterials/Substrate/Glints2/dict_0007_0245" 10626
"/Engine/EngineMaterials/Substrate/Glints2/dict_0007_0230" 10627
"/Engine/EngineMaterials/Substrate/Glints2/dict_0007_0243" 10628
"../../../Engine/Plugins/NNE/NNEDenoiser/Content/NNEDIM_ColorAlbedoNormal_Default.uasset" 10629
"../../../Engine/Plugins/NNE/NNEDenoiser/Content/NNEDIM_HighQuality_Alpha.uasset" 10630
"../../../Engine/Plugins/Interchange/Assets/Content/Functions/MX_Surface.uasset" 10631
"../../../Engine/Plugins/Interchange/Assets/Content/Functions/MX_Displacement.uasset" 10632
"../../../Engine/Plugins/NNE/NNEDenoiser/Content/NNEDTIM_ColorAlbedoNormal_Alpha.uasset" 10633
"../../../Engine/Plugins/NNE/NNEDenoiser/Content/NNEDOM_Output_Alpha.uasset" 10634
"../../../Engine/Plugins/NNE/NNEDenoiser/Content/NNEDTIM_ColorAlbedoNormal_Default.uasset" 10635
"../../../Engine/Plugins/NNE/NNEDenoiser/Content/NNEDIM_ColorAlbedoNormal_Alpha.uasset" 10636
"../../../Engine/Plugins/NNE/NNEDenoiser/Content/NNEDOM_Output_Default.uasset" 10637
"../../../Engine/Plugins/NNE/NNEDenoiser/Content/NNEDTOM_Output_Alpha.uasset" 10638
"../../../Engine/Plugins/NNE/NNEDenoiser/Content/NNEDTOM_Output_Default.uasset" 10639
"../../../Engine/Content/Functions/Engine_MaterialFunctions03/Procedurals/HeightToNormalSmooth.uasset" 10640
"../../../Engine/Plugins/NNE/NNEDenoiser/Content/NNEDIM_HighQuality_Default.uasset" 10641
"/Engine/Functions/MaterialLayerFunctions/MatLayerBlend_OverrideOpacity" 10642
"/Engine/EngineMaterials/PPM_DefaultCalibrationGrayscale" 10643
"/Engine/EngineMaterials/PPM_DefaultCalibrationColor" 10644
"/Engine/EngineMaterials/Substrate/Volume/SubstrateSimpleVolumeEnvLUT3D" 10645
"/Engine/EngineMaterials/Substrate/Volume/SubstrateSimpleVolumeLUT3D" 10646
"/Engine/EngineMaterials/Substrate/Glints2/AGlintTex2dArray2" 10647
"/NNEDenoiser/NNEDTIM_ColorAlbedoNormal_Default" 10648
"/NNEDenoiser/NNEDTIM_ColorAlbedoNormal_Alpha" 10649
"/NNEDenoiser/NNEDOM_Output_Alpha" 10650
"/NNEDenoiser/NNEDIM_HighQuality_Alpha" 10651
"/NNEDenoiser/NNEDIM_ColorAlbedoNormal_Default" 10652
"/NNEDenoiser/NNEDIM_ColorAlbedoNormal_Alpha" 10653
"/InterchangeAssets/Functions/MX_Displacement" 10654
"/InterchangeAssets/Functions/MX_Surface" 10655
"../../../Engine/Plugins/NNE/NNEDenoiser/Content/NNEDT_Oidn2-3_Balanced_Alpha.uasset" 10656
"../../../Engine/Plugins/NNE/NNEDenoiser/Content/NNEDT_Oidn2-3_Balanced.uasset" 10657
"../../../Engine/Plugins/NNE/NNEDenoiser/Content/NNED_Oidn2-3_Balanced.uasset" 10658
"../../../Engine/Plugins/NNE/NNEDenoiser/Content/NNED_Oidn2-3_Balanced_Alpha.uasset" 10659
"../../../Engine/Plugins/NNE/NNEDenoiser/Content/NNED_Oidn2-3_Fast.uasset" 10660
"../../../Engine/Plugins/NNE/NNEDenoiser/Content/NNED_Oidn2-3_Fast_Alpha.uasset" 10661
"../../../Engine/Plugins/NNE/NNEDenoiser/Content/NNED_Oidn2-3_HighQuality.uasset" 10662
"../../../Engine/Plugins/NNE/NNEDenoiser/Content/NNED_Oidn2-3_HighQuality_Alpha.uasset" 10663
"../../../Engine/Plugins/NNE/NNEDenoiser/Content/NNE_oidn2-3-0_rt_hdr_alb_nrm_small__dyn__fp16_opset11_DenoiseAlpha.uasset" 10664
"../../../Engine/Plugins/NNE/NNEDenoiser/Content/NNE_oidn2-3-0_rt_hdr_alb_nrm_small__dyn__fp16_opset11_ForwardAlpha.uasset" 10665
"../../../Engine/Plugins/NNE/NNEDenoiser/Content/NNE_oidn2-3-0_rt_hdr_alb_nrm__dyn__fp16_opset11_DenoiseAlpha.uasset" 10666
"../../../Engine/Plugins/NNE/NNEDenoiser/Content/NNE_oidn2-3-0_rt_hdr_alb_nrm__dyn__fp16_opset11_ForwardAlpha.uasset" 10667
"../../../Engine/Plugins/NNE/NNEDenoiser/Content/NNE_oidn2-3-0_rt_hdr_calb_cnrm_large__dyn__fp16_opset11_DenoiseAlpha.uasset" 10668
"../../../Engine/Plugins/NNE/NNEDenoiser/Content/NNE_oidn2-3-0_rt_hdr_calb_cnrm_large__dyn__fp16_opset11_ForwardAlpha.uasset" 10669
"/NNEDenoiser/NNEDTOM_Output_Default" 10670
"/NNEDenoiser/NNEDTOM_Output_Alpha" 10671
"/NNEDenoiser/NNEDOM_Output_Default" 10672
"/NNEDenoiser/NNEDIM_HighQuality_Default" 10673
"/NNEDenoiser/NNE_oidn2-3-0_rt_hdr_calb_cnrm_large__dyn__fp16_opset11_ForwardAlpha" 10674
"/NNEDenoiser/NNE_oidn2-3-0_rt_hdr_calb_cnrm_large__dyn__fp16_opset11_DenoiseAlpha" 10675
"/NNEDenoiser/NNE_oidn2-3-0_rt_hdr_alb_nrm__dyn__fp16_opset11_ForwardAlpha" 10676
"/NNEDenoiser/NNE_oidn2-3-0_rt_hdr_alb_nrm__dyn__fp16_opset11_DenoiseAlpha" 10677
"/NNEDenoiser/NNE_oidn2-3-0_rt_hdr_alb_nrm_small__dyn__fp16_opset11_ForwardAlpha" 10678
"/NNEDenoiser/NNE_oidn2-3-0_rt_hdr_alb_nrm_small__dyn__fp16_opset11_DenoiseAlpha" 10679
"E:/Epic Games/UE projects/rpg_project/Intermediate/ORTOptimizerPass_Optimized903F7DD74E665A4BF7DFA58129E6AA1E.onnx" 10680
"E:/Epic Games/UE projects/rpg_project/Intermediate/ORTOptimizerPass_Optimized9E04974041F150A293190FBABF371B75.onnx" 10681
"E:/Epic Games/UE projects/rpg_project/Intermediate/ORTOptimizerPass_Optimized38830329462298A978F143A52B08AAB6.onnx" 10682
"E:/Epic Games/UE projects/rpg_project/Intermediate/ORTOptimizerPass_Optimized8C526CE64A1E1E37D4C4C4887F66DD18.onnx" 10683
"E:/Epic Games/UE projects/rpg_project/Intermediate/ORTOptimizerPass_OptimizedF08B08D94551205CBDBD28B9E495570D.onnx" 10684
"E:/Epic Games/UE projects/rpg_project/Intermediate/ORTOptimizerPass_Optimized9FE46934468CB3194FAF84B50D73387E.onnx" 10685
"E:/Epic Games/UE projects/rpg_project/Intermediate/ORTOptimizerPass_Optimized961566344480E024CDC2F7BF37CB8730.onnx" 10686
"E:/Epic Games/UE projects/rpg_project/Intermediate/ORTOptimizerPass_OptimizedF48476E845DEFFFCA2B2A1BFC119B030.onnx" 10687
"E:/Epic Games/UE projects/rpg_project/Intermediate/ORTOptimizerPass_Optimized3FF956094DEEEA7642486DB2EFA5B652.onnx" 10688
"E:/Epic Games/UE projects/rpg_project/Intermediate/ORTOptimizerPass_OptimizedD20FBC9F4F63E1F5F0FF1087610F115A.onnx" 10689
"E:/Epic Games/UE projects/rpg_project/Intermediate/ORTOptimizerPass_Optimized1008F7174F13C03E4710FA9974146766.onnx" 10690
"E:/Epic Games/UE projects/rpg_project/Intermediate/ORTOptimizerPass_Optimized6696EEDE42B6B5414283DCADB4C61AFF.onnx" 10691
"/NNEDenoiser/NNED_Oidn2-3_HighQuality_Alpha" 10692
"/NNEDenoiser/NNED_Oidn2-3_HighQuality" 10693
"/NNEDenoiser/NNED_Oidn2-3_Fast_Alpha" 10694
"/NNEDenoiser/NNED_Oidn2-3_Fast" 10695
"/NNEDenoiser/NNED_Oidn2-3_Balanced_Alpha" 10696
"/NNEDenoiser/NNED_Oidn2-3_Balanced" 10697
"/NNEDenoiser/NNEDT_Oidn2-3_Balanced_Alpha" 10698
"/NNEDenoiser/NNEDT_Oidn2-3_Balanced" 10699
"E:/Epic Games/UE projects/rpg_project/DerivedDataCache/VT/TEXTURE_7C16439390E24F1F9468894FB4D4BC55_VTCHUNK44B429B40BB45A070EB17C1259C28734996A2F49" 10700
"../../../Engine/Content/EditorResources/BSPVertex.uasset" 10701
"../../../Engine/Content/EngineMaterials/DefaultBloomKernel.uasset" 10702
"../../../Engine/Content/EngineResources/Development/ZenLogo_64.uasset" 10703
"../../../Engine/Content/EngineDebugMaterials/DebugEditorMaterial.uasset" 10704
"../../../Engine/Content/EngineMaterials/FastBlueNoise_scalar_128x128x64.uasset" 10705
"../../../Engine/Content/EngineMaterials/FastBlueNoise_scalar_128x128x8.uasset" 10706
"../../../Engine/Content/EngineMaterials/FastBlueNoise_vec2_128x128x64.uasset" 10707
"../../../Engine/Content/EngineMaterials/LTC/Sheen_LTC.uasset" 10708
"../../../Engine/Content/EngineMaterials/EnergyConservation/Sheen_Energy.uasset" 10709
"../../../Engine/Content/EngineMaterials/EnergyConservation/Diffuse_Energy.uasset" 10710
"../../../Engine/Content/EngineSounds/Master.uasset" 10711
"../../../Engine/Content/EngineResources/FilmGrains/Marcie_Grain_v3_128_M2_000.uasset" 10712
"E:/Epic Games/UE projects/rpg_project/DerivedDataCache/VT/TEXTURE_7C16439390E24F1F9468894FB4D4BC55_VTCHUNK967C747FFC357A828288FA05D93CD5DCECDA891B" 10713
"E:/Epic Games/UE projects/rpg_project/DerivedDataCache/VT/TEXTURE_7C16439390E24F1F9468894FB4D4BC55_VTCHUNKC0393DE8C5B4673D99D1BECB92AA8C1F72FEB491" 10714
"E:/Epic Games/UE projects/rpg_project/DerivedDataCache/VT/TEXTURE_7C16439390E24F1F9468894FB4D4BC55_VTCHUNK2A5F9F60441DA258D18B46D59C64D5BAD50E8EE3" 10715
"E:/Epic Games/UE projects/rpg_project/DerivedDataCache/VT/TEXTURE_7C16439390E24F1F9468894FB4D4BC55_VTCHUNK02D4C3BCAD7DFA48AB32B8281FB06B8B83DB6275" 10716
"/Engine/EngineSounds/Master" 10717
"/Engine/EngineMaterials/EnergyConservation/Diffuse_Energy" 10718
"/Engine/EngineMaterials/EnergyConservation/Sheen_Energy" 10719
"/Engine/EngineMaterials/LTC/Sheen_LTC" 10720
"/Engine/EngineMaterials/FastBlueNoise_vec2_128x128x64" 10721
"/Engine/EngineMaterials/FastBlueNoise_scalar_128x128x8" 10722
"/Engine/EngineMaterials/FastBlueNoise_scalar_128x128x64" 10723
"/Engine/EngineDebugMaterials/DebugEditorMaterial" 10724
"/Engine/EngineResources/Development/ZenLogo_64" 10725
"/Engine/EngineResources/FilmGrains/Marcie_Grain_v3_128_M2_000" 10726
"/Engine/EngineMaterials/DefaultBloomKernel" 10727
"/Engine/EditorResources/BSPVertex" 10728
"../../../Engine/Plugins/Interchange/Runtime/Content/Pipelines/DefaultAssetsPipeline.uasset" 10729
"../../../Engine/Plugins/Interchange/Runtime/Content/Pipelines/DefaultGLTFPipeline.uasset" 10730
"../../../Engine/Plugins/Interchange/Runtime/Content/Pipelines/DefaultGLTFAssetsPipeline.uasset" 10731
"../../../Engine/Plugins/Interchange/Runtime/Content/Pipelines/DefaultMaterialXPipeline.uasset" 10732
"../../../Engine/Plugins/Interchange/Runtime/Content/Pipelines/DefaultTexturePipeline.uasset" 10733
"../../../Engine/Plugins/Interchange/Runtime/Content/Pipelines/DefaultSceneLevelPipeline.uasset" 10734
"../../../Engine/Plugins/Interchange/Assets/Content/Functions/MX_SurfaceUnlit.uasset" 10735
"../../../Engine/Plugins/Interchange/Runtime/Content/Pipelines/DefaultGLTFSceneAssetsPipeline.uasset" 10736
"../../../Engine/Plugins/Interchange/Runtime/Content/Pipelines/DefaultSceneAssetsPipeline.uasset" 10737
"../../../Engine/Plugins/Interchange/Assets/Content/Functions/MX_UsdPreviewSurface.uasset" 10738
"../../../Engine/Plugins/Interchange/Assets/Content/Functions/MX_OrenNayarBSDF.uasset" 10739
"../../../Engine/Plugins/Interchange/Assets/Content/Functions/MX_BurleyDiffuseBSDF.uasset" 10740
"../../../Engine/Plugins/Interchange/Assets/Content/Functions/MX_DielectricBSDF.uasset" 10741
"../../../Engine/Plugins/Interchange/Assets/Content/Functions/MX_TranslucentBSDF.uasset" 10742
"/Interchange/Pipelines/DefaultSceneLevelPipeline" 10743
"../../../Engine/Plugins/Interchange/Assets/Content/Functions/MX_SubsurfaceBSDF.uasset" 10744
"../../../Engine/Plugins/Interchange/Assets/Content/Functions/MX_SheenBSDF.uasset" 10745
"../../../Engine/Plugins/Interchange/Assets/Content/Functions/MX_ThinFilmBSDF.uasset" 10746
"../../../Engine/Plugins/Interchange/Assets/Content/Functions/MX_GeneralizedSchlickBSDF.uasset" 10747
"../../../Engine/Plugins/Interchange/Assets/Content/Functions/MX_UniformEDF.uasset" 10748
"../../../Engine/Plugins/Interchange/Runtime/Content/Pipelines/DefaultMaterialPipeline.uasset" 10749
"../../../Engine/Plugins/Interchange/Assets/Content/Functions/MX_ConicalEDF.uasset" 10750
"../../../Engine/Plugins/Interchange/Assets/Content/Functions/MX_MeasuredEDF.uasset" 10751
"../../../Engine/Plugins/Interchange/Assets/Content/Functions/MX_AnisotropicVDF.uasset" 10752
"../../../Engine/Plugins/Interchange/Assets/Content/Functions/MX_AbsorptionVDF.uasset" 10753
"../../../Engine/Plugins/Animation/ControlRig/Content/Controls/ControlRigGizmoMaterial.uasset" 10754
"../../../Engine/Plugins/Interchange/Assets/Content/Functions/MX_ConductorBSDF.uasset" 10755
"/Interchange/Pipelines/DefaultTexturePipeline" 10756
"/Interchange/Pipelines/DefaultGLTFPipeline" 10757
"/Interchange/Pipelines/DefaultGLTFAssetsPipeline" 10758
"/Interchange/Pipelines/DefaultMaterialXPipeline" 10759
"/Interchange/Pipelines/DefaultAssetsPipeline" 10760
"/ControlRig/Controls/ControlRigGizmoMaterial" 10761
"/InterchangeAssets/Functions/MX_AnisotropicVDF" 10762
"/InterchangeAssets/Functions/MX_AbsorptionVDF" 10763
"/InterchangeAssets/Functions/MX_SubsurfaceBSDF" 10764
"/InterchangeAssets/Functions/MX_MeasuredEDF" 10765
"/InterchangeAssets/Functions/MX_ConicalEDF" 10766
"/InterchangeAssets/Functions/MX_UniformEDF" 10767
"/InterchangeAssets/Functions/MX_GeneralizedSchlickBSDF" 10768
"/InterchangeAssets/Functions/MX_ThinFilmBSDF" 10769
"/InterchangeAssets/Functions/MX_SheenBSDF" 10770
"/InterchangeAssets/Functions/MX_TranslucentBSDF" 10771
"/InterchangeAssets/Functions/MX_ConductorBSDF" 10772
"/InterchangeAssets/Functions/MX_BurleyDiffuseBSDF" 10773
"/InterchangeAssets/Functions/MX_DielectricBSDF" 10774
"/InterchangeAssets/Functions/MX_OrenNayarBSDF" 10775
"/InterchangeAssets/Functions/MX_UsdPreviewSurface" 10776
"/InterchangeAssets/Functions/MX_SurfaceUnlit" 10777
"/Interchange/Pipelines/DefaultGLTFSceneAssetsPipeline" 10778
"/Interchange/Pipelines/DefaultSceneAssetsPipeline" 10779
"/Interchange/Pipelines/DefaultMaterialPipeline" 10780
"E:/Epic Games/UE projects/rpg_project/Saved/Cooked/Windows/rpg_project/Metadata/CookedSettings.txt" 10781
